10D100010,duration,,title,,,,,,
10D100020,duration,,title,,,,,,
10D100030,duration,credit,,,,,,,
10D100040,duration,,title,,,,,,
10D100050,duration,credit,,,,,,,
10D100060,duration,,title,,,,,,
10D100070,duration,credit,,,,,,,
10D100080,duration,credit,,,,,,,
10D100090,duration,,title,,,,,,
10D100100,duration,credit,,,,,,,
10D100110,duration,debit,,,,,,,
10D100120,duration,credit,,,,,,,
10D100130,duration,credit,,,,,,,
10D100140,duration,credit,,,,,,,
10D100150,duration,credit,,,,,,,
10D100160,duration,credit,,,,,,,
10D100170,duration,credit,,,,,,,
10D100180,duration,credit,,,,,,,
10D100190,duration,credit,,,,,,,
10D100200,duration,credit,,,,,,,
10D100210,duration,credit,,,,,,,
10D100220,duration,credit,,,,,,,
10D100230,duration,credit,,,,,,,
10D100240,duration,credit,,,,,,,
10D100250,duration,credit,,,,,,,
10D100260,duration,credit,,,,,,,
10D100270,duration,credit,,,,,,,
10D100280,duration,credit,,,,,,,
10D100290,duration,credit,,,,,,,
10D100300,duration,credit,,,,,,,
10D100310,duration,credit,,,,,,,
10D100320,duration,credit,,,,,,,
10D100330,duration,credit,,,,,,,
10D100340,duration,credit,,,,,,,
10D100350,duration,credit,,,,,,,
10D100360,duration,credit,,,,,,,
10D100370,duration,credit,,,,,,,
10D100380,duration,credit,,,,,,,
10D100390,duration,credit,,,,,,,
10D100400,duration,credit,,,,,,,
10D100410,duration,credit,,,,,,,
10D100420,duration,credit,,,,,,,
10D100430,duration,credit,,,,,,,
10D100440,duration,credit,,,,,,,
10D100450,duration,credit,,,,,,,
10D100460,duration,credit,,,,,,,
10D100470,duration,credit,,,,,,,
10D100480,duration,credit,,,,,,,
10D100490,duration,credit,,,,,,,
10D100500,duration,credit,,,,,,,
10D100510,duration,credit,,,,,,,
10D100520,duration,credit,,,,,,,
10D100530,duration,credit,,,,,,,
10D100540,duration,credit,,,,,,,
10D100550,duration,credit,,,,,,,
10D100560,duration,credit,,,,,,,
10D100570,duration,credit,,,,,,,
10D100580,duration,credit,,,,,,,
10D100590,duration,credit,,,,,,,
10D100600,duration,credit,,,,,,,
10D100610,duration,credit,,,,,,,
10D100620,duration,credit,,,,,,,
10D100630,duration,credit,,,,,,,
10D100640,duration,credit,,,,,,,
10D100650,duration,credit,,,,,,,
10D100660,duration,credit,,,,,,,
10D100670,duration,credit,,,,,,,
10D100680,duration,credit,,,,,,,
10D100690,duration,credit,,,,,,,
10D100700,duration,credit,,,,,,,
10D100710,duration,credit,,,,,,,
10D100720,duration,credit,,,,,,,
10D100730,duration,,title,,,,,,
10D100740,duration,credit,,,,,,,
10D100750,duration,credit,,,,,,,
10D100760,duration,credit,,,,,,,
10D100770,duration,credit,,,,,,,
10D100780,duration,credit,,,,,,,
10D100790,duration,credit,,,,,,,
10D100800,duration,credit,,,,,,,
10D100810,duration,credit,,,,,,,
10D100820,duration,credit,,,,,,,
10D100830,duration,credit,,,,,,,
10D100840,duration,credit,,,,,,,
10D100850,duration,credit,,,,,,,
10D100860,duration,credit,,,,,,,
10D100870,duration,credit,,,,,,,
10D100880,duration,credit,,,,,,,
10D100890,duration,credit,,,,,,,
10D100900,duration,credit,,,,,,,
10D100910,duration,credit,,,,,,,
10D100920,duration,credit,,,,,,,
10D100930,duration,credit,,,,,,,
10E100010,duration,,title,,,,,,
10E100020,duration,,title,,,,,,
10E100030,duration,debit,,,,,,,
10E100040,duration,,title,,,,,,
10E100050,duration,debit,,,,,,,
10E100060,duration,,title,,,,,,
10E100070,duration,debit,,,,,,,
10E100080,duration,,title,,,,,,
10E100090,duration,,title,,,,,,
10E100100,duration,debit,,,,,,,
10E100110,duration,debit,,,,,,,
10E100120,duration,credit,,,,,,,
10E100130,duration,debit,,,,,,,
10E100140,duration,credit,,,,,,,
10E100150,duration,debit,,,,,,,
10E100160,duration,credit,,,,,,,
10E100170,duration,debit,,,,,,,
10E100180,duration,debit,,,,,,,
10E100190,duration,debit,,,,,,,
10E100200,duration,debit,,,,,,,
10E100210,duration,,title,,,,,,
10E100220,duration,debit,,,,,,,
10E100230,duration,debit,,,,,,,
10E100240,duration,debit,,,,,,,
10E100250,duration,credit,,,,,,,
10E100260,duration,debit,,,,,,,
10E100270,duration,credit,,,,,,,
10E100280,duration,debit,,,,,,,
10E100290,duration,debit,,,,,,,
10E100300,duration,debit,,,,,,,
10E100310,duration,debit,,,,,,,
10E100320,duration,debit,,,,,,,
10E100330,duration,credit,,,,,,,
10E100340,duration,debit,,,,,,,
10E100350,duration,debit,,,,,,,
10E100360,duration,debit,,,,,,,
10E100370,duration,debit,,,,,,,
10E100380,duration,debit,,,,,,,
10E100390,duration,debit,,,,,,,
10E100400,duration,debit,,,,,,,
10E100410,duration,credit,,,,,,,
10E100420,duration,debit,,,,,,,
10E100430,duration,debit,,,,,,,
10E100440,duration,debit,,,,,,,
10E100450,duration,debit,,,,,,,
10E100460,duration,debit,,,,,,,
10E100470,duration,debit,,,,,,,
10E100480,duration,debit,,,,,,,
10E100490,duration,debit,,,,,,,
10E100500,duration,debit,,,,,,,
10E100510,duration,debit,,,,,,,
10E100520,duration,debit,,,,,,,
10E100530,duration,debit,,,,,,,
10E100540,duration,debit,,,,,,,
10E100550,duration,debit,,,,,,,
10E100560,duration,debit,,,,,,,
10E100570,duration,debit,,,,,,,
10E100580,duration,debit,,,,,,,
10E100590,duration,debit,,,,,,,
10E100600,duration,debit,,,,,,,
10E100610,duration,debit,,,,,,,
10E100620,duration,debit,,,,,,,
10E100630,duration,debit,,,,,,,
10E100640,duration,debit,,,,,,,
10E100650,duration,debit,,,,,,,
10E100660,duration,debit,,,,,,,
10E100670,duration,debit,,,,,,,
10E100680,duration,debit,,,,,,,
10E100690,duration,debit,,,,,,,
10E100700,duration,debit,,,,,,,
10E100710,duration,,title,,,,,,
10E100720,duration,debit,,,,,,,
10E100730,duration,debit,,,,,,,
10E100740,duration,debit,,,,,,,
10E100750,duration,debit,,,,,,,
10E100760,duration,debit,,,,,,,
10E100770,duration,debit,,,,,,,
10E100780,duration,debit,,,,,,,
10E110010,duration,,title,,,,,,
10E110020,duration,debit,,,,,,,
10E110030,duration,debit,,,,,,,
10E110040,duration,debit,,,,,,,
10E110050,duration,debit,,,,,,,
10E110060,duration,debit,,,,,,,
10E110070,duration,debit,,,,,,,
10E110080,duration,debit,,,,,,,
10E110090,duration,debit,,,,,,,
10E110100,duration,debit,,,,,,,
10E110110,duration,debit,,,,,,,
10E110120,duration,debit,,,,,,,
10E110130,duration,debit,,,,,,,
10E110140,duration,debit,,,,,,,
10E110150,duration,debit,,,,,,,
10E110160,duration,debit,,,,,,,
10E110170,duration,debit,,,,,,,
10E110180,duration,debit,,,,,,,
10E110190,duration,debit,,,,,,,
10E110200,duration,debit,,,,,,,
10E110210,duration,debit,,,,,,,
10E110220,duration,debit,,,,,,,
10E110230,duration,debit,,,,,,,
10E110240,duration,debit,,,,,,,
10E110250,duration,debit,,,,,,,
10E110260,duration,debit,,,,,,,
10E110270,duration,debit,,,,,,,
10E110280,duration,debit,,,,,,,
10E110290,duration,debit,,,,,,,
10E110300,duration,debit,,,,,,,
10E110310,duration,debit,,,,,,,
10E110320,duration,debit,,,,,,,
10E110330,duration,debit,,,,,,,
10E110340,duration,,title,,,,,,
10E110350,duration,debit,,,,,,,
10E110360,duration,debit,,,,,,,
10E110370,duration,debit,,,,,,,
10E110380,duration,debit,,,,,,,
10E110390,duration,debit,,,,,,,
10E110400,duration,debit,,,,,,,
10E110410,duration,debit,,,,,,,
10E110420,duration,debit,,,,,,,
10E110430,duration,debit,,,,,,,
10E110440,duration,debit,,,,,,,
10E110450,duration,debit,,,,,,,
10E110460,duration,debit,,,,,,,
10E110470,duration,debit,,,,,,,
10E110480,duration,debit,,,,,,,
10E110490,duration,debit,,,,,,,
10E110500,duration,debit,,,,,,,
10E110510,duration,debit,,,,,,,
10E110520,duration,debit,,,,,,,
10E110530,duration,debit,,,,,,,
10E110540,duration,debit,,,,,,,
10E110550,duration,debit,,,,,,,
10E110560,duration,debit,,,,,,,
10E110570,duration,debit,,,,,,,
10E110580,duration,debit,,,,,,,
10E110590,duration,debit,,,,,,,
10E110600,duration,debit,,,,,,,
10E110610,duration,debit,,,,,,,
10E110620,duration,debit,,,,,,,
10E110630,duration,debit,,,,,,,
10E110640,duration,debit,,,,,,,
10E110650,duration,debit,,,,,,,
10E110660,duration,debit,,,,,,,
10E110670,duration,debit,,,,,,,
10E110680,duration,debit,,,,,,,
10E110690,duration,debit,,,,,,,
10E110700,duration,debit,,,,,,,
10E110710,duration,debit,,,,,,,
10E110720,duration,debit,,,,,,,
10E110730,duration,debit,,,,,,,
10E110740,duration,debit,,,,,,,
10E110750,duration,debit,,,,,,,
10E110760,duration,debit,,,,,,,
10E110770,duration,debit,,,,,,,
10E110780,duration,debit,,,,,,,
10E110790,duration,debit,,,,,,,
10E110800,duration,debit,,,,,,,
10E110810,duration,debit,,,,,,,
10E110820,duration,debit,,,,,,,
10E110830,duration,debit,,,,,,,
10E110840,duration,debit,,,,,,,
10E110850,duration,debit,,,,,,,
10E110860,duration,debit,,,,,,,
10E110870,duration,debit,,,,,,,
10E110880,duration,debit,,,,,,,
10E110890,duration,debit,,,,,,,
10E110900,duration,debit,,,,,,,
10E110910,duration,debit,,,,,,,
10E110920,duration,debit,,,,,,,
10E110930,duration,debit,,,,,,,
10E110940,duration,debit,,,,,,,
10E110950,duration,debit,,,,,,,
10E110960,duration,debit,,,,,,,
10E110970,duration,debit,,,,,,,
10E110980,duration,debit,,,,,,,
10E110990,duration,debit,,,,,,,
10E111000,duration,debit,,,,,,,
10E111010,duration,debit,,,,,,,
10E111020,duration,debit,,,,,,,
10E111030,duration,debit,,,,,,,
10E111040,duration,debit,,,,,,,
10E111050,duration,debit,,,,,,,
10E111060,duration,debit,,,,,,,
10E111070,duration,debit,,,,,,,
10E111080,duration,debit,,,,,,,
10E111090,duration,debit,,,,,,,
10E111100,duration,debit,,,,,,,
10E111110,duration,debit,,,,,,,
10E111120,duration,debit,,,,,,,
10E111130,duration,debit,,,,,,,
10E111140,duration,debit,,,,,,,
10E111150,duration,debit,,,,,,,
10E111160,duration,debit,,,,,,,
10E111170,duration,debit,,,,,,,
10E111180,duration,debit,,,,,,,
10E111190,duration,debit,,,,,,,
10E111200,duration,debit,,,,,,,
10E111210,duration,debit,,,,,,,
10E111220,duration,debit,,,,,,,
10E111230,duration,debit,,,,,,,
10E111240,duration,debit,,,,,,,
10E111250,duration,debit,,,,,,,
10E111260,duration,debit,,,,,,,
10E111270,duration,debit,,,,,,,
10E111280,duration,debit,,,,,,,
10E111290,duration,debit,,,,,,,
10E111300,duration,debit,,,,,,,
10E111310,duration,debit,,,,,,,
10E111320,duration,debit,,,,,,,
10E111330,duration,debit,,,,,,,
10F000010,duration,credit,,,,,,,
10F000020,duration,credit,,,,,,,
10F100010,duration,debit,,,,,,,
10F100020,duration,credit,,,,,,,
10F100030,duration,debit,,,,,,,
10F100040,duration,credit,,,,,,,
10F000030,duration,credit,,,,,,,
10F000040,duration,credit,,,,,,,
10F000050,duration,credit,,,,,,,
10F000060,duration,credit,,,,,,,
10F000070,duration,credit,,,,,,,
10F000080,duration,credit,,,,,,,
10F000090,duration,credit,,,,,,,
10F000100,duration,credit,,,,,,,
10E200010,duration,,title,,,,,,
10E200020,duration,debit,,,,,,,
10E200030,duration,debit,,,,,,,
10E200040,duration,debit,,,,,,,
10E200050,duration,debit,,,,,,,
10E200060,duration,debit,,,,,,,
10E200070,duration,debit,,,,,,,
10E200080,duration,debit,,,,,,,
10E200090,duration,debit,,,,,,,
10E200100,duration,debit,,,,,,,
10E200110,duration,debit,,,,,,,
10E200120,duration,debit,,,,,,,
10E200130,duration,debit,,,,,,,
10E200140,duration,debit,,,,,,,
10E200150,duration,debit,,,,,,,
10E200160,duration,debit,,,,,,,
10E200170,duration,debit,,,,,,,
10E200180,duration,debit,,,,,,,
10E200190,duration,debit,,,,,,,
10E200200,duration,debit,,,,,,,
10E200210,duration,debit,,,,,,,
10E200220,duration,debit,,,,,,,
10E200230,duration,debit,,,,,,,
10E200240,duration,debit,,,,,,,
10E200250,duration,debit,,,,,,,
10E200260,duration,debit,,,,,,,
10E200270,duration,debit,,,,,,,
10E200280,duration,debit,,,,,,,
10E200290,duration,debit,,,,,,,
10E200300,duration,debit,,,,,,,
10E200310,duration,debit,,,,,,,
10E200320,duration,debit,,,,,,,
10E200330,duration,debit,,,,,,,
10E200340,duration,,title,,,,,,
10E200350,duration,debit,,,,,,,
10E200360,duration,debit,,,,,,,
10E200370,duration,debit,,,,,,,
10E200380,duration,debit,,,,,,,
10E200390,duration,debit,,,,,,,
10E200400,duration,debit,,,,,,,
10E200410,duration,debit,,,,,,,
10E200420,duration,debit,,,,,,,
10E200430,duration,debit,,,,,,,
10E200440,duration,debit,,,,,,,
10E200450,duration,debit,,,,,,,
10E200460,duration,debit,,,,,,,
10E200470,duration,debit,,,,,,,
10E200480,duration,debit,,,,,,,
10E200490,duration,debit,,,,,,,
10E200500,duration,debit,,,,,,,
10E200510,duration,debit,,,,,,,
10E200520,duration,debit,,,,,,,
10E200530,duration,debit,,,,,,,
10E200540,duration,debit,,,,,,,
10E200550,duration,debit,,,,,,,
10E200560,duration,debit,,,,,,,
10E200570,duration,debit,,,,,,,
10E200580,duration,debit,,,,,,,
10E200590,duration,debit,,,,,,,
10E200600,duration,debit,,,,,,,
10E200610,duration,debit,,,,,,,
10E200620,duration,debit,,,,,,,
10E200630,duration,debit,,,,,,,
10E200640,duration,debit,,,,,,,
10E200650,duration,debit,,,,,,,
10E200660,duration,debit,,,,,,,
10E200670,duration,debit,,,,,,,
10E200680,duration,debit,,,,,,,
10E200690,duration,debit,,,,,,,
10E200700,duration,debit,,,,,,,
10E200710,duration,debit,,,,,,,
10E200720,duration,debit,,,,,,,
10E200730,duration,debit,,,,,,,
10E200740,duration,debit,,,,,,,
10E200750,duration,debit,,,,,,,
10E200760,duration,debit,,,,,,,
10E200770,duration,debit,,,,,,,
10E200780,duration,debit,,,,,,,
10E200790,duration,debit,,,,,,,
10E200800,duration,debit,,,,,,,
10E200810,duration,debit,,,,,,,
10E200820,duration,debit,,,,,,,
10E200830,duration,debit,,,,,,,
10E200840,duration,debit,,,,,,,
10E200850,duration,debit,,,,,,,
10E200860,duration,debit,,,,,,,
10E200870,duration,debit,,,,,,,
10E200880,duration,debit,,,,,,,
10E200890,duration,debit,,,,,,,
10E200900,duration,debit,,,,,,,
10E200910,duration,debit,,,,,,,
10E200920,duration,debit,,,,,,,
10E200930,duration,debit,,,,,,,
10E200940,duration,debit,,,,,,,
10E200950,duration,debit,,,,,,,
10E200960,duration,debit,,,,,,,
10E200970,duration,debit,,,,,,,
10E200980,duration,debit,,,,,,,
10E200990,duration,debit,,,,,,,
10E201000,duration,debit,,,,,,,
10E201010,duration,debit,,,,,,,
10E201020,duration,debit,,,,,,,
10E201030,duration,debit,,,,,,,
10E201040,duration,debit,,,,,,,
10E201050,duration,debit,,,,,,,
10E201060,duration,debit,,,,,,,
10E201070,duration,debit,,,,,,,
10E201080,duration,debit,,,,,,,
10E201090,duration,debit,,,,,,,
10E201100,duration,debit,,,,,,,
10E201110,duration,debit,,,,,,,
10E201120,duration,debit,,,,,,,
10E201130,duration,debit,,,,,,,
10E201140,duration,debit,,,,,,,
10E201150,duration,debit,,,,,,,
10E201160,duration,debit,,,,,,,
10E201170,duration,debit,,,,,,,
10E201180,duration,debit,,,,,,,
10E201190,duration,debit,,,,,,,
10E201200,duration,debit,,,,,,,
10E201210,duration,debit,,,,,,,
10E201220,duration,debit,,,,,,,
10E201230,duration,debit,,,,,,,
10E201240,duration,debit,,,,,,,
10E201250,duration,debit,,,,,,,
10E201260,duration,debit,,,,,,,
10E201270,duration,debit,,,,,,,
10E201280,duration,debit,,,,,,,
10E201290,duration,debit,,,,,,,
10E201300,duration,debit,,,,,,,
10E201310,duration,debit,,,,,,,
10E201320,duration,debit,,,,,,,
10E201330,duration,debit,,,,,,,
10F000110,duration,credit,,,,,,,
10F000120,duration,credit,,,,,,,
10D200010,duration,,title,,,,,,
10D200020,duration,credit,,,,,,,
10D200030,duration,credit,,,,,,,
10D200040,duration,credit,,,,,,,
10D200050,duration,credit,,,,,,,
10D200060,duration,credit,,,,,,,
10D200070,duration,credit,,,,,,,
10D200080,duration,credit,,,,,,,
10D200090,duration,credit,,,,,,,
10D200100,duration,credit,,,,,,,
10D200110,duration,credit,,,,,,,
10D200120,duration,credit,,,,,,,
10D200130,duration,credit,,,,,,,
10D200140,duration,credit,,,,,,,
10D200150,duration,credit,,,,,,,
10D200160,duration,credit,,,,,,,
10D200170,duration,credit,,,,,,,
10D200180,duration,credit,,,,,,,
10D200190,duration,credit,,,,,,,
10D200200,duration,credit,,,,,,,
10D200210,duration,credit,,,,,,,
10D200220,duration,credit,,,,,,,
10D200230,duration,credit,,,,,,,
10D200240,duration,credit,,,,,,,
10D200250,duration,credit,,,,,,,
10D200260,duration,credit,,,,,,,
10D200270,duration,credit,,,,,,,
10D200280,duration,credit,,,,,,,
10D200290,duration,credit,,,,,,,
10D200300,duration,credit,,,,,,,
10D200310,duration,credit,,,,,,,
10D200320,duration,credit,,,,,,,
10D200330,duration,credit,,,,,,,
10D200340,duration,credit,,,,,,,
10D200350,duration,credit,,,,,,,
10D200360,duration,credit,,,,,,,
10D200370,duration,credit,,,,,,,
10D200380,duration,credit,,,,,,,
10D200390,duration,credit,,,,,,,
10D200400,duration,credit,,,,,,,
10D200410,duration,credit,,,,,,,
10D200420,duration,credit,,,,,,,
10D200430,duration,credit,,,,,,,
10D200440,duration,credit,,,,,,,
10D200450,duration,credit,,,,,,,
10D200460,duration,credit,,,,,,,
10D200470,duration,credit,,,,,,,
10D200480,duration,credit,,,,,,,
10D200490,duration,credit,,,,,,,
10D200500,duration,credit,,,,,,,
10D200510,duration,credit,,,,,,,
10D200520,duration,credit,,,,,,,
10D200530,duration,credit,,,,,,,
10D200540,duration,credit,,,,,,,
10D200550,duration,credit,,,,,,,
10D200560,duration,credit,,,,,,,
10D200570,duration,credit,,,,,,,
10D200580,duration,credit,,,,,,,
10D200590,duration,credit,,,,,,,
10D200600,duration,credit,,,,,,,
10D200610,duration,credit,,,,,,,
10D200620,duration,credit,,,,,,,
10D200630,duration,credit,,,,,,,
10D200640,duration,credit,,,,,,,
10D200650,duration,credit,,,,,,,
10D200660,duration,credit,,,,,,,
10D200670,duration,credit,,,,,,,
10D200680,duration,credit,,,,,,,
10D200690,duration,credit,,,,,,,
10D200700,duration,credit,,,,,,,
10D200710,duration,credit,,,,,,,
10D200720,duration,credit,,,,,,,
10D200730,duration,credit,,,,,,,
10D200740,duration,credit,,,,,,,
10E300010,duration,,title,,,,,,
10E300020,duration,debit,,,,,,,
10E300030,duration,debit,,,,,,,
10E300040,duration,debit,,,,,,,
10E300050,duration,debit,,,,,,,
10E300060,duration,debit,,,,,,,
10E300070,duration,debit,,,,,,,
10E300080,duration,debit,,,,,,,
10E300090,duration,debit,,,,,,,
10E300100,duration,debit,,,,,,,
10E300110,duration,debit,,,,,,,
10E300120,duration,debit,,,,,,,
10E300130,duration,debit,,,,,,,
10E300140,duration,debit,,,,,,,
10E300150,duration,debit,,,,,,,
10E300160,duration,debit,,,,,,,
10E300170,duration,debit,,,,,,,
10E300180,duration,debit,,,,,,,
10E300190,duration,debit,,,,,,,
10E300200,duration,debit,,,,,,,
10E300210,duration,debit,,,,,,,
10E300220,duration,debit,,,,,,,
10E300230,duration,debit,,,,,,,
10E300240,duration,debit,,,,,,,
10E300250,duration,debit,,,,,,,
10E300260,duration,debit,,,,,,,
10E300270,duration,debit,,,,,,,
10E300280,duration,debit,,,,,,,
10E300290,duration,debit,,,,,,,
10E300300,duration,debit,,,,,,,
10E300310,duration,debit,,,,,,,
10E300320,duration,debit,,,,,,,
10E300330,duration,debit,,,,,,,
10E300340,duration,debit,,,,,,,
10E300350,duration,debit,,,,,,,
10E300360,duration,debit,,,,,,,
10E300370,duration,debit,,,,,,,
10E300380,duration,debit,,,,,,,
10E300390,duration,debit,,,,,,,
10E300400,duration,debit,,,,,,,
10E300410,duration,debit,,,,,,,
10E300420,duration,debit,,,,,,,
10E300430,duration,debit,,,,,,,
10E300440,duration,debit,,,,,,,
10E300450,duration,debit,,,,,,,
10E300460,duration,debit,,,,,,,
10E300470,duration,debit,,,,,,,
10E300480,duration,debit,,,,,,,
10E300490,duration,debit,,,,,,,
10E300500,duration,debit,,,,,,,
10E300510,duration,debit,,,,,,,
10E300520,duration,debit,,,,,,,
10E300530,duration,debit,,,,,,,
10E300540,duration,debit,,,,,,,
10E300550,duration,debit,,,,,,,
10E300560,duration,debit,,,,,,,
10E300570,duration,debit,,,,,,,
10E300580,duration,debit,,,,,,,
10E300590,duration,debit,,,,,,,
10E300600,duration,debit,,,,,,,
10E300610,duration,debit,,,,,,,
10E300620,duration,debit,,,,,,,
10E300630,duration,debit,,,,,,,
10E300640,duration,debit,,,,,,,
10E300650,duration,debit,,,,,,,
10E300660,duration,debit,,,,,,,
10E300670,duration,debit,,,,,,,
10E300680,duration,debit,,,,,,,
10E300690,duration,debit,,,,,,,
10E300700,duration,debit,,,,,,,
10E300710,duration,debit,,,,,,,
10E300720,duration,debit,,,,,,,
10E300730,duration,debit,,,,,,,
10E300740,duration,debit,,,,,,,
10E300750,duration,debit,,,,,,,
10E300760,duration,debit,,,,,,,
10E300770,duration,debit,,,,,,,
10E300780,duration,debit,,,,,,,
10E300790,duration,debit,,,,,,,
10E300800,duration,debit,,,,,,,
10E300810,duration,debit,,,,,,,
10E300820,duration,debit,,,,,,,
10E300830,duration,debit,,,,,,,
10E300840,duration,debit,,,,,,,
10E300850,duration,debit,,,,,,,
10E300860,duration,debit,,,,,,,
10E300870,duration,debit,,,,,,,
10E300880,duration,debit,,,,,,,
10E300890,duration,debit,,,,,,,
10E300900,duration,debit,,,,,,,
10E300910,duration,debit,,,,,,,
10F000130,duration,credit,,,,,,,
10D300010,duration,,title,,,,,,
10D300020,duration,credit,,,,,,,
10D300030,duration,credit,,,,,,,
10D300040,duration,credit,,,,,,,
10D300050,duration,credit,,,,,,,
10D300060,duration,credit,,,,,,,
10D300070,duration,credit,,,,,,,
10D300080,duration,credit,,,,,,,
10D300090,duration,credit,,,,,,,
10D300100,duration,credit,,,,,,,
10D300110,duration,credit,,,,,,,
10D300120,duration,credit,,,,,,,
10D300130,duration,credit,,,,,,,
10D300140,duration,credit,,,,,,,
10D300150,duration,credit,,,,,,,
10D300160,duration,credit,,,,,,,
10D300170,duration,credit,,,,,,,
10D300180,duration,credit,,,,,,,
10D300190,duration,credit,,,,,,,
10D300200,duration,credit,,,,,,,
10D300210,duration,credit,,,,,,,
10D300220,duration,credit,,,,,,,
10D300230,duration,credit,,,,,,,
10D300240,duration,credit,,,,,,,
10D300250,duration,credit,,,,,,,
10D300260,duration,credit,,,,,,,
10D300270,duration,credit,,,,,,,
10D300280,duration,credit,,,,,,,
10D300290,duration,credit,,,,,,,
10D300300,duration,credit,,,,,,,
10D300310,duration,credit,,,,,,,
10D300320,duration,credit,,,,,,,
10D300330,duration,credit,,,,,,,
10D300340,duration,credit,,,,,,,
10D300350,duration,credit,,,,,,,
10D300360,duration,credit,,,,,,,
10D300370,duration,credit,,,,,,,
10D300380,duration,credit,,,,,,,
10D300390,duration,credit,,,,,,,
10D300400,duration,credit,,,,,,,
10D300410,duration,credit,,,,,,,
10D300420,duration,credit,,,,,,,
10D300430,duration,credit,,,,,,,
10D300440,duration,credit,,,,,,,
10D300450,duration,credit,,,,,,,
10D300460,duration,credit,,,,,,,
10D300470,duration,credit,,,,,,,
10D300480,duration,credit,,,,,,,
10D300490,duration,credit,,,,,,,
10D300500,duration,credit,,,,,,,
10D300510,duration,credit,,,,,,,
10D300520,duration,credit,,,,,,,
10D300530,duration,credit,,,,,,,
10D300540,duration,credit,,,,,,,
10D300550,duration,credit,,,,,,,
10D300560,duration,credit,,,,,,,
10D300570,duration,credit,,,,,,,
10D300580,duration,credit,,,,,,,
10D300590,duration,credit,,,,,,,
10D300600,duration,credit,,,,,,,
10D300610,duration,credit,,,,,,,
10D300620,duration,credit,,,,,,,
10D300630,duration,credit,,,,,,,
10D300640,duration,credit,,,,,,,
10D300650,duration,credit,,,,,,,
10D300660,duration,credit,,,,,,,
10D300670,duration,credit,,,,,,,
10E400010,duration,,title,,,,,,
10E400020,duration,debit,,,,,,,
10E400030,duration,debit,,,,,,,
10E400040,duration,debit,,,,,,,
10E400050,duration,debit,,,,,,,
10E400060,duration,debit,,,,,,,
10E400070,duration,debit,,,,,,,
10E400080,duration,debit,,,,,,,
10E400090,duration,debit,,,,,,,
10E400100,duration,debit,,,,,,,
10E400110,duration,debit,,,,,,,
10E400120,duration,debit,,,,,,,
10E400130,duration,debit,,,,,,,
10E400140,duration,debit,,,,,,,
10E400150,duration,debit,,,,,,,
10E400160,duration,debit,,,,,,,
10E400170,duration,debit,,,,,,,
10E400180,duration,debit,,,,,,,
10E400190,duration,debit,,,,,,,
10E400200,duration,debit,,,,,,,
10E400210,duration,debit,,,,,,,
10E400220,duration,debit,,,,,,,
10E400230,duration,debit,,,,,,,
10E400240,duration,debit,,,,,,,
10E400250,duration,debit,,,,,,,
10E400260,duration,debit,,,,,,,
10E400270,duration,debit,,,,,,,
10E400280,duration,debit,,,,,,,
10E400290,duration,debit,,,,,,,
10E400300,duration,debit,,,,,,,
10E400310,duration,debit,,,,,,,
10E400320,duration,debit,,,,,,,
10E400330,duration,debit,,,,,,,
10E400340,duration,debit,,,,,,,
10E400350,duration,debit,,,,,,,
10E400360,duration,debit,,,,,,,
10E400370,duration,debit,,,,,,,
10E400380,duration,debit,,,,,,,
10E400390,duration,debit,,,,,,,
10E400400,duration,debit,,,,,,,
10E400410,duration,debit,,,,,,,
10E400420,duration,debit,,,,,,,
10E400430,duration,debit,,,,,,,
10E400440,duration,debit,,,,,,,
10E400450,duration,debit,,,,,,,
10E400460,duration,debit,,,,,,,
10E400470,duration,debit,,,,,,,
10E400480,duration,debit,,,,,,,
10E400490,duration,debit,,,,,,,
10E400500,duration,debit,,,,,,,
10E400510,duration,debit,,,,,,,
10E400520,duration,debit,,,,,,,
10E400530,duration,debit,,,,,,,
10E400540,duration,debit,,,,,,,
10E400550,duration,debit,,,,,,,
10E400560,duration,debit,,,,,,,
10E400570,duration,debit,,,,,,,
10E400580,duration,debit,,,,,,,
10E400590,duration,debit,,,,,,,
10E400600,duration,debit,,,,,,,
10E400610,duration,debit,,,,,,,
10E400620,duration,debit,,,,,,,
10E400630,duration,debit,,,,,,,
10E400640,duration,debit,,,,,,,
10E400650,duration,debit,,,,,,,
10E400660,duration,debit,,,,,,,
10E400670,duration,debit,,,,,,,
10E400680,duration,debit,,,,,,,
10E400690,duration,debit,,,,,,,
10E400700,duration,debit,,,,,,,
10E400710,duration,debit,,,,,,,
10E400720,duration,debit,,,,,,,
10E400730,duration,debit,,,,,,,
10E400740,duration,debit,,,,,,,
10E400750,duration,debit,,,,,,,
10E400760,duration,debit,,,,,,,
10E400770,duration,debit,,,,,,,
10E400780,duration,debit,,,,,,,
10E400790,duration,debit,,,,,,,
10E400800,duration,debit,,,,,,,
10E400810,duration,debit,,,,,,,
10E400820,duration,debit,,,,,,,
10E400830,duration,debit,,,,,,,
10E400840,duration,debit,,,,,,,
10E400850,duration,debit,,,,,,,
10E400860,duration,debit,,,,,,,
10E400870,duration,debit,,,,,,,
10E400880,duration,debit,,,,,,,
10E400890,duration,debit,,,,,,,
10E400900,duration,debit,,,,,,,
10E400910,duration,debit,,,,,,,
10E400920,duration,debit,,,,,,,
10E400930,duration,debit,,,,,,,
10E400940,duration,debit,,,,,,,
10E400950,duration,debit,,,,,,,
10E400960,duration,debit,,,,,,,
10E400970,duration,debit,,,,,,,
10E400980,duration,debit,,,,,,,
10E400990,duration,debit,,,,,,,
10E401000,duration,debit,,,,,,,
10E401010,duration,debit,,,,,,,
10E401020,duration,debit,,,,,,,
10E401030,duration,debit,,,,,,,
10E401040,duration,debit,,,,,,,
10E401050,duration,debit,,,,,,,
10E401060,duration,debit,,,,,,,
10E401070,duration,debit,,,,,,,
10E401080,duration,debit,,,,,,,
10E401090,duration,debit,,,,,,,
10F000140,duration,credit,,,,,,,
10F100050,duration,debit,,,,,,,
10F000150,duration,credit,,,,,,,
10F100060,duration,debit,,,,,,,
10F100070,duration,debit,,,,,,,
10F100080,duration,debit,,,,,,,
10F100090,duration,debit,,,,,,,
10F100100,duration,debit,,,,,,,
10F100110,duration,debit,,,,,,,
10F100120,duration,debit,,,,,,,
10F000160,duration,credit,,,,,,,
10F100130,duration,,title,,,,,,
10F100140,duration,credit,,,,,,,
10F100150,duration,credit,,,,,,,
10F100160,duration,,title,,,,,,
10F100170,duration,credit,,,,,,,
10F100180,duration,credit,,,,,,,
10F100190,duration,credit,,,,,,,
10F100200,duration,credit,,,,,,,
10F100210,duration,credit,,,,,,,
10F100220,duration,credit,,,,,,,
10F100230,duration,credit,,,,,,,
10F100240,duration,credit,,,,,,,
10F100250,duration,credit,,,,,,,
10F100260,duration,credit,,,,,,,
10F100270,duration,credit,,,,,,,
10F100280,duration,credit,,,,,,,
10F100290,duration,credit,,,,,,,
10F100300,duration,,title,,,,,,
10F100310,duration,credit,,,,,,,
10F100320,duration,credit,,,,,,,
10F100330,duration,,title,,,,,,
11D100010,duration,,title,,,,,,
11D100020,duration,credit,,,,,,,
11D100030,duration,credit,,,,,,,
11D100040,duration,credit,,,,,,,
11D100050,duration,credit,,,,,,,
11D100060,duration,credit,,,,,,,
11E100010,duration,,title,,,,,,
11E100020,duration,debit,,,,,,,
11E100030,duration,debit,,,,,,,
11E100040,duration,debit,,,,,,,
11E100050,duration,debit,,,,,,,
11E100060,duration,debit,,,,,,,
11F000010,duration,,title,,,,,,
11F000020,duration,credit,,,,,,,
11F000030,duration,credit,,,,,,,
11F000040,duration,credit,,,,,,,
11F000050,duration,credit,,,,,,,
11F000060,duration,credit,,,,,,,
11E200010,duration,,title,,,,,,
11E200020,duration,debit,,,,,,,
11E200030,duration,debit,,,,,,,
11E200040,duration,debit,,,,,,,
11E200050,duration,debit,,,,,,,
11E200060,duration,debit,,,,,,,
11E200070,duration,debit,,,,,,,
11E200080,duration,debit,,,,,,,
11E200090,duration,debit,,,,,,,
11E200100,duration,debit,,,,,,,
11E200110,duration,debit,,,,,,,
11E200120,duration,debit,,,,,,,
11E200130,duration,debit,,,,,,,
11E200140,duration,debit,,,,,,,
11E200150,duration,debit,,,,,,,
11E200160,duration,debit,,,,,,,
11E200170,duration,debit,,,,,,,
11E200180,duration,debit,,,,,,,
11E200190,duration,debit,,,,,,,
11E200200,duration,debit,,,,,,,
11E200210,duration,debit,,,,,,,
11E200220,duration,debit,,,,,,,
11E200230,duration,debit,,,,,,,
11F000070,duration,credit,,,,,,,
11D200010,duration,,title,,,,,,
11D200020,duration,credit,,,,,,,
11D200030,duration,credit,,,,,,,
11D200040,duration,credit,,,,,,,
11E300010,duration,,title,,,,,,
11E300020,duration,debit,,,,,,,
11E300030,duration,debit,,,,,,,
11E300040,duration,debit,,,,,,,
11E300050,duration,debit,,,,,,,
11E300060,duration,debit,,,,,,,
11F000080,duration,credit,,,,,,,
11D300010,duration,,title,,,,,,
11D300020,duration,credit,,,,,,,
11D300030,duration,credit,,,,,,,
11E400010,duration,,title,,,,,,
11E400020,duration,debit,,,,,,,
11E400030,duration,debit,,,,,,,
11F000090,duration,credit,,,,,,,
11F100010,duration,debit,,,,,,,
11F100020,duration,debit,,,,,,,
11F100030,duration,debit,,,,,,,
11F000100,duration,credit,,,,,,,
11F100040,duration,,title,,,,,,
11F100050,duration,credit,,,,,,,
11F100060,duration,credit,,,,,,,
12D000010,duration,credit,,,,,,,
12D000020,duration,credit,,,,,,,
12D000030,duration,credit,,,,,,,
12D000040,duration,credit,,,,,,,
12D000050,duration,credit,,,,,,,
12D000060,duration,credit,,,,,,,
12D000070,duration,credit,,,,,,,
12D000080,duration,credit,,,,,,,
12D000090,duration,credit,,,,,,,
12D000100,duration,credit,,,,,,,
12D000110,duration,credit,,,,,,,
12D000120,duration,credit,,,,,,,
12D000130,duration,credit,,,,,,,
12D000140,duration,credit,,,,,,,
12D000150,duration,credit,,,,,,,
12D000160,duration,credit,,,,,,,
12D000170,duration,credit,,,,,,,
12D000180,duration,credit,,,,,,,
12D000190,duration,credit,,,,,,,
12D000200,duration,credit,,,,,,,
12D000210,duration,credit,,,,,,,
12D000220,duration,credit,,,,,,,
12D000230,duration,credit,,,,,,,
12D000240,duration,credit,,,,,,,
12D000250,duration,credit,,,,,,,
12D000260,duration,credit,,,,,,,
12D000270,duration,credit,,,,,,,
12D000280,duration,credit,,,,,,,
12D000290,duration,credit,,,,,,,
12D000300,duration,credit,,,,,,,
12E000010,duration,debit,,,,,,,
12E000020,duration,debit,,,,,,,
12E000030,duration,debit,,,,,,,
12E000040,duration,debit,,,,,,,
12E000050,duration,debit,,,,,,,
12E000060,duration,debit,,,,,,,
12E000070,duration,debit,,,,,,,
12E000080,duration,debit,,,,,,,
12E000090,duration,debit,,,,,,,
12E000100,duration,debit,,,,,,,
12E000110,duration,debit,,,,,,,
12E000120,duration,debit,,,,,,,
12E000130,duration,debit,,,,,,,
12E000140,duration,debit,,,,,,,
12E000150,duration,debit,,,,,,,
12E000160,duration,debit,,,,,,,
12E000170,duration,debit,,,,,,,
12E000180,duration,debit,,,,,,,
12E000190,duration,debit,,,,,,,
12E000200,duration,debit,,,,,,,
12E000210,duration,debit,,,,,,,
12E000220,duration,debit,,,,,,,
12E000230,duration,debit,,,,,,,
12E000240,duration,debit,,,,,,,
12E000250,duration,debit,,,,,,,
12E000260,duration,debit,,,,,,,
12E000270,duration,debit,,,,,,,
12E000280,duration,debit,,,,,,,
12E000290,duration,debit,,,,,,,
12E000300,duration,debit,,,,,,,
12E000310,duration,debit,,,,,,,
12E000320,duration,debit,,,,,,,
12E000330,duration,debit,,,,,,,
12E000340,duration,debit,,,,,,,
12E000350,duration,debit,,,,,,,
12E000360,duration,debit,,,,,,,
12E000370,duration,debit,,,,,,,
12E000380,duration,debit,,,,,,,
12E000390,duration,debit,,,,,,,
12E000400,duration,debit,,,,,,,
12E000410,duration,debit,,,,,,,
12F000010,duration,credit,,,,,,,
12D300010,duration,credit,,,,,,,
12D300020,duration,credit,,,,,,,
12D300030,duration,credit,,,,,,,
12D300040,duration,credit,,,,,,,
12D300050,duration,credit,,,,,,,
12D300060,duration,credit,,,,,,,
12E400010,duration,debit,,,,,,,
12E400020,duration,debit,,,,,,,
12E400030,duration,debit,,,,,,,
12E400040,duration,debit,,,,,,,
12E400050,duration,debit,,,,,,,
12F000020,duration,credit,,,,,,,
12F100010,duration,debit,,,,,,,
12F100020,duration,debit,,,,,,,
12F100030,duration,debit,,,,,,,
12F000030,duration,credit,,,,,,,
12F100040,duration,credit,,,,,,,
12F100050,duration,credit,,,,,,,
13D000010,duration,credit,,,,,,,
13D000020,duration,credit,,,,,,,
13D000030,duration,credit,,,,,,,
13D000040,duration,credit,,,,,,,
13D000050,duration,credit,,,,,,,
13D000060,duration,credit,,,,,,,
13D000070,duration,credit,,,,,,,
13D000080,duration,credit,,,,,,,
13D000090,duration,credit,,,,,,,
13D000100,duration,credit,,,,,,,
13D000110,duration,credit,,,,,,,
13D000120,duration,credit,,,,,,,
13D000130,duration,credit,,,,,,,
13D000140,duration,credit,,,,,,,
13D000150,duration,credit,,,,,,,
13D000160,duration,credit,,,,,,,
13D000170,duration,credit,,,,,,,
13D000180,duration,credit,,,,,,,
13D000190,duration,credit,,,,,,,
13D000200,duration,credit,,,,,,,
13D000210,duration,credit,,,,,,,
13D000220,duration,credit,,,,,,,
13D000230,duration,credit,,,,,,,
13D000240,duration,credit,,,,,,,
13D000250,duration,credit,,,,,,,
13D000260,duration,credit,,,,,,,
13D000270,duration,credit,,,,,,,
13D000280,duration,credit,,,,,,,
13D000290,duration,credit,,,,,,,
13D000300,duration,credit,,,,,,,
13D000310,duration,credit,,,,,,,
13D000320,duration,credit,,,,,,,
13D000330,duration,credit,,,,,,,
13E000010,duration,debit,,,,,,,
13E000020,duration,debit,,,,,,,
13E000030,duration,debit,,,,,,,
13E000040,duration,debit,,,,,,,
13E000050,duration,debit,,,,,,,
13E000060,duration,debit,,,,,,,
13E000070,duration,debit,,,,,,,
13E000080,duration,debit,,,,,,,
13E000090,duration,debit,,,,,,,
13E000100,duration,debit,,,,,,,
13E000110,duration,debit,,,,,,,
13E000120,duration,debit,,,,,,,
13E000130,duration,debit,,,,,,,
13E000140,duration,debit,,,,,,,
13E000150,duration,debit,,,,,,,
13E000160,duration,debit,,,,,,,
13E000170,duration,debit,,,,,,,
13E000180,duration,debit,,,,,,,
13E000190,duration,debit,,,,,,,
13E000200,duration,debit,,,,,,,
13E000210,duration,debit,,,,,,,
13E000220,duration,debit,,,,,,,
13E000230,duration,debit,,,,,,,
13E000240,duration,debit,,,,,,,
13E000250,duration,debit,,,,,,,
13E000260,duration,debit,,,,,,,
13E000270,duration,debit,,,,,,,
13E000280,duration,debit,,,,,,,
13E000290,duration,debit,,,,,,,
13E000300,duration,debit,,,,,,,
13E000310,duration,debit,,,,,,,
13E000320,duration,debit,,,,,,,
13E000330,duration,debit,,,,,,,
13E000340,duration,debit,,,,,,,
13E000350,duration,debit,,,,,,,
13E000360,duration,debit,,,,,,,
13E000370,duration,debit,,,,,,,
13E000380,duration,debit,,,,,,,
13E000390,duration,debit,,,,,,,
13E000400,duration,debit,,,,,,,
13E000410,duration,debit,,,,,,,
13E000420,duration,debit,,,,,,,
13E000430,duration,debit,,,,,,,
13E000440,duration,debit,,,,,,,
13F000010,duration,credit,,,,,,,
13D300010,duration,credit,,,,,,,
13D300020,duration,credit,,,,,,,
13D300030,duration,credit,,,,,,,
13D300040,duration,credit,,,,,,,
13D300050,duration,credit,,,,,,,
13D300060,duration,credit,,,,,,,
13E400010,duration,debit,,,,,,,
13E400020,duration,debit,,,,,,,
13E400030,duration,debit,,,,,,,
13E400040,duration,debit,,,,,,,
13E400050,duration,debit,,,,,,,
13F000020,duration,credit,,,,,,,
13F100010,duration,debit,,,,,,,
13F100020,duration,debit,,,,,,,
13F100030,duration,debit,,,,,,,
13F000030,duration,credit,,,,,,,
13F100040,duration,credit,,,,,,,
13F100050,duration,credit,,,,,,,
14D000010,duration,,title,,,,,,
14D000020,duration,credit,,,,,,,
14D000030,duration,credit,,,,,,,
14D000040,duration,credit,,,,,,,
14D000050,duration,credit,,,,,,,
14D000060,duration,credit,,,,,,,
14E000010,duration,,title,,,,,,
14E000020,duration,debit,,,,,,,
14E000030,duration,debit,,,,,,,
14E000040,duration,debit,,,,,,,
14E200010,duration,,title,,,,,,
14E200020,duration,debit,,,,,,,
14E200030,duration,debit,,,,,,,
14E200040,duration,debit,,,,,,,
14E200050,duration,debit,,,,,,,
14E200060,duration,debit,,,,,,,
14E200070,duration,debit,,,,,,,
14E200080,duration,debit,,,,,,,
14E200090,duration,debit,,,,,,,
14E200100,duration,debit,,,,,,,
14E200110,duration,debit,,,,,,,
14E200120,duration,debit,,,,,,,
14E200130,duration,debit,,,,,,,
14E200140,duration,debit,,,,,,,
14F000010,duration,credit,,,,,,,
14D200010,duration,,title,,,,,,
14D200020,duration,credit,,,,,,,
14D200030,duration,credit,,,,,,,
14D200040,duration,credit,,,,,,,
14D200050,duration,credit,,,,,,,
14D200060,duration,credit,,,,,,,
14D200070,duration,credit,,,,,,,
14E300010,duration,,title,,,,,,
14E300020,duration,debit,,,,,,,
14E300030,duration,debit,,,,,,,
14E300040,duration,debit,,,,,,,
14E300050,duration,debit,,,,,,,
14E300060,duration,debit,,,,,,,
14E300070,duration,debit,,,,,,,
14E300080,duration,debit,,,,,,,
14E300090,duration,debit,,,,,,,
14E300100,duration,debit,,,,,,,
14E300110,duration,debit,,,,,,,
14F000020,duration,credit,,,,,,,
14D300010,duration,,title,,,,,,
14D300020,duration,credit,,,,,,,
14D300030,duration,credit,,,,,,,
14D300040,duration,credit,,,,,,,
14E400010,duration,,title,,,,,,
14E400020,duration,debit,,,,,,,
14E400030,duration,debit,,,,,,,
14E400040,duration,debit,,,,,,,
14E400050,duration,debit,,,,,,,
14F000030,duration,credit,,,,,,,
14F100010,duration,debit,,,,,,,
14F100020,duration,debit,,,,,,,
14F100030,duration,debit,,,,,,,
14F000040,duration,credit,,,,,,,
14F100040,duration,,title,,,,,,
14F100050,duration,credit,,,,,,,
14F100060,duration,credit,,,,,,,
15D100010,duration,,title,,,,,,
15D100020,duration,credit,,,,,,,
15D100030,duration,credit,,,,,,,
15D100040,duration,credit,,,,,,,
15D100050,duration,credit,,,,,,,
15D100060,duration,credit,,,,,,,
15D100070,duration,credit,,,,,,,
15D100080,duration,credit,,,,,,,
15D100090,duration,credit,,,,,,,
15D100100,duration,credit,,,,,,,
15D100110,duration,credit,,,,,,,
15D100120,duration,credit,,,,,,,
15D100130,duration,credit,,,,,,,
15D100140,duration,credit,,,,,,,
15D100150,duration,credit,,,,,,,
15D100160,duration,credit,,,,,,,
15E100010,duration,debit,,,,,,,
15F000010,duration,credit,,,,,,,
15E200010,duration,,title,,,,,,
15E200020,duration,debit,,,,,,,
15E200030,duration,debit,,,,,,,
15E200040,duration,debit,,,,,,,
15E200050,duration,debit,,,,,,,
15E200060,duration,debit,,,,,,,
15E200070,duration,debit,,,,,,,
15E200080,duration,debit,,,,,,,
15E200090,duration,debit,,,,,,,
15E200100,duration,debit,,,,,,,
15F000020,duration,credit,,,,,,,
15D200010,duration,credit,,,,,,,
15E300010,duration,debit,,,,,,,
15F000030,duration,credit,,,,,,,
15D300010,duration,,title,,,,,,
15D300020,duration,credit,,,,,,,
15D300030,duration,credit,,,,,,,
15D300040,duration,credit,,,,,,,
15E400010,duration,,title,,,,,,
15E400020,duration,debit,,,,,,,
15E400030,duration,debit,,,,,,,
15E400040,duration,debit,,,,,,,
15E400050,duration,debit,,,,,,,
15F000040,duration,credit,,,,,,,
15F100010,duration,debit,,,,,,,
15F100020,duration,debit,,,,,,,
15F100030,duration,debit,,,,,,,
15F000050,duration,credit,,,,,,,
15F100040,duration,,title,,,,,,
15F100050,duration,credit,,,,,,,
15F100060,duration,credit,,,,,,,
16D000010,duration,credit,,,,,,,
16D000020,duration,credit,,,,,,,
16D000030,duration,credit,,,,,,,
16D000040,duration,credit,,,,,,,
16D000050,duration,credit,,,,,,,
16D000060,duration,credit,,,,,,,
16D000070,duration,credit,,,,,,,
16D000080,duration,credit,,,,,,,
16D000090,duration,credit,,,,,,,
16D000100,duration,credit,,,,,,,
16D000110,duration,credit,,,,,,,
16D000120,duration,credit,,,,,,,
16D000130,duration,credit,,,,,,,
16D000140,duration,credit,,,,,,,
16D000150,duration,credit,,,,,,,
16D000160,duration,credit,,,,,,,
16D000170,duration,credit,,,,,,,
16D000180,duration,credit,,,,,,,
16D000190,duration,credit,,,,,,,
16D000200,duration,credit,,,,,,,
16D000210,duration,credit,,,,,,,
16D000220,duration,credit,,,,,,,
16D000230,duration,credit,,,,,,,
16D000240,duration,credit,,,,,,,
16D000250,duration,credit,,,,,,,
16D000260,duration,credit,,,,,,,
16D000270,duration,credit,,,,,,,
16D000280,duration,credit,,,,,,,
16D000290,duration,credit,,,,,,,
16D000300,duration,credit,,,,,,,
16D000310,duration,credit,,,,,,,
16E000010,duration,debit,,,,,,,
16E000020,duration,debit,,,,,,,
16E000030,duration,debit,,,,,,,
16E000040,duration,debit,,,,,,,
16E000050,duration,debit,,,,,,,
16E000060,duration,debit,,,,,,,
16E000070,duration,debit,,,,,,,
16E000080,duration,debit,,,,,,,
16E000090,duration,debit,,,,,,,
16E000100,duration,debit,,,,,,,
16E000110,duration,debit,,,,,,,
16E000120,duration,debit,,,,,,,
16E000130,duration,debit,,,,,,,
16E000140,duration,debit,,,,,,,
16E000150,duration,debit,,,,,,,
16E000160,duration,debit,,,,,,,
16E000170,duration,debit,,,,,,,
16E000180,duration,debit,,,,,,,
16E000190,duration,debit,,,,,,,
16E000200,duration,debit,,,,,,,
16E000210,duration,debit,,,,,,,
16E000220,duration,debit,,,,,,,
16E000230,duration,debit,,,,,,,
16E000240,duration,debit,,,,,,,
16E000250,duration,debit,,,,,,,
16E000260,duration,debit,,,,,,,
16E000270,duration,debit,,,,,,,
16E000280,duration,debit,,,,,,,
16E000290,duration,debit,,,,,,,
16E000300,duration,debit,,,,,,,
16E000310,duration,debit,,,,,,,
16E000320,duration,debit,,,,,,,
16E000330,duration,debit,,,,,,,
16E000340,duration,debit,,,,,,,
16E000350,duration,debit,,,,,,,
16E000360,duration,debit,,,,,,,
16E000370,duration,debit,,,,,,,
16E000380,duration,debit,,,,,,,
16E000390,duration,debit,,,,,,,
16F000010,duration,credit,,,,,,,
16D300010,duration,credit,,,,,,,
16D300020,duration,credit,,,,,,,
16D300030,duration,credit,,,,,,,
16D300040,duration,credit,,,,,,,
16D300050,duration,credit,,,,,,,
16D300060,duration,credit,,,,,,,
16E400010,duration,debit,,,,,,,
16E400020,duration,debit,,,,,,,
16E400030,duration,debit,,,,,,,
16E400040,duration,debit,,,,,,,
16E400050,duration,debit,,,,,,,
16E400060,duration,debit,,,,,,,
16E400070,duration,debit,,,,,,,
16E400080,duration,debit,,,,,,,
16E400090,duration,debit,,,,,,,
16F000020,duration,credit,,,,,,,
16F100010,duration,debit,,,,,,,
16F100020,duration,debit,,,,,,,
16F100030,duration,debit,,,,,,,
16F100040,duration,debit,,,,,,,
16F000030,duration,credit,,,,,,,
16F100050,duration,credit,,,,,,,
16F100060,duration,credit,,,,,,,
17D000010,duration,credit,,,,,,,
17D000020,duration,credit,,,,,,,
17D000030,duration,credit,,,,,,,
17D000040,duration,credit,,,,,,,
17D000050,duration,credit,,,,,,,
17D000060,duration,credit,,,,,,,
17D000070,duration,credit,,,,,,,
17D000080,duration,credit,,,,,,,
17D000090,duration,credit,,,,,,,
17D000100,duration,credit,,,,,,,
17D000110,duration,credit,,,,,,,
17D000120,duration,credit,,,,,,,
17D000130,duration,credit,,,,,,,
17D000140,duration,credit,,,,,,,
17D000150,duration,credit,,,,,,,
17D000160,duration,credit,,,,,,,
17D000170,duration,credit,,,,,,,
17D000180,duration,credit,,,,,,,
17D000190,duration,credit,,,,,,,
17D000200,duration,credit,,,,,,,
17D000210,duration,credit,,,,,,,
17D000220,duration,credit,,,,,,,
17D000230,duration,credit,,,,,,,
17D000240,duration,credit,,,,,,,
17D000250,duration,credit,,,,,,,
17D000260,duration,credit,,,,,,,
17D000270,duration,credit,,,,,,,
17D000280,duration,credit,,,,,,,
17E000010,duration,debit,,,,,,,
17E000020,duration,debit,,,,,,,
17E000030,duration,debit,,,,,,,
17E000040,duration,debit,,,,,,,
17E000050,duration,debit,,,,,,,
17E000060,duration,debit,,,,,,,
17E000070,duration,debit,,,,,,,
17E000080,duration,debit,,,,,,,
17E000090,duration,debit,,,,,,,
17E000100,duration,debit,,,,,,,
17E000110,duration,debit,,,,,,,
17E000120,duration,debit,,,,,,,
17E000130,duration,debit,,,,,,,
17E000140,duration,debit,,,,,,,
17E000150,duration,debit,,,,,,,
17E000160,duration,debit,,,,,,,
17E000170,duration,debit,,,,,,,
17E000180,duration,debit,,,,,,,
17E000190,duration,debit,,,,,,,
17E000200,duration,debit,,,,,,,
17E000210,duration,debit,,,,,,,
17E000220,duration,debit,,,,,,,
17E000230,duration,debit,,,,,,,
17E000240,duration,debit,,,,,,,
17E000250,duration,debit,,,,,,,
17E000260,duration,debit,,,,,,,
17E000270,duration,debit,,,,,,,
17E000280,duration,debit,,,,,,,
17E000290,duration,debit,,,,,,,
17E000300,duration,debit,,,,,,,
17E000310,duration,debit,,,,,,,
17E000320,duration,debit,,,,,,,
17E000330,duration,debit,,,,,,,
17E000340,duration,debit,,,,,,,
17E000350,duration,debit,,,,,,,
17F000010,duration,credit,,,,,,,
17D300010,duration,credit,,,,,,,
17D300020,duration,credit,,,,,,,
17D300030,duration,credit,,,,,,,
17D300040,duration,credit,,,,,,,
17D300050,duration,credit,,,,,,,
17D300060,duration,credit,,,,,,,
17E400010,duration,debit,,,,,,,
17E400020,duration,debit,,,,,,,
17E400030,duration,debit,,,,,,,
17E400040,duration,debit,,,,,,,
17E400050,duration,debit,,,,,,,
17E400060,duration,debit,,,,,,,
17E400070,duration,debit,,,,,,,
17E400080,duration,debit,,,,,,,
17F000020,duration,credit,,,,,,,
17F100010,duration,debit,,,,,,,
17F100020,duration,debit,,,,,,,
17F100030,duration,debit,,,,,,,
17F100040,duration,debit,,,,,,,
17F000030,duration,credit,,,,,,,
17F100050,duration,credit,,,,,,,
17F100060,duration,credit,,,,,,,
18D000010,duration,,title,,,,,,
18D000020,duration,,title,,,,,,
18D000030,duration,credit,,,,,,,
18D000040,duration,credit,,,,,,,
18D000050,duration,credit,,,,,,,
18D000060,duration,credit,,,,,,,
18D000070,duration,credit,,,,,,,
18D000080,duration,credit,,,,,,,
18E000010,duration,,title,,,,,,
18E000020,duration,debit,,,,,,,
18E000030,duration,debit,,,,,,,
18E000040,duration,debit,,,,,,,
18E000050,duration,debit,,,,,,,
18E000060,duration,debit,,,,,,,
18E000070,duration,debit,,,,,,,
18E000080,duration,debit,,,,,,,
18E000090,duration,debit,,,,,,,
18E000100,duration,debit,,,,,,,
18E000110,duration,debit,,,,,,,
18F000010,duration,credit,,,,,,,
18F000020,duration,credit,,,,,,,
18F000030,duration,credit,,,,,,,
18D000090,duration,,title,,,,,,
18D000100,duration,,title,,,,,,
18D000110,duration,credit,,,,,,,
18D000120,duration,credit,,,,,,,
18D000130,duration,credit,,,,,,,
18D000140,duration,credit,,,,,,,
18E000120,duration,,title,,,,,,
18E000130,duration,debit,,,,,,,
18E000140,duration,debit,,,,,,,
18E000150,duration,debit,,,,,,,
18E000160,duration,debit,,,,,,,
18E000170,duration,debit,,,,,,,
18F000040,duration,credit,,,,,,,
18D000150,duration,,title,,,,,,
18D000160,duration,,title,,,,,,
18D000170,duration,credit,,,,,,,
18D000180,duration,credit,,,,,,,
18D000190,duration,credit,,,,,,,
18D000200,duration,credit,,,,,,,
18D000210,duration,credit,,,,,,,
18E000180,duration,,title,,,,,,
18E000190,duration,debit,,,,,,,
18E000200,duration,debit,,,,,,,
18E000210,duration,debit,,,,,,,
18E000220,duration,debit,,,,,,,
18E000230,duration,debit,,,,,,,
18F000050,duration,credit,,,,,,,
18F000060,duration,credit,,,,,,,
18D000220,duration,,title,,,,,,
18D000230,duration,,title,,,,,,
18D000240,duration,credit,,,,,,,
18D000250,duration,credit,,,,,,,
18D000260,duration,credit,,,,,,,
18D000270,duration,credit,,,,,,,
18D000280,duration,credit,,,,,,,
18D000290,duration,credit,,,,,,,
18E000240,duration,,title,,,,,,
18E000250,duration,debit,,,,,,,
18E000260,duration,debit,,,,,,,
18E000270,duration,debit,,,,,,,
18E000280,duration,debit,,,,,,,
18E000290,duration,debit,,,,,,,
18E000300,duration,debit,,,,,,,
18E000310,duration,debit,,,,,,,
18E000320,duration,debit,,,,,,,
18F000070,duration,credit,,,,,,,
18D000300,duration,,title,,,,,,
18D000310,duration,,title,,,,,,
18D000320,duration,credit,,,,,,,
18D000330,duration,credit,,,,,,,
18D000340,duration,credit,,,,,,,
18D000350,duration,credit,,,,,,,
18D000360,duration,credit,,,,,,,
18D000370,duration,credit,,,,,,,
18D000380,duration,credit,,,,,,,
18D000390,duration,credit,,,,,,,
18E000330,duration,,title,,,,,,
18E000340,duration,debit,,,,,,,
18E000350,duration,debit,,,,,,,
18E000360,duration,debit,,,,,,,
18E000370,duration,debit,,,,,,,
18E000380,duration,debit,,,,,,,
18F000080,duration,credit,,,,,,,
18D000400,duration,,title,,,,,,
18D000410,duration,,title,,,,,,
18D000420,duration,credit,,,,,,,
18D000430,duration,credit,,,,,,,
18D000440,duration,credit,,,,,,,
18D000450,duration,credit,,,,,,,
18D000460,duration,credit,,,,,,,
18D000470,duration,credit,,,,,,,
18D000480,duration,credit,,,,,,,
18D000490,duration,credit,,,,,,,
18D000500,duration,credit,,,,,,,
18D000510,duration,credit,,,,,,,
18D000520,duration,credit,,,,,,,
18D000530,duration,credit,,,,,,,
18D000540,duration,credit,,,,,,,
18D000550,duration,credit,,,,,,,
18D000560,duration,credit,,,,,,,
18D000570,duration,credit,,,,,,,
18D000580,duration,credit,,,,,,,
18D000590,duration,credit,,,,,,,
18E000390,duration,,title,,,,,,
18E000400,duration,debit,,,,,,,
18E000410,duration,debit,,,,,,,
18E000420,duration,debit,,,,,,,
18E000430,duration,debit,,,,,,,
18E000440,duration,debit,,,,,,,
18E000450,duration,debit,,,,,,,
18F000090,duration,credit,,,,,,,
18D000600,duration,,title,,,,,,
18D000610,duration,,title,,,,,,
18D000620,duration,credit,,,,,,,
18D000630,duration,credit,,,,,,,
18D000640,duration,credit,,,,,,,
18D000650,duration,credit,,,,,,,
18D000660,duration,credit,,,,,,,
18D000670,duration,credit,,,,,,,
18D000680,duration,credit,,,,,,,
18D000690,duration,credit,,,,,,,
18D000700,duration,credit,,,,,,,
18E000460,duration,,title,,,,,,
18E000470,duration,debit,,,,,,,
18E000480,duration,debit,,,,,,,
18E000490,duration,debit,,,,,,,
18E000500,duration,debit,,,,,,,
18E000510,duration,debit,,,,,,,
18E000520,duration,debit,,,,,,,
18F000100,duration,credit,,,,,,,
18D000710,duration,,title,,,,,,
18D000720,duration,,title,,,,,,
18D000730,duration,credit,,,,,,,
18D000740,duration,credit,,,,,,,
18D000750,duration,credit,,,,,,,
18D000760,duration,credit,,,,,,,
18D000770,duration,credit,,,,,,,
18D000780,duration,credit,,,,,,,
18D000790,duration,credit,,,,,,,
18D000800,duration,credit,,,,,,,
18E000530,duration,,title,,,,,,
18E000540,duration,debit,,,,,,,
18E000550,duration,debit,,,,,,,
18E000560,duration,debit,,,,,,,
18E000570,duration,debit,,,,,,,
18E000580,duration,debit,,,,,,,
18E000590,duration,debit,,,,,,,
18F000110,duration,credit,,,,,,,
18D000810,duration,,title,,,,,,
18D000820,duration,,title,,,,,,
18D000830,duration,credit,,,,,,,
18E000600,duration,,title,,,,,,
18E000610,duration,debit,,,,,,,
18F000120,duration,credit,,,,,,,
18F000130,duration,credit,,,,,,,
18D000840,duration,credit,,,,,,,
18E000620,duration,debit,,,,,,,
18D000850,duration,credit,,,,,,,
18E000630,duration,,title,,,,,,
18E000640,duration,debit,,,,,,,
18E000650,duration,debit,,,,,,,
18E000660,duration,debit,,,,,,,
18D200010,duration,,title,,,,,,
18D200020,duration,credit,,,,,,,
18D200030,duration,credit,,,,,,,
18D200040,duration,credit,,,,,,,
18D200050,duration,credit,,,,,,,
18D200060,duration,credit,,,,,,,
18D200070,duration,credit,,,,,,,
18D200080,duration,credit,,,,,,,
18D200090,duration,credit,,,,,,,
18D200100,duration,credit,,,,,,,
18D200110,duration,credit,,,,,,,
18E300010,duration,,title,,,,,,
18E300020,duration,debit,,,,,,,
18E300030,duration,debit,,,,,,,
18E300040,duration,debit,,,,,,,
18E300050,duration,debit,,,,,,,
18E300060,duration,debit,,,,,,,
18E300070,duration,debit,,,,,,,
18E300080,duration,debit,,,,,,,
18E300090,duration,debit,,,,,,,
18F000140,duration,credit,,,,,,,
18D300010,duration,,title,,,,,,
18D300020,duration,credit,,,,,,,
18D300030,duration,credit,,,,,,,
18D300040,duration,credit,,,,,,,
18D300050,duration,credit,,,,,,,
18D300060,duration,credit,,,,,,,
18D300070,duration,credit,,,,,,,
18E400010,duration,,title,,,,,,
18E400020,duration,debit,,,,,,,
18E400030,duration,debit,,,,,,,
18E400040,duration,debit,,,,,,,
18E400050,duration,debit,,,,,,,
18E400060,duration,debit,,,,,,,
18E400070,duration,debit,,,,,,,
18E400080,duration,debit,,,,,,,
18F000150,duration,credit,,,,,,,
18F100010,duration,debit,,,,,,,
18F100020,duration,debit,,,,,,,
18F100030,duration,debit,,,,,,,
18F000160,duration,credit,,,,,,,
18F100040,duration,,title,,,,,,
18F100050,duration,credit,,,,,,,
18F100060,duration,credit,,,,,,,
19D100010,duration,,title,,,,,,
19D100020,duration,,title,,,,,,
19D100030,duration,credit,,,,,,,
19D100040,duration,credit,,,,,,,
19D100050,duration,credit,,,,,,,
19D100060,duration,credit,,,,,,,
19D100070,duration,credit,,,,,,,
19D100080,duration,credit,,,,,,,
19D100090,duration,,title,,,,,,
19D100100,duration,credit,,,,,,,
19E100010,duration,,title,,,,,,
19E100020,duration,,title,,,,,,
19E100030,duration,debit,,,,,,,
19E100040,duration,debit,,,,,,,
19E100050,duration,debit,,,,,,,
19E100060,duration,debit,,,,,,,
19E100070,duration,debit,,,,,,,
19E100080,duration,,title,,,,,,
19E100090,duration,debit,,,,,,,
19E100100,duration,debit,,,,,,,
19E100110,duration,debit,,,,,,,
19E100120,duration,debit,,,,,,,
19E100130,duration,debit,,,,,,,
19E100140,duration,debit,,,,,,,
19E100150,duration,debit,,,,,,,
19E100160,duration,debit,,,,,,,
19E100170,duration,debit,,,,,,,
19E100180,duration,debit,,,,,,,
19E100190,duration,debit,,,,,,,
19E100200,duration,debit,,,,,,,
19E100210,duration,,title,,,,,,
19E100220,duration,debit,,,,,,,
19F000010,duration,credit,,,,,,,
19D100110,duration,,title,,,,,,
19D100120,duration,credit,,,,,,,
19D100130,duration,credit,,,,,,,
19D100140,duration,credit,,,,,,,
19E100230,duration,,title,,,,,,
19E100240,duration,debit,,,,,,,
19E100250,duration,debit,,,,,,,
19E100260,duration,debit,,,,,,,
19F000020,duration,credit,,,,,,,
19F000030,duration,credit,,,,,,,
19E200010,duration,,title,,,,,,
19E200020,duration,debit,,,,,,,
19E200030,duration,debit,,,,,,,
19E200040,duration,debit,,,,,,,
19E200050,duration,debit,,,,,,,
19E200060,duration,debit,,,,,,,
19E200070,duration,debit,,,,,,,
19E200080,duration,debit,,,,,,,
19E200090,duration,debit,,,,,,,
19E200100,duration,debit,,,,,,,
19E200110,duration,debit,,,,,,,
19E200120,duration,debit,,,,,,,
19E200130,duration,debit,,,,,,,
19E200140,duration,debit,,,,,,,
19E200150,duration,debit,,,,,,,
19E200160,duration,debit,,,,,,,
19E200170,duration,debit,,,,,,,
19F000040,duration,credit,,,,,,,
19D200010,duration,,title,,,,,,
19D200020,duration,credit,,,,,,,
19D200030,duration,credit,,,,,,,
19D200040,duration,credit,,,,,,,
19D200050,duration,credit,,,,,,,
19D200060,duration,credit,,,,,,,
19D200070,duration,credit,,,,,,,
19E300010,duration,,title,,,,,,
19E300020,duration,debit,,,,,,,
19E300030,duration,debit,,,,,,,
19E300040,duration,debit,,,,,,,
19E300050,duration,debit,,,,,,,
19E300060,duration,debit,,,,,,,
19E300070,duration,debit,,,,,,,
19E300080,duration,debit,,,,,,,
19E300090,duration,debit,,,,,,,
19E300100,duration,debit,,,,,,,
19E300110,duration,debit,,,,,,,
19E300120,duration,debit,,,,,,,
19F000050,duration,credit,,,,,,,
19D300010,duration,,title,,,,,,
19D300020,duration,credit,,,,,,,
19D300030,duration,credit,,,,,,,
19D300040,duration,credit,,,,,,,
19E400010,duration,,title,,,,,,
19E400020,duration,debit,,,,,,,
19E400030,duration,debit,,,,,,,
19E400040,duration,debit,,,,,,,
19E400050,duration,debit,,,,,,,
19E400060,duration,debit,,,,,,,
19F000060,duration,credit,,,,,,,
19F100010,duration,debit,,,,,,,
19F100020,duration,debit,,,,,,,
19F100030,duration,debit,,,,,,,
19F000070,duration,credit,,,,,,,
19F100040,duration,,title,,,,,,
19F100050,duration,credit,,,,,,,
19F100060,duration,credit,,,,,,,
20D000010,duration,,title,,,,,,
20D000020,duration,,title,,,,,,
20D000030,duration,credit,,,,,,,
20D000040,duration,credit,,,,,,,
20D000050,duration,credit,,,,,,,
20D000060,duration,credit,,,,,,,
20D000070,duration,credit,,,,,,,
20E000010,duration,,title,,,,,,
20E000020,duration,debit,,,,,,,
20E000030,duration,debit,,,,,,,
20E000040,duration,debit,,,,,,,
20E000050,duration,debit,,,,,,,
20E000060,duration,debit,,,,,,,
20F000010,duration,credit,,,,,,,
20D000080,duration,,title,,,,,,
20D000090,duration,,title,,,,,,
20D000100,duration,credit,,,,,,,
20D000110,duration,credit,,,,,,,
20D000120,duration,credit,,,,,,,
20D000130,duration,credit,,,,,,,
20D000140,duration,credit,,,,,,,
20E000070,duration,,title,,,,,,
20E000080,duration,debit,,,,,,,
20E000090,duration,debit,,,,,,,
20E000100,duration,debit,,,,,,,
20E000110,duration,debit,,,,,,,
20E000120,duration,debit,,,,,,,
20F000020,duration,credit,,,,,,,
20D000150,duration,credit,,,,,,,
20E000130,duration,,title,,,,,,
20E000140,duration,debit,,,,,,,
20E000150,duration,debit,,,,,,,
20E000160,duration,debit,,,,,,,
20F000030,duration,credit,,,,,,,
20D200010,duration,,title,,,,,,
20D200020,duration,credit,,,,,,,
20D200030,duration,credit,,,,,,,
20D200040,duration,credit,,,,,,,
20D200050,duration,credit,,,,,,,
20D200060,duration,credit,,,,,,,
20D200070,duration,credit,,,,,,,
20D200080,duration,credit,,,,,,,
20D200090,duration,credit,,,,,,,
20D200100,duration,credit,,,,,,,
20D200110,duration,credit,,,,,,,
20E300010,duration,,title,,,,,,
20E300020,duration,debit,,,,,,,
20E300030,duration,debit,,,,,,,
20E300040,duration,debit,,,,,,,
20E300050,duration,debit,,,,,,,
20E300060,duration,debit,,,,,,,
20E300070,duration,debit,,,,,,,
20E300080,duration,debit,,,,,,,
20E300090,duration,debit,,,,,,,
20E300100,duration,debit,,,,,,,
20E300110,duration,debit,,,,,,,
20E300120,duration,debit,,,,,,,
20F000040,duration,credit,,,,,,,
20D300010,duration,,title,,,,,,
20D300020,duration,credit,,,,,,,
20D300030,duration,credit,,,,,,,
20D300040,duration,credit,,,,,,,
20E400010,duration,,title,,,,,,
20E400020,duration,debit,,,,,,,
20E400030,duration,debit,,,,,,,
20E400040,duration,debit,,,,,,,
20E400050,duration,debit,,,,,,,
20E400060,duration,debit,,,,,,,
20E400070,duration,debit,,,,,,,
20E400080,duration,debit,,,,,,,
20F000050,duration,credit,,,,,,,
20F100010,duration,debit,,,,,,,
20F100020,duration,debit,,,,,,,
20F100030,duration,debit,,,,,,,
20F000060,duration,credit,,,,,,,
20F100040,duration,,title,,,,,,
20F100050,duration,credit,,,,,,,
20F100060,duration,credit,,,,,,,
21D000010,duration,,title,,,,,,
21D000020,duration,,title,,,,,,
21D000030,duration,credit,,,,,,,
21D000040,duration,credit,,,,,,,
21D000050,duration,credit,,,,,,,
21D000060,duration,credit,,,,,,,
21D000070,duration,credit,,,,,,,
21E000010,duration,,title,,,,,,
21E000020,duration,debit,,,,,,,
21E000030,duration,debit,,,,,,,
21E000040,duration,debit,,,,,,,
21E000050,duration,debit,,,,,,,
21E000060,duration,debit,,,,,,,
21E000070,duration,debit,,,,,,,
21E000080,duration,debit,,,,,,,
21E000090,duration,debit,,,,,,,
21E000100,duration,debit,,,,,,,
21E000110,duration,debit,,,,,,,
21E000120,duration,debit,,,,,,,
21E000130,duration,debit,,,,,,,
21F000010,duration,credit,,,,,,,
21D000080,duration,,title,,,,,,
21D000090,duration,,title,,,,,,
21D000100,duration,credit,,,,,,,
21E000140,duration,,title,,,,,,
21E000150,duration,debit,,,,,,,
21F000020,duration,credit,,,,,,,
21F000030,duration,credit,,,,,,,
21D200010,duration,,title,,,,,,
21D200020,duration,credit,,,,,,,
21D200030,duration,credit,,,,,,,
21D200040,duration,credit,,,,,,,
21D200050,duration,credit,,,,,,,
21D200060,duration,credit,,,,,,,
21D200070,duration,credit,,,,,,,
21E300010,duration,,title,,,,,,
21E300020,duration,debit,,,,,,,
21E300030,duration,debit,,,,,,,
21E300040,duration,debit,,,,,,,
21E300050,duration,debit,,,,,,,
21E300060,duration,debit,,,,,,,
21E300070,duration,debit,,,,,,,
21E300080,duration,debit,,,,,,,
21E300090,duration,debit,,,,,,,
21E300100,duration,debit,,,,,,,
21E300110,duration,debit,,,,,,,
21E300120,duration,debit,,,,,,,
21F000040,duration,credit,,,,,,,
21D300010,duration,,title,,,,,,
21D300020,duration,credit,,,,,,,
21D300030,duration,credit,,,,,,,
21D300040,duration,credit,,,,,,,
21E400010,duration,,title,,,,,,
21E400020,duration,debit,,,,,,,
21E400030,duration,debit,,,,,,,
21E400040,duration,debit,,,,,,,
21E400050,duration,debit,,,,,,,
21E400060,duration,debit,,,,,,,
21F000050,duration,credit,,,,,,,
21F100010,duration,debit,,,,,,,
21F100020,duration,debit,,,,,,,
21F100030,duration,debit,,,,,,,
21F000060,duration,credit,,,,,,,
21F100040,duration,,title,,,,,,
21F100050,duration,credit,,,,,,,
21F100060,duration,credit,,,,,,,
22D000010,duration,credit,,,,,,,
22D000020,duration,credit,,,,,,,
22D000030,duration,credit,,,,,,,
22D000040,duration,credit,,,,,,,
22D000050,duration,credit,,,,,,,
22D000060,duration,credit,,,,,,,
22D000070,duration,credit,,,,,,,
22D000080,duration,credit,,,,,,,
22D000090,duration,credit,,,,,,,
22D000100,duration,credit,,,,,,,
22D000110,duration,credit,,,,,,,
22D000120,duration,credit,,,,,,,
22D000130,duration,credit,,,,,,,
22D000140,duration,credit,,,,,,,
22D000150,duration,credit,,,,,,,
22D000160,duration,credit,,,,,,,
22D000170,duration,credit,,,,,,,
22D000180,duration,credit,,,,,,,
22D000190,duration,credit,,,,,,,
22D000200,duration,credit,,,,,,,
22D000210,duration,credit,,,,,,,
22D000220,duration,credit,,,,,,,
22D000230,duration,credit,,,,,,,
22D000240,duration,credit,,,,,,,
22D000250,duration,credit,,,,,,,
22D000260,duration,credit,,,,,,,
22D000270,duration,credit,,,,,,,
22D000280,duration,credit,,,,,,,
22E000010,duration,debit,,,,,,,
22E000020,duration,debit,,,,,,,
22E000030,duration,debit,,,,,,,
22E000040,duration,debit,,,,,,,
22E000050,duration,debit,,,,,,,
22E000060,duration,debit,,,,,,,
22E000070,duration,debit,,,,,,,
22E000080,duration,debit,,,,,,,
22E000090,duration,debit,,,,,,,
22E000100,duration,debit,,,,,,,
22E000110,duration,debit,,,,,,,
22E000120,duration,debit,,,,,,,
22E000130,duration,debit,,,,,,,
22E000140,duration,debit,,,,,,,
22E000150,duration,debit,,,,,,,
22E000160,duration,debit,,,,,,,
22E000170,duration,debit,,,,,,,
22E000180,duration,debit,,,,,,,
22E000190,duration,debit,,,,,,,
22E000200,duration,debit,,,,,,,
22E000210,duration,debit,,,,,,,
22E000220,duration,debit,,,,,,,
22E000230,duration,debit,,,,,,,
22E000240,duration,debit,,,,,,,
22E000250,duration,debit,,,,,,,
22E000260,duration,debit,,,,,,,
22E000270,duration,debit,,,,,,,
22E000280,duration,debit,,,,,,,
22E000290,duration,debit,,,,,,,
22E000300,duration,debit,,,,,,,
22E000310,duration,debit,,,,,,,
22E000320,duration,debit,,,,,,,
22E000330,duration,debit,,,,,,,
22E000340,duration,debit,,,,,,,
22E000350,duration,debit,,,,,,,
22E000360,duration,debit,,,,,,,
22E000370,duration,debit,,,,,,,
22E000380,duration,debit,,,,,,,
22E000390,duration,debit,,,,,,,
22E000400,duration,debit,,,,,,,
22E000410,duration,debit,,,,,,,
22E000420,duration,debit,,,,,,,
22E000430,duration,debit,,,,,,,
22F000010,duration,credit,,,,,,,
22D200010,duration,credit,,,,,,,
22D200020,duration,credit,,,,,,,
22D200030,duration,credit,,,,,,,
22D200040,duration,credit,,,,,,,
22D200050,duration,credit,,,,,,,
22D200060,duration,credit,,,,,,,
22D200070,duration,credit,,,,,,,
22D200080,duration,credit,,,,,,,
22E300010,duration,debit,,,,,,,
22E300020,duration,debit,,,,,,,
22E300030,duration,debit,,,,,,,
22E300040,duration,debit,,,,,,,
22E300050,duration,debit,,,,,,,
22E300060,duration,debit,,,,,,,
22E300070,duration,debit,,,,,,,
22E300080,duration,debit,,,,,,,
22E300090,duration,debit,,,,,,,
22E300100,duration,debit,,,,,,,
22E300110,duration,debit,,,,,,,
22E300120,duration,debit,,,,,,,
22D000290,duration,credit,,,,,,,
22E000440,duration,debit,,,,,,,
22F000020,duration,credit,,,,,,,
22E400010,duration,,title,,,,,,
22E400020,duration,debit,,,,,,,
22E400030,duration,debit,,,,,,,
22E400040,duration,debit,,,,,,,
22E400050,duration,,title,,,,,,
22E400060,duration,debit,,,,,,,
22E400070,duration,debit,,,,,,,
22E400080,duration,debit,,,,,,,
22D300010,duration,credit,,,,,,,
22D300020,duration,credit,,,,,,,
22D300030,duration,credit,,,,,,,
22E400090,duration,debit,,,,,,,
22E400100,duration,debit,,,,,,,
22F000030,duration,credit,,,,,,,
22F100010,duration,debit,,,,,,,
22F100020,duration,debit,,,,,,,
22F100030,duration,debit,,,,,,,
22F100040,duration,debit,,,,,,,
22F000040,duration,credit,,,,,,,
22F100050,duration,,title,,,,,,
22F100060,duration,credit,,,,,,,
22F100070,duration,credit,,,,,,,
23D100010,duration,credit,,,,,,,
23D100020,duration,credit,,,,,,,
23D100030,duration,credit,,,,,,,
23D100040,duration,,title,,,,,,
23D100050,duration,credit,,,,,,,
23D100060,duration,credit,,,,,,,
23D100070,duration,credit,,,,,,,
23D100080,duration,credit,,,,,,,
23D100090,duration,credit,,,,,,,
23D100100,duration,,title,,,,,,
23D100110,duration,credit,,,,,,,
23E100010,duration,,title,,,,,,
23E100020,duration,debit,,,,,,,
23E100030,duration,debit,,,,,,,
23E100040,duration,debit,,,,,,,
23E100050,duration,credit,,,,,,,
23E100060,duration,credit,,,,,,,
23E100070,duration,debit,,,,,,,
23E100080,duration,debit,,,,,,,
23E100090,duration,debit,,,,,,,
23E100100,duration,debit,,,,,,,
23F000010,duration,credit,,,,,,,
23E200010,duration,,title,,,,,,
23E200020,duration,debit,,,,,,,
23E200030,duration,debit,,,,,,,
23E200040,duration,debit,,,,,,,
23F000020,duration,credit,,,,,,,
23D000010,duration,,title,,,,,,
23D000020,duration,credit,,,,,,,
23D000030,duration,credit,,,,,,,
23D000040,duration,credit,,,,,,,
23D000050,duration,credit,,,,,,,
23E000010,duration,,title,,,,,,
23E000020,duration,debit,,,,,,,
23E000030,duration,debit,,,,,,,
23E000040,duration,debit,,,,,,,
23E000050,duration,debit,,,,,,,
23D000060,duration,,title,,,,,,
23D000070,duration,credit,,,,,,,
23D000080,duration,credit,,,,,,,
23D000090,duration,credit,,,,,,,
23D000100,duration,credit,,,,,,,
23E000060,duration,,title,,,,,,
23E000070,duration,debit,,,,,,,
23E000080,duration,debit,,,,,,,
23E000090,duration,debit,,,,,,,
23E000100,duration,debit,,,,,,,
23F000030,duration,credit,,,,,,,
23D200010,duration,,title,,,,,,
23D200020,duration,credit,,,,,,,
23D200030,duration,credit,,,,,,,
23D200040,duration,credit,,,,,,,
23D200050,duration,credit,,,,,,,
23D200060,duration,credit,,,,,,,
23E300010,duration,,title,,,,,,
23E300020,duration,debit,,,,,,,
23E300030,duration,debit,,,,,,,
23E300040,duration,debit,,,,,,,
23E300050,duration,debit,,,,,,,
23E300060,duration,debit,,,,,,,
23E300070,duration,debit,,,,,,,
23E300080,duration,debit,,,,,,,
23E300090,duration,debit,,,,,,,
23F000040,duration,credit,,,,,,,
23D300010,duration,,title,,,,,,
23D300020,duration,credit,,,,,,,
23D300030,duration,credit,,,,,,,
23D300040,duration,credit,,,,,,,
23D300050,duration,credit,,,,,,,
23D300060,duration,credit,,,,,,,
23E400010,duration,,title,,,,,,
23E400020,duration,debit,,,,,,,
23E400030,duration,debit,,,,,,,
23E400040,duration,debit,,,,,,,
23E400050,duration,debit,,,,,,,
23E400060,duration,debit,,,,,,,
23F000050,duration,credit,,,,,,,
23F100010,duration,debit,,,,,,,
23F100020,duration,debit,,,,,,,
23F100030,duration,debit,,,,,,,
23F000060,duration,credit,,,,,,,
23F100040,duration,,title,,,,,,
23F100050,duration,credit,,,,,,,
23F100060,duration,credit,,,,,,,
24D100010,duration,,title,,,,,,
24D100020,duration,credit,,,,,,,
24D100030,duration,,title,,,,,,
24D100040,duration,credit,,,,,,,
24D100050,duration,credit,,,,,,,
24D100060,duration,credit,,,,,,,
24D100070,duration,credit,,,,,,,
24D100080,duration,credit,,,,,,,
24E100010,duration,,title,,,,,,
24E100020,duration,debit,,,,,,,
24E100030,duration,,title,,,,,,
24E100040,duration,debit,,,,,,,
24E100050,duration,debit,,,,,,,
24E100060,duration,debit,,,,,,,
24E200010,duration,debit,,,,,,,
24E200020,duration,debit,,,,,,,
24F000010,duration,credit,,,,,,,
24D200010,duration,,title,,,,,,
24D200020,duration,credit,,,,,,,
24D200030,duration,credit,,,,,,,
24D200040,duration,credit,,,,,,,
24E300010,duration,,title,,,,,,
24E300020,duration,debit,,,,,,,
24E300030,duration,debit,,,,,,,
24F000020,duration,credit,,,,,,,
24D300010,duration,,title,,,,,,
24D300020,duration,credit,,,,,,,
24E400010,duration,,title,,,,,,
24E400020,duration,debit,,,,,,,
24F000030,duration,credit,,,,,,,
24F100010,duration,debit,,,,,,,
24F100020,duration,debit,,,,,,,
24F100030,duration,debit,,,,,,,
24F000040,duration,credit,,,,,,,
24F000050,duration,credit,,,,,,,
24F100040,duration,,title,,,,,,
24F100050,duration,debit,,,,,,,
24F100060,duration,debit,,,,,,,
24F100070,duration,debit,,,,,,,
24F000060,duration,credit,,,,,,,
25D000010,duration,,title,,,,,,
25D000020,duration,credit,,,,,,,
25D000030,duration,credit,,,,,,,
25D000040,duration,credit,,,,,,,
25D000050,duration,credit,,,,,,,
25D000060,duration,credit,,,,,,,
25E000010,duration,,title,,,,,,
25E000020,duration,debit,,,,,,,
25E000030,duration,debit,,,,,,,
25E000040,duration,debit,,,,,,,
25E000050,duration,debit,,,,,,,
25E000060,duration,debit,,,,,,,
25E000070,duration,debit,,,,,,,
25E000080,duration,debit,,,,,,,
25E000090,duration,debit,,,,,,,
25E000100,duration,debit,,,,,,,
25E000110,duration,debit,,,,,,,
25E000120,duration,debit,,,,,,,
25E000130,duration,debit,,,,,,,
25E000140,duration,debit,,,,,,,
25E000150,duration,debit,,,,,,,
25E200010,duration,,title,,,,,,
25E200020,duration,debit,,,,,,,
25E200030,duration,debit,,,,,,,
25E200040,duration,debit,,,,,,,
25E200050,duration,debit,,,,,,,
25E200060,duration,debit,,,,,,,
25E200070,duration,debit,,,,,,,
25E200080,duration,debit,,,,,,,
25E200090,duration,debit,,,,,,,
25E200100,duration,debit,,,,,,,
25E200110,duration,debit,,,,,,,
25E200120,duration,debit,,,,,,,
25E200130,duration,debit,,,,,,,
25E200140,duration,debit,,,,,,,
25E200150,duration,debit,,,,,,,
25F000010,duration,credit,,,,,,,
25D200010,duration,,title,,,,,,
25D200020,duration,credit,,,,,,,
25D200030,duration,credit,,,,,,,
25D200040,duration,credit,,,,,,,
25D200050,duration,credit,,,,,,,
25D200060,duration,credit,,,,,,,
25D200070,duration,credit,,,,,,,
25D200080,duration,credit,,,,,,,
25E300010,duration,,title,,,,,,
25E300020,duration,debit,,,,,,,
25E300030,duration,debit,,,,,,,
25E300040,duration,debit,,,,,,,
25E300050,duration,debit,,,,,,,
25E300060,duration,debit,,,,,,,
25E300070,duration,debit,,,,,,,
25F000020,duration,credit,,,,,,,
25D300010,duration,,title,,,,,,
25D300020,duration,credit,,,,,,,
25D300030,duration,credit,,,,,,,
25E400010,duration,,title,,,,,,
25E400020,duration,debit,,,,,,,
25E400030,duration,debit,,,,,,,
25F000030,duration,credit,,,,,,,
25F100010,duration,debit,,,,,,,
25F100020,duration,debit,,,,,,,
25F100030,duration,debit,,,,,,,
25F000040,duration,credit,,,,,,,
25F100040,duration,,title,,,,,,
25F100050,duration,credit,,,,,,,
25F100060,duration,credit,,,,,,,
26D000010,duration,,title,,,,,,
26D000020,duration,credit,,,,,,,
26D000030,duration,credit,,,,,,,
26D000040,duration,credit,,,,,,,
26D000050,duration,credit,,,,,,,
26D000060,duration,credit,,,,,,,
26D000070,duration,credit,,,,,,,
26D000080,duration,credit,,,,,,,
26E000010,duration,,title,,,,,,
26E000020,duration,debit,,,,,,,
26E000030,duration,debit,,,,,,,
26E000040,duration,debit,,,,,,,
26E000050,duration,debit,,,,,,,
26E000060,duration,debit,,,,,,,
26E000070,duration,debit,,,,,,,
26E000080,duration,debit,,,,,,,
26E000090,duration,debit,,,,,,,
26F000010,duration,credit,,,,,,,
26D200010,duration,,title,,,,,,
26D200020,duration,credit,,,,,,,
26D200030,duration,credit,,,,,,,
26E300010,duration,,title,,,,,,
26E300020,duration,debit,,,,,,,
26E300030,duration,debit,,,,,,,
26E300040,duration,debit,,,,,,,
26E300050,duration,debit,,,,,,,
26E300060,duration,debit,,,,,,,
26E300070,duration,debit,,,,,,,
26E300080,duration,debit,,,,,,,
26E300090,duration,debit,,,,,,,
26E300100,duration,debit,,,,,,,
26E300110,duration,debit,,,,,,,
26F000020,duration,credit,,,,,,,
26D300010,duration,,title,,,,,,
26D300020,duration,credit,,,,,,,
26D300030,duration,credit,,,,,,,
26E400010,duration,,title,,,,,,
26E400020,duration,debit,,,,,,,
26E400030,duration,debit,,,,,,,
26E400040,duration,debit,,,,,,,
26F000030,duration,credit,,,,,,,
26F100010,duration,debit,,,,,,,
26F100020,duration,debit,,,,,,,
26F100030,duration,debit,,,,,,,
26F000040,duration,credit,,,,,,,
26F000050,duration,credit,,,,,,,
26F000060,duration,credit,,,,,,,
27D000010,duration,,title,,,,,,
27D000020,duration,credit,,,,,,,
27D000030,duration,,title,,,,,,
27D000040,duration,credit,,,,,,,
27D000050,duration,credit,,,,,,,
27D000060,duration,credit,,,,,,,
27D000070,duration,credit,,,,,,,
27D000080,duration,credit,,,,,,,
27D000090,duration,credit,,,,,,,
27D000100,duration,credit,,,,,,,
27D000110,duration,credit,,,,,,,
27D000120,duration,credit,,,,,,,
27E000010,duration,,title,,,,,,
27E000020,duration,,title,,,,,,
27E000030,duration,debit,,,,,,,
27E000040,duration,debit,,,,,,,
27E000050,duration,debit,,,,,,,
27E000060,duration,debit,,,,,,,
27E000070,duration,debit,,,,,,,
27E000080,duration,debit,,,,,,,
27E000090,duration,debit,,,,,,,
27E000100,duration,,title,,,,,,
27E000110,duration,debit,,,,,,,
27E000120,duration,debit,,,,,,,
27E000130,duration,debit,,,,,,,
27E000140,duration,debit,,,,,,,
27E000150,duration,debit,,,,,,,
27E000160,duration,debit,,,,,,,
27E000170,duration,debit,,,,,,,
27E000180,duration,debit,,,,,,,
27E000190,duration,debit,,,,,,,
27E000200,duration,debit,,,,,,,
27E000210,duration,debit,,,,,,,
27E000220,duration,debit,,,,,,,
27E000230,duration,debit,,,,,,,
27E000240,duration,debit,,,,,,,
27E000250,duration,debit,,,,,,,
27F000010,duration,credit,,,,,,,
27D200010,duration,,title,,,,,,
27D200020,duration,credit,,,,,,,
27D200030,duration,credit,,,,,,,
27D200040,duration,credit,,,,,,,
27D200050,duration,credit,,,,,,,
27E300010,duration,,title,,,,,,
27E300020,duration,debit,,,,,,,
27E300030,duration,debit,,,,,,,
27E300040,duration,debit,,,,,,,
27E300050,duration,debit,,,,,,,
27F000020,duration,credit,,,,,,,
27D300010,duration,,title,,,,,,
27D300020,duration,credit,,,,,,,
27E400010,duration,,title,,,,,,
27E400020,duration,debit,,,,,,,
27F000030,duration,credit,,,,,,,
27F100010,duration,debit,,,,,,,
27F100020,duration,debit,,,,,,,
27F100030,duration,debit,,,,,,,
27F000040,duration,credit,,,,,,,
27F100040,duration,,title,,,,,,
27F100050,duration,credit,,,,,,,
27F100060,duration,credit,,,,,,,
28D000010,duration,,title,,,,,,
28D000020,duration,,title,,,,,,
28D000030,duration,credit,,,,,,,
28E000010,duration,,title,,,,,,
28E000020,duration,debit,,,,,,,
28E000030,duration,debit,,,,,,,
28E000040,duration,debit,,,,,,,
28F000010,duration,credit,,,,,,,
28D000040,duration,,title,,,,,,
28D000050,duration,credit,,,,,,,
28E000050,duration,debit,,,,,,,
28F000020,duration,credit,,,,,,,
28D000060,duration,,title,,,,,,
28D000070,duration,credit,,,,,,,
28E000060,duration,debit,,,,,,,
28F000030,duration,credit,,,,,,,
28F000040,duration,credit,,,,,,,
28D200010,duration,,title,,,,,,
28D200020,duration,credit,,,,,,,
28D200030,duration,credit,,,,,,,
28D200040,duration,credit,,,,,,,
28E300010,duration,,title,,,,,,
28E300020,duration,debit,,,,,,,
28E300030,duration,debit,,,,,,,
28E300040,duration,debit,,,,,,,
28F000050,duration,credit,,,,,,,
28D300010,duration,credit,,,,,,,
28D300020,duration,credit,,,,,,,
28D300030,duration,credit,,,,,,,
28E400010,duration,debit,,,,,,,
28E400020,duration,debit,,,,,,,
28E400030,duration,debit,,,,,,,
28F000060,duration,credit,,,,,,,
28F100010,duration,debit,,,,,,,
28F100020,duration,debit,,,,,,,
28F100030,duration,debit,,,,,,,
28F000070,duration,credit,,,,,,,
28F100040,duration,,title,,,,,,
28F100050,duration,credit,,,,,,,
28F100060,duration,credit,,,,,,,
29D000010,duration,,title,,,,,,
29D000020,duration,,title,,,,,,
29D000030,duration,,title,,,,,,
29D000040,duration,credit,,,,,,,
29D000050,duration,credit,,,,,,,
29D000060,duration,credit,,,,,,,
29D000070,duration,credit,,,,,,,
29D000080,duration,credit,,,,,,,
29D000090,duration,credit,,,,,,,
29E000010,duration,,title,,,,,,
29E000020,duration,debit,,,,,,,
29E000030,duration,debit,,,,,,,
29E000040,duration,debit,,,,,,,
29E000050,duration,debit,,,,,,,
29F000010,duration,credit,,,,,,,
29D000100,duration,,title,,,,,,
29D000110,duration,credit,,,,,,,
29E000060,duration,debit,,,,,,,
29F000020,duration,credit,,,,,,,
29F000030,duration,credit,,,,,,,
29D200010,duration,,title,,,,,,
29D200020,duration,credit,,,,,,,
29D200030,duration,credit,,,,,,,
29D200040,duration,credit,,,,,,,
29E300010,duration,,title,,,,,,
29E300020,duration,debit,,,,,,,
29E300030,duration,debit,,,,,,,
29E300040,duration,debit,,,,,,,
29F000040,duration,credit,,,,,,,
29D300010,duration,,title,,,,,,
29D300020,duration,credit,,,,,,,
29D300030,duration,credit,,,,,,,
29D300040,duration,credit,,,,,,,
29E400010,duration,,title,,,,,,
29E400020,duration,debit,,,,,,,
29E400030,duration,debit,,,,,,,
29E400040,duration,debit,,,,,,,
29E400050,duration,debit,,,,,,,
29E400060,duration,debit,,,,,,,
29F000050,duration,credit,,,,,,,
29F100010,duration,debit,,,,,,,
29F100020,duration,debit,,,,,,,
29F100030,duration,debit,,,,,,,
29F000060,duration,credit,,,,,,,
29F100040,duration,,title,,,,,,
29F100050,duration,credit,,,,,,,
29F100060,duration,credit,,,,,,,
30D000010,duration,,title,,,,,,
30D000020,duration,credit,,,,,,,
30D000030,duration,credit,,,,,,,
30D000040,duration,credit,,,,,,,
30D000050,duration,credit,,,,,,,
30E200010,duration,,title,,,,,,
30E200020,duration,debit,,,,,,,
30E200030,duration,debit,,,,,,,
30E200040,duration,debit,,,,,,,
30E200050,duration,debit,,,,,,,
30E200060,duration,debit,,,,,,,
30E200070,duration,debit,,,,,,,
30E200080,duration,debit,,,,,,,
30E200090,duration,debit,,,,,,,
30E200100,duration,debit,,,,,,,
30E200110,duration,debit,,,,,,,
30E200120,duration,debit,,,,,,,
30E200130,duration,debit,,,,,,,
30E200140,duration,debit,,,,,,,
30E200150,duration,debit,,,,,,,
30E200160,duration,debit,,,,,,,
30E200170,duration,debit,,,,,,,
30E200180,duration,debit,,,,,,,
30E200190,duration,debit,,,,,,,
30E200200,duration,debit,,,,,,,
30E200210,duration,debit,,,,,,,
30E200220,duration,debit,,,,,,,
30E200230,duration,debit,,,,,,,
30E200240,duration,debit,,,,,,,
30E200250,duration,debit,,,,,,,
30E200260,duration,debit,,,,,,,
30E200270,duration,debit,,,,,,,
30E200280,duration,debit,,,,,,,
30E200290,duration,debit,,,,,,,
30E200300,duration,debit,,,,,,,
30E200310,duration,debit,,,,,,,
30F000010,duration,credit,,,,,,,
30D200010,duration,,title,,,,,,
30D200020,duration,credit,,,,,,,
30D200030,duration,credit,,,,,,,
30D200040,duration,credit,,,,,,,
30D200050,duration,credit,,,,,,,
30D200060,duration,credit,,,,,,,
30D200070,duration,credit,,,,,,,
30D200080,duration,credit,,,,,,,
30D200090,duration,credit,,,,,,,
30D200100,duration,credit,,,,,,,
30D200110,duration,credit,,,,,,,
30D200120,duration,credit,,,,,,,
30E300010,duration,,title,,,,,,
30E300020,duration,debit,,,,,,,
30E300030,duration,debit,,,,,,,
30E300040,duration,debit,,,,,,,
30E300050,duration,debit,,,,,,,
30E300060,duration,debit,,,,,,,
30E300070,duration,debit,,,,,,,
30E300080,duration,debit,,,,,,,
30E300090,duration,debit,,,,,,,
30E300100,duration,debit,,,,,,,
30E300110,duration,debit,,,,,,,
30E300120,duration,debit,,,,,,,
30F000020,duration,credit,,,,,,,
30D300010,duration,,title,,,,,,
30D300020,duration,credit,,,,,,,
30D300030,duration,credit,,,,,,,
30D300040,duration,credit,,,,,,,
30D300050,duration,credit,,,,,,,
30D300060,duration,credit,,,,,,,
30D300070,duration,credit,,,,,,,
30D300080,duration,credit,,,,,,,
30E400010,duration,,title,,,,,,
30E400020,duration,debit,,,,,,,
30E400030,duration,debit,,,,,,,
30E400040,duration,debit,,,,,,,
30E400050,duration,debit,,,,,,,
30E400060,duration,debit,,,,,,,
30E400070,duration,debit,,,,,,,
30F000030,duration,credit,,,,,,,
30F100010,duration,debit,,,,,,,
30F100020,duration,debit,,,,,,,
30F100030,duration,debit,,,,,,,
30F000040,duration,credit,,,,,,,
30F100040,duration,,title,,,,,,
30F100050,duration,credit,,,,,,,
30F100060,duration,credit,,,,,,,
31D100010,duration,,title,,,,,,
31D100020,duration,credit,,,,,,,
31D100030,duration,credit,,,,,,,
31D100040,duration,credit,,,,,,,
31D100050,duration,credit,,,,,,,
31D100060,duration,credit,,,,,,,
31D100070,duration,credit,,,,,,,
31D100080,duration,credit,,,,,,,
31D100090,duration,credit,,,,,,,
31E100010,duration,,title,,,,,,
31E100020,duration,debit,,,,,,,
31E100030,duration,debit,,,,,,,
31E100040,duration,debit,,,,,,,
31E100050,duration,debit,,,,,,,
31E100060,duration,debit,,,,,,,
31E100070,duration,debit,,,,,,,
31E100080,duration,debit,,,,,,,
31F000010,duration,credit,,,,,,,
31E200010,duration,debit,,,,,,,
31F000020,duration,credit,,,,,,,
31D200010,duration,,title,,,,,,
31D200020,duration,credit,,,,,,,
31D200030,duration,credit,,,,,,,
31D200040,duration,credit,,,,,,,
31D200050,duration,credit,,,,,,,
31D200060,duration,credit,,,,,,,
31E300010,duration,,title,,,,,,
31E300020,duration,debit,,,,,,,
31E300030,duration,debit,,,,,,,
31E300040,duration,debit,,,,,,,
31F000030,duration,credit,,,,,,,
31D300010,duration,,title,,,,,,
31D300020,duration,credit,,,,,,,
31E400010,duration,,title,,,,,,
31E400020,duration,debit,,,,,,,
31F000040,duration,credit,,,,,,,
31F100010,duration,debit,,,,,,,
31F100020,duration,debit,,,,,,,
31F100030,duration,debit,,,,,,,
31F000050,duration,credit,,,,,,,
31F100040,duration,,title,,,,,,
31F100050,duration,credit,,,,,,,
31F100060,duration,credit,,,,,,,
32G000010,duration,,title,,,,,,
32G000020,duration,credit,,,,,,,
32G000030,duration,credit,,,,,,,
32G000040,duration,credit,,,,,,,
32G000050,duration,credit,,,,,,,
32G000060,duration,credit,,,,,,,
32G000070,duration,credit,,,,,,,
32G000080,duration,credit,,,,,,,
32G000090,duration,credit,,,,,,,
32G000100,duration,credit,,,,,,,
32G000110,duration,credit,,,,,,,
32G000120,duration,credit,,,,,,,
32G000130,duration,credit,,,,,,,
32G000140,duration,credit,,,,,,,
32G000150,duration,credit,,,,,,,
32G000160,duration,credit,,,,,,,
32G000170,duration,credit,,,,,,,
32G000180,duration,credit,,,,,,,
32G000190,duration,credit,,,,,,,
32H000010,duration,,title,,,,,,
32H000020,duration,debit,,,,,,,
32H000030,duration,debit,,,,,,,
32H000040,duration,debit,,,,,,,
32H000050,duration,debit,,,,,,,
32H000060,duration,debit,,,,,,,
32H000070,duration,debit,,,,,,,
32H000080,duration,debit,,,,,,,
32H000090,duration,debit,,,,,,,
32H000100,duration,debit,,,,,,,
32H000110,duration,debit,,,,,,,
32H000120,duration,debit,,,,,,,
32H000130,duration,debit,,,,,,,
32H000140,duration,debit,,,,,,,
32H000150,duration,debit,,,,,,,
32H000160,duration,debit,,,,,,,
32H000170,duration,debit,,,,,,,
32H000180,duration,debit,,,,,,,
32H000190,duration,debit,,,,,,,
32J000010,duration,credit,,,,,,,
32G200010,duration,,title,,,,,,
32G200020,duration,credit,,,,,,,
32H300010,duration,,title,,,,,,
32H300020,duration,debit,,,,,,,
32J000020,duration,credit,,,,,,,
32G300010,duration,,title,,,,,,
32G300020,duration,credit,,,,,,,
32H400010,duration,,title,,,,,,
32H400020,duration,debit,,,,,,,
32J000030,duration,credit,,,,,,,
32J100010,duration,debit,,,,,,,
32J100020,duration,debit,,,,,,,
32J000040,duration,credit,,,,,,,
32J100030,duration,debit,,,,,,,
32J100040,duration,debit,,,,,,,
32J100050,duration,credit,,,,,,,
32J100060,duration,credit,,,,,,,
32J000050,duration,credit,,,,,,,
32J100070,duration,credit,,,,,,,
32J100080,duration,credit,,,,,,,
32J100090,duration,credit,,,,,,,
32J100100,duration,credit,,,,,,,
32J100110,duration,debit,,,,,,,
32J100120,duration,debit,,,,,,,
32J100130,duration,debit,,,,,,,
32J100140,duration,debit,,,,,,,
32J100150,duration,debit,,,,,,,