NT0101,instant,,,,,,,,CurrentYearNonConsolidatedInstant
NT0201,instant,,,,,,,,CurrentYearNonConsolidatedInstant
NT0202,instant,,,,,,,,CurrentYearNonConsolidatedInstant
NT0203,instant,,,,,,,,CurrentYearNonConsolidatedInstant
NT0204,instant,,,,,,,,CurrentYearNonConsolidatedInstant
NT0205,instant,,,,,,,,CurrentYearNonConsolidatedInstant
NT0206,instant,,,,,,,,CurrentYearNonConsolidatedInstant
NT0207,instant,,,,,,,,CurrentYearNonConsolidatedInstant
NT0208,instant,,,,,,,,CurrentYearNonConsolidatedInstant
NT0209,instant,,,,,,,,CurrentYearNonConsolidatedInstant
NT0210,,,title,tuple,,,,,
NT0211,instant,,,,NT0210,NT0210,0,,CurrentYearNonConsolidatedInstant
NT0212,instant,,,,NT0210,NT0210,0,,CurrentYearNonConsolidatedInstant
NT0213,instant,,,,,,,,CurrentYearNonConsolidatedInstant
NT0214,instant,,,,,,,,CurrentYearNonConsolidatedInstant
NT0301,instant,,,,,,,,CurrentYearNonConsolidatedInstant
NT0302,instant,,,,,,,,CurrentYearNonConsolidatedInstant
NT0303,instant,,,,,,,,CurrentYearNonConsolidatedInstant
NT0304,instant,,,,,,,,CurrentYearNonConsolidatedInstant
NT0305,instant,,,,,,,,CurrentYearNonConsolidatedInstant
NT0306,instant,,,,,,,,CurrentYearNonConsolidatedInstant
NT0307,instant,,,,,,,,CurrentYearNonConsolidatedInstant
NT0308,instant,,,,,,,,CurrentYearNonConsolidatedInstant
NT0309,instant,,,,,,,,CurrentYearNonConsolidatedInstant
NT0310,instant,,,,,,,,CurrentYearNonConsolidatedInstant
NT0311,instant,,,,,,,,CurrentYearNonConsolidatedInstant
NT0312,instant,,,,,,,,CurrentYearNonConsolidatedInstant
NT0313,instant,,,,,,,,CurrentYearNonConsolidatedInstant
NT0314,,,title,tuple,,,,,
NT0315,instant,,,,NT0314,NT0314,0,,CurrentYearNonConsolidatedInstant
NT0316,instant,,,,NT0314,NT0314,0,,CurrentYearNonConsolidatedInstant
NT0317,instant,,,,,,,,CurrentYearNonConsolidatedInstant
NT0318,instant,,,,,,,,CurrentYearNonConsolidatedInstant
NT0319,instant,,,,,,,,CurrentYearNonConsolidatedInstant
NT0320,instant,,,,,,,,CurrentYearNonConsolidatedInstant
NT0321,instant,,,,,,,,CurrentYearNonConsolidatedInstant
NT0322,instant,,,,,,,,CurrentYearNonConsolidatedInstant
NT0323,instant,,,,,,,,CurrentYearNonConsolidatedInstant
NT0324,instant,,,,,,,,CurrentYearNonConsolidatedInstant
NT0325,instant,,,,,,,,CurrentYearNonConsolidatedInstant
NT0326,instant,,,,,,,,CurrentYearNonConsolidatedInstant
NT0327,instant,,,,,,,,CurrentYearNonConsolidatedInstant
NT0328,instant,,,,,,,,CurrentYearNonConsolidatedInstant
NT0329,instant,,,,,,,,CurrentYearNonConsolidatedInstant
NT0330,instant,,,,,,,,CurrentYearNonConsolidatedInstant
NT0331,,,title,tuple,,,,,
NT0332,instant,,,,NT0331,NT0331,0,,CurrentYearNonConsolidatedInstant
NT0333,instant,,,,NT0331,NT0331,0,,CurrentYearNonConsolidatedInstant
NT0401,instant,,,,,,,,CurrentYearNonConsolidatedInstant
NT0402,instant,,,,,,,,CurrentYearNonConsolidatedInstant
NT0403,instant,,,,,,,,CurrentYearNonConsolidatedInstant
NT0404,instant,,,,,,,,CurrentYearNonConsolidatedInstant
NT0405,instant,,,,,,,,CurrentYearNonConsolidatedInstant
NT0406,instant,,,,,,,,CurrentYearNonConsolidatedInstant
NT0407,instant,,,,,,,,CurrentYearNonConsolidatedInstant
NT0408,,,title,tuple,,,,,
NT0409,instant,,,,NT0408,NT0408,0,,CurrentYearNonConsolidatedInstant
NT0410,instant,,,,NT0408,NT0408,0,,CurrentYearNonConsolidatedInstant
NT0411,instant,,,,,,,,CurrentYearNonConsolidatedInstant
NT0412,,,title,tuple,,,,,
NT0413,instant,,,,NT0412,NT0412,0,,CurrentYearNonConsolidatedInstant
NT0414,instant,,,,NT0412,NT0412,0,,CurrentYearNonConsolidatedInstant
NT0501,instant,,,,,,,,CurrentYearNonConsolidatedInstant
NT0502,instant,,,,,,,,CurrentYearNonConsolidatedInstant
NT0503,instant,,,,,,,,CurrentYearNonConsolidatedInstant
NT0504,instant,,,,,,,,CurrentYearNonConsolidatedInstant
NT0505,instant,,,,,,,,Prior1YearNonConsolidatedInstant
NT0506,instant,,,,,,,,CurrentYearNonConsolidatedInstant
NT0507,instant,,,,,,,,CurrentYearNonConsolidatedInstant
NT0508,instant,,,,,,,,CurrentYearNonConsolidatedInstant
NT0509,instant,,,,,,,,CurrentYearNonConsolidatedInstant
NT0510,instant,,,,,,,,CurrentYearNonConsolidatedInstant
NT0511,instant,,,,,,,,Prior1YearNonConsolidatedInstant
NT0512,instant,,,,,,,,CurrentYearNonConsolidatedInstant
NT0513,instant,,,,,,,,CurrentYearNonConsolidatedInstant
NT0514,instant,,,,,,,,CurrentYearNonConsolidatedInstant
NT0515,instant,,,,,,,,CurrentYearNonConsolidatedInstant
NT0516,instant,,,,,,,,CurrentYearNonConsolidatedInstant
NT0517,instant,,,,,,,,Prior1YearNonConsolidatedInstant
NT0518,instant,,,,,,,,CurrentYearNonConsolidatedInstant
NT0519,instant,,,,,,,,CurrentYearNonConsolidatedInstant
NT0520,instant,,,,,,,,CurrentYearNonConsolidatedInstant
NT0521,instant,,,,,,,,CurrentYearNonConsolidatedInstant
NT0522,instant,,,,,,,,CurrentYearNonConsolidatedInstant
NT0523,instant,,,,,,,,CurrentYearNonConsolidatedInstant
NT0524,instant,,,,,,,,CurrentYearNonConsolidatedInstant
NT0525,instant,,,,,,,,Prior1YearNonConsolidatedInstant
NT0526,instant,,,,,,,,CurrentYearNonConsolidatedInstant
NT0527,instant,,,,,,,,CurrentYearNonConsolidatedInstant
NT0528,instant,,,,,,,,CurrentYearNonConsolidatedInstant
NT0529,instant,,,,,,,,CurrentYearNonConsolidatedInstant
NT0530,instant,,,,,,,,CurrentYearNonConsolidatedInstant
NT0531,instant,,,,,,,,Prior1YearNonConsolidatedInstant
NT0532,instant,,,,,,,,CurrentYearNonConsolidatedInstant
NT0533,instant,,,,,,,,CurrentYearNonConsolidatedInstant
NT0534,instant,,,,,,,,CurrentYearNonConsolidatedInstant
NT0535,instant,,,,,,,,CurrentYearNonConsolidatedInstant
NT0536,instant,,,,,,,,CurrentYearNonConsolidatedInstant
NT0537,instant,,title,,,,,,CurrentYearNonConsolidatedInstant
NT0538,instant,,,,,,,,CurrentYearNonConsolidatedInstant
NT0539,instant,,,,,,,,CurrentYearNonConsolidatedInstant
NT0540,instant,,,,,,,,Prior1YearNonConsolidatedInstant
NT0541,instant,,,,,,,,CurrentYearNonConsolidatedInstant
NT0542,instant,,,,,,,,CurrentYearNonConsolidatedInstant
NT0543,instant,,,,,,,,CurrentYearNonConsolidatedInstant
NT0544,instant,,,,,,,,CurrentYearNonConsolidatedInstant
NT0545,instant,,,,,,,,CurrentYearNonConsolidatedInstant
NT0546,instant,,,,,,,,CurrentYearNonConsolidatedInstant
NT0547,instant,,,,,,,,CurrentYearNonConsolidatedInstant
NT0548,instant,,,,,,,,CurrentYearNonConsolidatedInstant
NT0549,instant,,,,,,,,CurrentYearNonConsolidatedInstant
NT0550,instant,,,,,,,,CurrentYearNonConsolidatedInstant
NT0551,instant,,,,,,,,CurrentYearNonConsolidatedInstant
NT0552,,,title,tuple,,,,,
NT0553,instant,,,,NT0552,NT0552,0,,CurrentYearNonConsolidatedInstant
NT0554,instant,,,,NT0552,NT0552,0,,CurrentYearNonConsolidatedInstant
NT0555,instant,,,,NT0552,NT0552,0,,CurrentYearNonConsolidatedInstant
NT0556,instant,,,,NT0552,NT0552,0,,CurrentYearNonConsolidatedInstant
NT0557,instant,,,,NT0552,NT0552,0,,CurrentYearNonConsolidatedInstant
NT0558,instant,,,,NT0552,NT0552,0,,CurrentYearNonConsolidatedInstant
NT0559,instant,,,,,,,,CurrentYearNonConsolidatedInstant
NT0560,,,title,tuple,,,,,
NT0561,instant,,,,NT0560,NT0560,0,,CurrentYearNonConsolidatedInstant
NT0562,instant,,,,NT0560,NT0560,0,,CurrentYearNonConsolidatedInstant
NT0563,instant,,,,NT0560,NT0560,0,,CurrentYearNonConsolidatedInstant
NT0564,instant,,,,NT0560,NT0560,0,,CurrentYearNonConsolidatedInstant
NT0565,instant,,,,NT0560,NT0560,0,,CurrentYearNonConsolidatedInstant
NT0566,instant,,,,NT0560,NT0560,0,,CurrentYearNonConsolidatedInstant
NT0567,instant,,,,NT0560,NT0560,0,,CurrentYearNonConsolidatedInstant
NT0568,instant,,,,,,,,CurrentYearNonConsolidatedInstant
NT0569,instant,,,,,,,,CurrentYearNonConsolidatedInstant
NT0570,instant,,,,,,,,CurrentYearNonConsolidatedInstant
NT0571,,,title,tuple,,,,,
NT0572,instant,,,,NT0571,NT0571,0,,CurrentYearNonConsolidatedInstant
NT0573,instant,,,,NT0571,NT0571,0,,CurrentYearNonConsolidatedInstant
NT0574,instant,,,,NT0571,NT0571,0,,CurrentYearNonConsolidatedInstant
NT0575,instant,,,,NT0571,NT0571,0,,CurrentYearNonConsolidatedInstant
NT0576,instant,,,,NT0571,NT0571,0,,CurrentYearNonConsolidatedInstant
NT0577,instant,,,,NT0571,NT0571,0,,CurrentYearNonConsolidatedInstant
NT0578,instant,,,,,,,,CurrentYearNonConsolidatedInstant
NT0579,,,title,tuple,,,,,
NT0580,instant,,,,NT0579,NT0579,0,,CurrentYearNonConsolidatedInstant
NT0581,instant,,,,NT0579,NT0579,0,,CurrentYearNonConsolidatedInstant
NT0582,instant,,,,NT0579,NT0579,0,,CurrentYearNonConsolidatedInstant
NT0583,instant,,,,NT0579,NT0579,0,,CurrentYearNonConsolidatedInstant
NT0584,instant,,,,NT0579,NT0579,0,,CurrentYearNonConsolidatedInstant
NT0585,instant,,,,NT0579,NT0579,0,,CurrentYearNonConsolidatedInstant
NT0586,instant,,,,NT0579,NT0579,0,,CurrentYearNonConsolidatedInstant
NT0601,instant,,,,,,,,CurrentYearNonConsolidatedInstant
NT0602,instant,,,,,,,,CurrentYearNonConsolidatedInstant
NT0603,instant,,,,,,,,CurrentYearNonConsolidatedInstant
NT0701,instant,,,,,,,,CurrentYearNonConsolidatedInstant
NT0702,instant,,,,,,,,CurrentYearNonConsolidatedInstant
NT0703,instant,,,,,,,,CurrentYearNonConsolidatedInstant
NT0704,instant,,,,,,,,CurrentYearNonConsolidatedInstant
NT0705,instant,,,,,,,,CurrentYearNonConsolidatedInstant
NT0801,instant,,,,,,,,CurrentYearNonConsolidatedInstant
NT0802,,,title,tuple,,,,,
NT0803,instant,,,,NT0802,NT0802,0,,CurrentYearNonConsolidatedInstant
NT0804,instant,,,,NT0802,NT0802,0,,CurrentYearNonConsolidatedInstant
NT0805,instant,,,,NT0802,NT0802,0,,CurrentYearNonConsolidatedInstant
NT0806,instant,,,,NT0802,NT0802,0,,CurrentYearNonConsolidatedInstant
NT0807,instant,,,,NT0802,NT0802,0,,CurrentYearNonConsolidatedInstant
NT0808,instant,,,,NT0802,NT0802,0,,CurrentYearNonConsolidatedInstant
NT0809,,,title,tuple,NT0808,NT0802,0,100,
NT0810,instant,,,,NT0809,NT0809,0,,CurrentYearNonConsolidatedInstant
NT0811,instant,,,,NT0809,NT0809,0,,CurrentYearNonConsolidatedInstant
NT0812,instant,,,,NT0802,NT0802,0,,CurrentYearNonConsolidatedInstant
NT0813,instant,,,,NT0802,NT0802,0,,CurrentYearNonConsolidatedInstant
NT0814,instant,,,,NT0802,NT0802,0,,CurrentYearNonConsolidatedInstant
NT0901,instant,,,,,,,,CurrentYearNonConsolidatedInstant
NT0902,instant,,,,,,,,CurrentYearNonConsolidatedInstant
NT0903,instant,,,,,,,,CurrentYearNonConsolidatedInstant
NT1001,instant,,,,,,,,CurrentYearNonConsolidatedInstant
NT1102,instant,,,,,,,,CurrentYearNonConsolidatedInstant
NT1201,,,title,tuple,,,,,
NT1202,instant,,,,NT1201,NT1201,0,,CurrentYearNonConsolidatedInstant
NT1203,instant,,,,NT1201,NT1201,0,,CurrentYearNonConsolidatedInstant