SE0100,duration,,title,,,,,,CurrentYearNonConsolidatedDuration
SE0200,duration,,title,,,,,,CurrentYearNonConsolidatedDuration
SE0201,instant,credit,,,,,,,Prior1YearNonConsolidatedInstant
SE0202,duration,,title,,,,,,CurrentYearNonConsolidatedDuration
SE0203,duration,,,,,,,,CurrentYearNonConsolidatedDuration
SE0298,duration,,,,,,,,CurrentYearNonConsolidatedDuration
SE0299,instant,credit,,,,,,,CurrentYearNonConsolidatedInstant
SE0300,duration,,title,,,,,,CurrentYearNonConsolidatedDuration
SE0400,duration,,title,,,,,,CurrentYearNonConsolidatedDuration
SE0401,instant,credit,,,,,,,Prior1YearNonConsolidatedInstant
SE0402,duration,,title,,,,,,CurrentYearNonConsolidatedDuration
SE0403,duration,,,,,,,,CurrentYearNonConsolidatedDuration
SE0498,duration,,,,,,,,CurrentYearNonConsolidatedDuration
SE0499,instant,credit,,,,,,,CurrentYearNonConsolidatedInstant
SE0500,duration,,title,,,,,,CurrentYearNonConsolidatedDuration
SE0501,instant,credit,,,,,,,Prior1YearNonConsolidatedInstant
SE0502,duration,,title,,,,,,CurrentYearNonConsolidatedDuration
SE0504,duration,,,,,,,,CurrentYearNonConsolidatedDuration
SE0598,duration,,,,,,,,CurrentYearNonConsolidatedDuration
SE0599,instant,credit,,,,,,,CurrentYearNonConsolidatedInstant
SE0600,duration,,title,,,,,,CurrentYearNonConsolidatedDuration
SE0601,instant,credit,,,,,,,Prior1YearNonConsolidatedInstant
SE0602,duration,,title,,,,,,CurrentYearNonConsolidatedDuration
SE0603,duration,,,,,,,,CurrentYearNonConsolidatedDuration
SE0604,duration,,,,,,,,CurrentYearNonConsolidatedDuration
SE0698,duration,,,,,,,,CurrentYearNonConsolidatedDuration
SE0699,instant,credit,,,,,,,CurrentYearNonConsolidatedInstant
SE0700,duration,,title,,,,,,CurrentYearNonConsolidatedDuration
SE0800,duration,,title,,,,,,CurrentYearNonConsolidatedDuration
SE0801,instant,credit,,,,,,,Prior1YearNonConsolidatedInstant
SE0802,duration,,title,,,,,,CurrentYearNonConsolidatedDuration
SE0805,duration,,,,,,,,CurrentYearNonConsolidatedDuration
SE0898,duration,,,,,,,,CurrentYearNonConsolidatedDuration
SE0899,instant,credit,,,,,,,CurrentYearNonConsolidatedInstant
SE0900,duration,,title,,,,,,CurrentYearNonConsolidatedDuration
SE0901,instant,credit,,,,,,,Prior1YearNonConsolidatedInstant
SE0902,duration,,title,,,,,,CurrentYearNonConsolidatedDuration
SE0905,duration,,,,,,,,CurrentYearNonConsolidatedDuration
SE0906,duration,,,,,,,,CurrentYearNonConsolidatedDuration
SE0911,duration,,,,,,,,CurrentYearNonConsolidatedDuration
SE0912,duration,,,,,,,,CurrentYearNonConsolidatedDuration
SE0913,duration,,,,,,,,CurrentYearNonConsolidatedDuration
SE0914,duration,,,,,,,,CurrentYearNonConsolidatedDuration
SE0915,duration,,,,,,,,CurrentYearNonConsolidatedDuration
SE0916,duration,,,,,,,,CurrentYearNonConsolidatedDuration
SE0998,duration,,,,,,,,CurrentYearNonConsolidatedDuration
SE0999,instant,credit,,,,,,,CurrentYearNonConsolidatedInstant
SE1000,duration,,title,,,,,,CurrentYearNonConsolidatedDuration
SE1001,instant,credit,,,,,,,Prior1YearNonConsolidatedInstant
SE1002,duration,,title,,,,,,CurrentYearNonConsolidatedDuration
SE1098,duration,,,,,,,,CurrentYearNonConsolidatedDuration
SE1099,instant,credit,,,,,,,CurrentYearNonConsolidatedInstant
SE1100,duration,,title,,,,,,CurrentYearNonConsolidatedDuration
SE1101,instant,credit,,,,,,,Prior1YearNonConsolidatedInstant
SE1102,duration,,title,,,,,,CurrentYearNonConsolidatedDuration
SE1198,duration,,,,,,,,CurrentYearNonConsolidatedDuration
SE1199,instant,credit,,,,,,,CurrentYearNonConsolidatedInstant
SE1200,duration,,title,,,,,,CurrentYearNonConsolidatedDuration
SE1201,instant,credit,,,,,,,Prior1YearNonConsolidatedInstant
SE1202,duration,,title,,,,,,CurrentYearNonConsolidatedDuration
SE1298,duration,,,,,,,,CurrentYearNonConsolidatedDuration
SE1299,instant,credit,,,,,,,CurrentYearNonConsolidatedInstant
SE1300,duration,,title,,,,,,CurrentYearNonConsolidatedDuration
SE1301,instant,credit,,,,,,,Prior1YearNonConsolidatedInstant
SE1302,duration,,title,,,,,,CurrentYearNonConsolidatedDuration
SE1398,duration,,,,,,,,CurrentYearNonConsolidatedDuration
SE1399,instant,credit,,,,,,,CurrentYearNonConsolidatedInstant
SE1400,duration,,title,,,,,,CurrentYearNonConsolidatedDuration
SE1401,instant,credit,,,,,,,Prior1YearNonConsolidatedInstant
SE1402,duration,,title,,,,,,CurrentYearNonConsolidatedDuration
SE1498,duration,,,,,,,,CurrentYearNonConsolidatedDuration
SE1499,instant,credit,,,,,,,CurrentYearNonConsolidatedInstant
SE1500,duration,,title,,,,,,CurrentYearNonConsolidatedDuration
SE1501,instant,credit,,,,,,,Prior1YearNonConsolidatedInstant
SE1502,duration,,title,,,,,,CurrentYearNonConsolidatedDuration
SE1598,duration,,,,,,,,CurrentYearNonConsolidatedDuration
SE1599,instant,credit,,,,,,,CurrentYearNonConsolidatedInstant
SE1600,duration,,title,,,,,,CurrentYearNonConsolidatedDuration
SE1601,instant,credit,,,,,,,Prior1YearNonConsolidatedInstant
SE1602,duration,,title,,,,,,CurrentYearNonConsolidatedDuration
SE1698,duration,,,,,,,,CurrentYearNonConsolidatedDuration
SE1699,instant,credit,,,,,,,CurrentYearNonConsolidatedInstant
SE1700,duration,,title,,,,,,CurrentYearNonConsolidatedDuration
SE1701,instant,credit,,,,,,,Prior1YearNonConsolidatedInstant
SE1702,duration,,title,,,,,,CurrentYearNonConsolidatedDuration
SE1711,duration,,,,,,,,CurrentYearNonConsolidatedDuration
SE1712,duration,,,,,,,,CurrentYearNonConsolidatedDuration
SE1798,duration,,,,,,,,CurrentYearNonConsolidatedDuration
SE1799,instant,credit,,,,,,,CurrentYearNonConsolidatedInstant
SE1800,duration,,title,,,,,,CurrentYearNonConsolidatedDuration
SE1801,instant,credit,,,,,,,Prior1YearNonConsolidatedInstant
SE1802,duration,,title,,,,,,CurrentYearNonConsolidatedDuration
SE1813,duration,,,,,,,,CurrentYearNonConsolidatedDuration
SE1814,duration,,,,,,,,CurrentYearNonConsolidatedDuration
SE1898,duration,,,,,,,,CurrentYearNonConsolidatedDuration
SE1899,instant,credit,,,,,,,CurrentYearNonConsolidatedInstant
SE1900,duration,,title,,,,,,CurrentYearNonConsolidatedDuration
SE1901,instant,credit,,,,,,,Prior1YearNonConsolidatedInstant
SE1902,duration,,title,,,,,,CurrentYearNonConsolidatedDuration
SE1915,duration,,,,,,,,CurrentYearNonConsolidatedDuration
SE1916,duration,,,,,,,,CurrentYearNonConsolidatedDuration
SE1998,duration,,,,,,,,CurrentYearNonConsolidatedDuration
SE1999,instant,credit,,,,,,,CurrentYearNonConsolidatedInstant
SE2000,duration,,title,,,,,,CurrentYearNonConsolidatedDuration
SE2001,instant,credit,,,,,,,Prior1YearNonConsolidatedInstant
SE2002,duration,,title,,,,,,CurrentYearNonConsolidatedDuration
SE2005,duration,,,,,,,,CurrentYearNonConsolidatedDuration
SE2006,duration,credit,,,,,,,CurrentYearNonConsolidatedDuration
SE2008,duration,,,,,,,,CurrentYearNonConsolidatedDuration
SE2009,duration,,,,,,,,CurrentYearNonConsolidatedDuration
SE2011,duration,,,,,,,,CurrentYearNonConsolidatedDuration
SE2012,duration,,,,,,,,CurrentYearNonConsolidatedDuration
SE2013,duration,,,,,,,,CurrentYearNonConsolidatedDuration
SE2014,duration,,,,,,,,CurrentYearNonConsolidatedDuration
SE2015,duration,,,,,,,,CurrentYearNonConsolidatedDuration
SE2016,duration,,,,,,,,CurrentYearNonConsolidatedDuration
SE2098,duration,,,,,,,,CurrentYearNonConsolidatedDuration
SE2099,instant,credit,,,,,,,CurrentYearNonConsolidatedInstant
SE2100,duration,,title,,,,,,CurrentYearNonConsolidatedDuration
SE2101,instant,credit,,,,,,,Prior1YearNonConsolidatedInstant
SE2102,duration,,title,,,,,,CurrentYearNonConsolidatedDuration
SE2105,duration,,,,,,,,CurrentYearNonConsolidatedDuration
SE2106,duration,,,,,,,,CurrentYearNonConsolidatedDuration
SE2108,duration,,,,,,,,CurrentYearNonConsolidatedDuration
SE2109,duration,,,,,,,,CurrentYearNonConsolidatedDuration
SE2111,duration,,,,,,,,CurrentYearNonConsolidatedDuration
SE2112,duration,,,,,,,,CurrentYearNonConsolidatedDuration
SE2113,duration,,,,,,,,CurrentYearNonConsolidatedDuration
SE2114,duration,,,,,,,,CurrentYearNonConsolidatedDuration
SE2115,duration,,,,,,,,CurrentYearNonConsolidatedDuration
SE2116,duration,,,,,,,,CurrentYearNonConsolidatedDuration
SE2198,duration,,,,,,,,CurrentYearNonConsolidatedDuration
SE2199,instant,credit,,,,,,,CurrentYearNonConsolidatedInstant
SE2300,duration,,title,,,,,,CurrentYearNonConsolidatedDuration
SE2301,instant,credit,,,,,,,Prior1YearNonConsolidatedInstant
SE2302,duration,,title,,,,,,CurrentYearNonConsolidatedDuration
SE2303,duration,,,,,,,,CurrentYearNonConsolidatedDuration
SE2304,duration,,,,,,,,CurrentYearNonConsolidatedDuration
SE2305,duration,,,,,,,,CurrentYearNonConsolidatedDuration
SE2306,duration,,,,,,,,CurrentYearNonConsolidatedDuration
SE2308,duration,,,,,,,,CurrentYearNonConsolidatedDuration
SE2398,duration,,,,,,,,CurrentYearNonConsolidatedDuration
SE2399,instant,credit,,,,,,,CurrentYearNonConsolidatedInstant
SE2400,duration,,title,,,,,,CurrentYearNonConsolidatedDuration
SE2500,duration,,title,,,,,,CurrentYearNonConsolidatedDuration
SE2501,instant,credit,,,,,,,Prior1YearNonConsolidatedInstant
SE2502,duration,,title,,,,,,CurrentYearNonConsolidatedDuration
SE2510,duration,,,,,,,,CurrentYearNonConsolidatedDuration
SE2598,duration,,,,,,,,CurrentYearNonConsolidatedDuration
SE2599,instant,credit,,,,,,,CurrentYearNonConsolidatedInstant
SE2600,duration,,title,,,,,,CurrentYearNonConsolidatedDuration
SE2601,instant,credit,,,,,,,Prior1YearNonConsolidatedInstant
SE2602,duration,,title,,,,,,CurrentYearNonConsolidatedDuration
SE2610,duration,,,,,,,,CurrentYearNonConsolidatedDuration
SE2698,duration,,,,,,,,CurrentYearNonConsolidatedDuration
SE2699,instant,credit,,,,,,,CurrentYearNonConsolidatedInstant
SE2700,duration,,title,,,,,,CurrentYearNonConsolidatedDuration
SE2701,instant,credit,,,,,,,Prior1YearNonConsolidatedInstant
SE2702,duration,,title,,,,,,CurrentYearNonConsolidatedDuration
SE2710,duration,,,,,,,,CurrentYearNonConsolidatedDuration
SE2798,duration,,,,,,,,CurrentYearNonConsolidatedDuration
SE2799,instant,credit,,,,,,,CurrentYearNonConsolidatedInstant
SE2800,duration,,title,,,,,,CurrentYearNonConsolidatedDuration
SE2801,instant,credit,,,,,,,Prior1YearNonConsolidatedInstant
SE2802,duration,,title,,,,,,CurrentYearNonConsolidatedDuration
SE2810,duration,,,,,,,,CurrentYearNonConsolidatedDuration
SE2898,duration,,,,,,,,CurrentYearNonConsolidatedDuration
SE2899,instant,credit,,,,,,,CurrentYearNonConsolidatedInstant
SE3000,duration,,title,,,,,,CurrentYearNonConsolidatedDuration
SE3001,instant,,,,,,,,Prior1YearNonConsolidatedInstant
SE3002,duration,,title,,,,,,CurrentYearNonConsolidatedDuration
SE3005,duration,,,,,,,,CurrentYearNonConsolidatedDuration
SE3010,duration,,,,,,,,CurrentYearNonConsolidatedDuration
SE3098,duration,,,,,,,,CurrentYearNonConsolidatedDuration
SE3099,instant,,,,,,,,CurrentYearNonConsolidatedInstant
SE3100,duration,,title,,,,,,CurrentYearNonConsolidatedDuration
SE3101,instant,credit,,,,,,,Prior1YearNonConsolidatedInstant
SE3102,duration,,title,,,,,,CurrentYearNonConsolidatedDuration
SE3104,duration,,,,,,,,CurrentYearNonConsolidatedDuration
SE3105,duration,,,,,,,,CurrentYearNonConsolidatedDuration
SE3106,duration,,,,,,,,CurrentYearNonConsolidatedDuration
SE3110,duration,,,,,,,,CurrentYearNonConsolidatedDuration
SE3198,duration,,,,,,,,CurrentYearNonConsolidatedDuration
SE3199,instant,credit,,,,,,,CurrentYearNonConsolidatedInstant