/個別注記表,個別注記表,jpfr-etax-t-cte_NotesAbstract,0,0,0
/個別注記表/継続企業の前提に関する注記,継続企業の前提に関する注記,jpfr-etax-t-cte_NotesGoingConcernAssumption,0,0,0
/個別注記表/重要な会計方針に係る事項に関する注記,重要な会計方針に係る事項に関する注記,jpfr-etax-t-cte_NotesSignificantAccountingPolicy,0,0,0
/個別注記表/重要な会計方針に係る事項に関する注記/資産の評価基準及び評価方法,資産の評価基準及び評価方法,jpfr-etax-t-cte_ValuationBasisValuationMethodAssets,0,0,0
/個別注記表/重要な会計方針に係る事項に関する注記/資産の評価基準及び評価方法/有価証券の評価基準及び評価方法,有価証券の評価基準及び評価方法,jpfr-etax-t-cte_ValuationBasisValuationMethodMarketableSecurities,0,0,0
/個別注記表/重要な会計方針に係る事項に関する注記/資産の評価基準及び評価方法/たな卸資産の評価基準及び評価方法,たな卸資産の評価基準及び評価方法,jpfr-etax-t-cte_ValuationBasisValuationMethodInventories,0,0,0
/個別注記表/重要な会計方針に係る事項に関する注記/固定資産の減価償却の方法,固定資産の減価償却の方法,jpfr-etax-t-cte_DepreciationMethodFixedAssets,0,0,0
/個別注記表/重要な会計方針に係る事項に関する注記/引当金の計上基準,引当金の計上基準,jpfr-etax-t-cte_RecordingBasisReserves,0,0,0
/個別注記表/重要な会計方針に係る事項に関する注記/収益及び費用の計上基準,収益及び費用の計上基準,jpfr-etax-t-cte_RecordingBasisRevenueExpense,1,0,0
/個別注記表/重要な会計方針に係る事項に関する注記/収益及び費用の計上基準,収益・費用の計上基準,jpfr-etax-t-cte_RecordingBasisRevenueExpense,1,0,0
/個別注記表/重要な会計方針に係る事項に関する注記/収益及び費用の計上基準,費用・収益の計上基準,jpfr-etax-t-cte_RecordingBasisRevenueExpense,1,0,0
/個別注記表/重要な会計方針に係る事項に関する注記/その他計算書類の作成のための基本となる重要な事項,その他計算書類の作成のための基本となる重要な事項,jpfr-etax-t-cte_OtherSignificantMattersFundamentalsPreparingFinancialStatements,0,0,0
/個別注記表/重要な会計方針に係る事項に関する注記/その他計算書類の作成のための基本となる重要な事項/金利の取得原価算入,金利の取得原価算入,jpfr-etax-t-cte_InclusionInterestExpenseAcquisitionCost,0,0,0
/個別注記表/重要な会計方針に係る事項に関する注記/その他計算書類の作成のための基本となる重要な事項/その他,その他,jpfr-etax-t-cte_SignificantAccountingPoliciesOther,0,0,0
/個別注記表/重要な会計方針に係る事項に関する注記/その他計算書類の作成のための基本となる重要な事項/その他/項目名,項目名、重要な会計方針,jpfr-etax-t-cte_SignificantAccountingPoliciesItemName,0,jpfr-etax-t-cte_SignificantAccountingPoliciesOther,0
/個別注記表/重要な会計方針に係る事項に関する注記/その他計算書類の作成のための基本となる重要な事項/その他/内容,内容、重要な会計方針,jpfr-etax-t-cte_SignificantAccountingPoliciesDescription,0,jpfr-etax-t-cte_SignificantAccountingPoliciesOther,0
/個別注記表/重要な会計方針に係る事項に関する注記/会計処理の原則又は手続の変更,会計処理の原則又は手続の変更,jpfr-etax-t-cte_ChangesAccountingPrincipleProcedure,0,0,0
/個別注記表/重要な会計方針に係る事項に関する注記/表示方法の変更,表示方法の変更,jpfr-etax-t-cte_ChangesPresentation,0,0,0
/個別注記表/貸借対照表に関する注記,貸借対照表に関する注記,jpfr-etax-t-cte_NoteBalanceSheet,0,0,0
/個別注記表/貸借対照表に関する注記/担保資産及び担保付債務,担保資産及び担保付債務,jpfr-etax-t-cte_PledgedAssets,0,0,0
/個別注記表/貸借対照表に関する注記/資産の部から直接控除した貸倒引当金,資産の部から直接控除した貸倒引当金,jpfr-etax-t-cte_AllowanceDoubtfulAccountsDeductedDirectlyAssets,0,0,0
/個別注記表/貸借対照表に関する注記/資産の部から直接控除した貸倒引当金/流動資産,流動資産,jpfr-etax-t-cte_AllowanceDoubtfulAccountsDeductedDirectlyCurrentAssets,0,0,0
/個別注記表/貸借対照表に関する注記/資産の部から直接控除した貸倒引当金/投資その他の資産,投資その他の資産,jpfr-etax-t-cte_AllowanceDoubtfulAccountsDeductedDirectlyLongTermInvestments,0,0,0
/個別注記表/貸借対照表に関する注記/有形固定資産の減価償却累計額,有形固定資産の減価償却累計額,jpfr-etax-t-cte_DepreciationTangibleAssets,0,0,0
/個別注記表/貸借対照表に関する注記/保証債務額,保証債務額,jpfr-etax-t-cte_AmountGuaranties,0,0,0
/個別注記表/貸借対照表に関する注記/受取手形割引高,受取手形割引高,jpfr-etax-t-cte_AmountNotesReceivableDiscounted,0,0,0
/個別注記表/貸借対照表に関する注記/受取手形裏書譲渡高,受取手形裏書譲渡高,jpfr-etax-t-cte_AmountNotesReceivableEndorsed,0,0,0
/個別注記表/貸借対照表に関する注記/重要な係争事件に係る損害賠償義務,重要な係争事件に係る損害賠償義務,jpfr-etax-t-cte_MaterialCompensationObligationDamageLitigation,0,0,0
/個別注記表/貸借対照表に関する注記/不良債権の状況,不良債権の状況,jpfr-etax-t-cte_CircumstanceDoubtfulLoan,0,0,0
/個別注記表/貸借対照表に関する注記/受取手形中の不渡手形,受取手形中の不渡手形,jpfr-etax-t-cte_DishonoredNotesNotesPayable,0,0,0
/個別注記表/貸借対照表に関する注記/関係会社に対する金銭債権・金銭債務,関係会社に対する金銭債権・金銭債務,jpfr-etax-t-cte_MonetaryReceivablesPayablesAffiliates,1,0,0
/個別注記表/貸借対照表に関する注記/関係会社に対する金銭債権・金銭債務,関係会社に対する金銭債権又は債務の金額,jpfr-etax-t-cte_MonetaryReceivablesPayablesAffiliates,1,0,0
/個別注記表/貸借対照表に関する注記/関係会社に対する金銭債権・金銭債務/内訳,内訳、関係会社に対する金銭債権・金銭債務,jpfr-etax-t-cte_MonetaryReceivablesPayablesAffiliatesDetails,0,0,0
/個別注記表/貸借対照表に関する注記/関係会社に対する金銭債権・金銭債務/内訳/科目名,科目名,jpfr-etax-t-cte_MonetaryReceivablesPayablesAffiliatesAccountName,0,jpfr-etax-t-cte_MonetaryReceivablesPayablesAffiliatesDetails,0
/個別注記表/貸借対照表に関する注記/関係会社に対する金銭債権・金銭債務/内訳/金額,金額、関係会社に対する金銭債権・金銭債務,jpfr-etax-t-cte_MonetaryReceivablesPayablesAffiliatesAmount,0,jpfr-etax-t-cte_MonetaryReceivablesPayablesAffiliatesDetails,0
/個別注記表/貸借対照表に関する注記/取締役等に対する金銭債権・金銭債務,取締役等に対する金銭債権・金銭債務,jpfr-etax-t-cte_MonetaryReceivablesPayablesDirectors,1,0,0
/個別注記表/貸借対照表に関する注記/取締役等に対する金銭債権・金銭債務,取締役に対する金銭債権又は債務の金額,jpfr-etax-t-cte_MonetaryReceivablesPayablesDirectors,1,0,0
/個別注記表/貸借対照表に関する注記/取締役等に対する金銭債権・金銭債務/金銭債権,金銭債権,jpfr-etax-t-cte_MonetaryReceivablesDirectors,0,0,0
/個別注記表/貸借対照表に関する注記/取締役等に対する金銭債権・金銭債務/金銭債務,金銭債務,jpfr-etax-t-cte_MonetaryPayablesDirectors,0,0,0
/個別注記表/貸借対照表に関する注記/有価証券中の親会社株式,有価証券中の親会社株式,jpfr-etax-t-cte_ParentCompanySecuritiesMarketableSecurities,1,0,0
/個別注記表/貸借対照表に関する注記/有価証券中の親会社株式,親会社株式,jpfr-etax-t-cte_ParentCompanySecuritiesMarketableSecurities,1,0,0
/個別注記表/貸借対照表に関する注記/有価証券中の親会社株式,親会社株式の各表示区分別の金額,jpfr-etax-t-cte_ParentCompanySecuritiesMarketableSecurities,1,0,0
/個別注記表/貸借対照表に関する注記/回復の見込みがあるたな卸資産等,回復の見込みがあるたな卸資産等,jpfr-etax-t-cte_RecoverableInventoriesEtc,0,0,0
/個別注記表/貸借対照表に関する注記/重要な所有権留保資産,重要な所有権留保資産,jpfr-etax-t-cte_SignificantOwnershipReservedAssets,0,0,0
/個別注記表/貸借対照表に関する注記/事業用土地の再評価,事業用土地の再評価,jpfr-etax-t-cte_RevaluationLandBusiness,0,0,0
/個別注記表/貸借対照表に関する注記/特別法上の準備金等,特別法上の準備金等,jpfr-etax-t-cte_RevenueReserveSpecialLaw,0,0,0
/個別注記表/貸借対照表に関する注記/圧縮記帳,圧縮記帳,jpfr-etax-t-cte_AdvancedDepreciation,0,0,0
/個別注記表/貸借対照表に関する注記/期末日満期手形,期末日満期手形,jpfr-etax-t-cte_NotesReceivablesNotesPayablesMaturedAtClosingDate,0,0,0
/個別注記表/貸借対照表に関する注記/期末日満期手形/期末日満期手形の会計処理,期末日満期手形の会計処理,jpfr-etax-t-cte_AccountingMethodNotesReceivablesNotesPayablesMaturedClosingDate,0,0,0
/個別注記表/貸借対照表に関する注記/期末日満期手形/受取手形,受取手形,jpfr-etax-t-cte_NotesReceivablesNotesPayablesMaturedAtClosingDateNotesReceivables,0,0,0
/個別注記表/貸借対照表に関する注記/期末日満期手形/支払手形,支払手形,jpfr-etax-t-cte_NotesReceivablesNotesPayablesMaturedAtClosingDateNotesPayables,0,0,0
/個別注記表/貸借対照表に関する注記/消費税及び地方消費税の会計処理,消費税及び地方消費税の会計処理,jpfr-etax-t-cte_AccountingMethodConsumptionTaxes,1,0,0
/個別注記表/貸借対照表に関する注記/消費税及び地方消費税の会計処理,消費税等の会計処理,jpfr-etax-t-cte_AccountingMethodConsumptionTaxes,1,0,0
/個別注記表/貸借対照表に関する注記/その他貸借対照表に関する注記,その他貸借対照表に関する注記,jpfr-etax-t-cte_OthersNotesBalanceSheet,0,0,0
/個別注記表/貸借対照表に関する注記/その他貸借対照表に関する注記/項目名,項目名、その他貸借対照表に関する注記,jpfr-etax-t-cte_OthersNotesBalanceSheetItemName,0,jpfr-etax-t-cte_OthersNotesBalanceSheet,0
/個別注記表/貸借対照表に関する注記/その他貸借対照表に関する注記/内容,内容、その他貸借対照表に関する注記,jpfr-etax-t-cte_OthersNotesBalanceSheetDescription,0,jpfr-etax-t-cte_OthersNotesBalanceSheet,0
/個別注記表/損益計算書に関する注記,損益計算書に関する注記,jpfr-etax-t-cte_NoteIncomeStatement,0,0,0
/個別注記表/損益計算書に関する注記/関係会社との取引に係るもの,関係会社との取引に係るもの,jpfr-etax-t-cte_TransactionsAffiliates,0,0,0
/個別注記表/損益計算書に関する注記/関係会社との取引に係るもの/売上高,売上高,jpfr-etax-t-cte_SalesAffiliates,0,0,0
/個別注記表/損益計算書に関する注記/関係会社との取引に係るもの/仕入高,仕入高,jpfr-etax-t-cte_PurchaseAffiliates,0,0,0
/個別注記表/損益計算書に関する注記/関係会社との取引に係るもの/その他の営業取引高,その他の営業取引高,jpfr-etax-t-cte_OtherOperatingTransactionsAffiliates,0,0,0
/個別注記表/損益計算書に関する注記/関係会社との取引に係るもの/営業取引以外の取引高,営業取引以外の取引高,jpfr-etax-t-cte_NonoperatingTransactionsAffiliates,0,0,0
/個別注記表/損益計算書に関する注記/期末たな卸高から控除した評価損,期末たな卸高から控除した評価損,jpfr-etax-t-cte_ValuationLossDeductedClosingInventories,0,0,0
/個別注記表/損益計算書に関する注記/期末たな卸高から控除した評価損/内訳,内訳、期末たな卸高から控除した評価損,jpfr-etax-t-cte_ValuationLossDeductedClosingInventoriesDetails,0,0,0
/個別注記表/損益計算書に関する注記/期末たな卸高から控除した評価損/内訳/項目名,項目名、期末たな卸高から控除した評価損,jpfr-etax-t-cte_ValuationLossDeductedClosingInventoriesItemName,0,jpfr-etax-t-cte_ValuationLossDeductedClosingInventoriesDetails,0
/個別注記表/損益計算書に関する注記/期末たな卸高から控除した評価損/内訳/金額,金額、期末たな卸高から控除した評価損,jpfr-etax-t-cte_ValuationLossDeductedClosingInventoriesAmount,0,jpfr-etax-t-cte_ValuationLossDeductedClosingInventoriesDetails,0
/個別注記表/損益計算書に関する注記/過年度法人税等,過年度法人税等,jpfr-etax-t-cte_IncomeTaxesPastYear,0,0,0
/個別注記表/損益計算書に関する注記/その他の損益計算書注記項目,その他の損益計算書注記項目,jpfr-etax-t-cte_OtherNotesIncomeStatement,0,0,0
/個別注記表/損益計算書に関する注記/その他の損益計算書注記項目/項目名,項目名、その他の損益計算書注記項目,jpfr-etax-t-cte_OtherNotesIncomeStatementItemName,0,jpfr-etax-t-cte_OtherNotesIncomeStatement,0
/個別注記表/損益計算書に関する注記/その他の損益計算書注記項目/内容,内容、その他の損益計算書注記項目,jpfr-etax-t-cte_OtherNotesIncomeStatementDescription,0,jpfr-etax-t-cte_OtherNotesIncomeStatement,0
/個別注記表/株主資本等変動計算書に関する注記,株主資本等変動計算書に関する注記,jpfr-etax-t-cte_NotesStatementChangesNetAssets,0,0,0
/個別注記表/株主資本等変動計算書に関する注記/発行済株式の種類及び総数に関する事項,発行済株式の種類及び総数に関する事項,jpfr-etax-t-cte_MattersTypesTotalNumberSharesIssued,0,0,0
/個別注記表/株主資本等変動計算書に関する注記/発行済株式の種類及び総数に関する事項/発行済株式,発行済株式,jpfr-etax-t-cte_SharesIssued,0,0,0
/個別注記表/株主資本等変動計算書に関する注記/発行済株式の種類及び総数に関する事項/発行済株式/普通株式（発行済株式）,普通株式（発行済株式）,jpfr-etax-t-cte_IssuanceNewOrdinaryShares,0,0,0
/個別注記表/株主資本等変動計算書に関する注記/発行済株式の種類及び総数に関する事項/発行済株式/普通株式（発行済株式）/前期末株式数（発行済普通株式）,前期末株式数（発行済普通株式）,jpfr-etax-t-cte_NumberSharesIssuanceNewOrdinaryShares,0,0,0
/個別注記表/株主資本等変動計算書に関する注記/発行済株式の種類及び総数に関する事項/発行済株式/普通株式（発行済株式）/当期増加株式数（発行済普通株式）,当期増加株式数（発行済普通株式）,jpfr-etax-t-cte_NumberSharesIncreasedDuringPeriodIssuanceNewOrdinaryShares,0,0,0
/個別注記表/株主資本等変動計算書に関する注記/発行済株式の種類及び総数に関する事項/発行済株式/普通株式（発行済株式）/当期減少株式数（発行済普通株式）,当期減少株式数（発行済普通株式）,jpfr-etax-t-cte_NumberSharesDecreasedDuringPeriodIssuanceNewOrdinaryShares,0,0,0
/個別注記表/株主資本等変動計算書に関する注記/発行済株式の種類及び総数に関する事項/発行済株式/普通株式（発行済株式）/当期末株式数（発行済普通株式）,当期末株式数（発行済普通株式）,jpfr-etax-t-cte_NumberSharesIssuanceNewOrdinaryShares,0,0,0
/個別注記表/株主資本等変動計算書に関する注記/発行済株式の種類及び総数に関する事項/発行済株式/普通株式（発行済株式）/摘要（発行済普通株式）,摘要（発行済普通株式）,jpfr-etax-t-cte_RemarksIssuanceNewOrdinaryShares,0,0,0
/個別注記表/株主資本等変動計算書に関する注記/発行済株式の種類及び総数に関する事項/発行済株式/優先株式（発行済株式）,優先株式（発行済株式）,jpfr-etax-t-cte_IssuanceNewPreferenceShares,0,0,0
/個別注記表/株主資本等変動計算書に関する注記/発行済株式の種類及び総数に関する事項/発行済株式/優先株式（発行済株式）/前期末株式数（発行済優先株式）,前期末株式数（発行済優先株式）,jpfr-etax-t-cte_NumberSharesEndPreviousPeriodIssuanceNewPreferenceShares,0,0,0
/個別注記表/株主資本等変動計算書に関する注記/発行済株式の種類及び総数に関する事項/発行済株式/優先株式（発行済株式）/当期増加株式数（発行済優先株式）,当期増加株式数（発行済優先株式）,jpfr-etax-t-cte_NumberSharesIncreasedDuringPeriodIssuanceNewPreferenceShares,0,0,0
/個別注記表/株主資本等変動計算書に関する注記/発行済株式の種類及び総数に関する事項/発行済株式/優先株式（発行済株式）/当期減少株式数（発行済優先株式）,当期減少株式数（発行済優先株式）,jpfr-etax-t-cte_NumberSharesDecreasedDuringPeriodIssuanceNewPreferenceShares,0,0,0
/個別注記表/株主資本等変動計算書に関する注記/発行済株式の種類及び総数に関する事項/発行済株式/優先株式（発行済株式）/当期末株式数（発行済優先株式）,当期末株式数（発行済優先株式）,jpfr-etax-t-cte_NumberSharesEndPreviousPeriodIssuanceNewPreferenceShares,0,0,0
/個別注記表/株主資本等変動計算書に関する注記/発行済株式の種類及び総数に関する事項/発行済株式/優先株式（発行済株式）/摘要（発行済優先株式）,摘要（発行済優先株式）,jpfr-etax-t-cte_RemarksIssuanceNewPreferenceShares,0,0,0
/個別注記表/株主資本等変動計算書に関する注記/発行済株式の種類及び総数に関する事項/発行済株式/合計（発行済株式）,合計（発行済株式）,jpfr-etax-t-cte_TotalSharesIssued,0,0,0
/個別注記表/株主資本等変動計算書に関する注記/発行済株式の種類及び総数に関する事項/発行済株式/合計（発行済株式）/前期末株式数（発行済株式）,前期末株式数（発行済株式）,jpfr-etax-t-cte_NumberSharesEndPreviousPeriodTotalSharesIssued,0,0,0
/個別注記表/株主資本等変動計算書に関する注記/発行済株式の種類及び総数に関する事項/発行済株式/合計（発行済株式）/当期増加株式数（発行済株式）,当期増加株式数（発行済株式）,jpfr-etax-t-cte_NumberSharesIncreasedDuringPeriodTotalSharesIssued,0,0,0
/個別注記表/株主資本等変動計算書に関する注記/発行済株式の種類及び総数に関する事項/発行済株式/合計（発行済株式）/当期減少株式数（発行済株式）,当期減少株式数（発行済株式）,jpfr-etax-t-cte_NumberSharesDecreasedDuringPeriodTotalSharesIssued,0,0,0
/個別注記表/株主資本等変動計算書に関する注記/発行済株式の種類及び総数に関する事項/発行済株式/合計（発行済株式）/当期末株式数（発行済株式）,当期末株式数（発行済株式）,jpfr-etax-t-cte_NumberSharesEndPreviousPeriodTotalSharesIssued,0,0,0
/個別注記表/株主資本等変動計算書に関する注記/発行済株式の種類及び総数に関する事項/発行済株式/合計（発行済株式）/摘要（発行済株式）,摘要（発行済株式）,jpfr-etax-t-cte_RemarksTotalSharesIssued,0,0,0
/個別注記表/株主資本等変動計算書に関する注記/自己株式の種類及び株式数に関する事項,自己株式の種類及び株式数に関する事項,jpfr-etax-t-cte_MattersTypesTotalNumberTreasuryStock,0,0,0
/個別注記表/株主資本等変動計算書に関する注記/自己株式の種類及び株式数に関する事項/自己株式（種類及び株式数）,自己株式（種類及び株式数）,jpfr-etax-t-cte_TreasuryStockTypesTotalNumber,0,0,0
/個別注記表/株主資本等変動計算書に関する注記/自己株式の種類及び株式数に関する事項/自己株式（種類及び株式数）/普通株式（自己株式）,普通株式（自己株式）,jpfr-etax-t-cte_TreasuryOrdinaryShares,0,0,0
/個別注記表/株主資本等変動計算書に関する注記/自己株式の種類及び株式数に関する事項/自己株式（種類及び株式数）/普通株式（自己株式）/前期末株式数（自己株式）,前期末株式数（自己株式）,jpfr-etax-t-cte_NumberSharesTreasuryOrdinaryShares,0,0,0
/個別注記表/株主資本等変動計算書に関する注記/自己株式の種類及び株式数に関する事項/自己株式（種類及び株式数）/普通株式（自己株式）/当期増加株式数（自己株式）,当期増加株式数（自己株式）,jpfr-etax-t-cte_NumberSharesIncreasedDuringPeriodTreasuryOrdinaryShares,0,0,0
/個別注記表/株主資本等変動計算書に関する注記/自己株式の種類及び株式数に関する事項/自己株式（種類及び株式数）/普通株式（自己株式）/当期減少株式数（自己株式）,当期減少株式数（自己株式）,jpfr-etax-t-cte_NumberSharesDecreasedDuringPeriodTreasuryOrdinaryShares,0,0,0
/個別注記表/株主資本等変動計算書に関する注記/自己株式の種類及び株式数に関する事項/自己株式（種類及び株式数）/普通株式（自己株式）/当期末株式数（自己株式）,当期末株式数（自己株式）,jpfr-etax-t-cte_NumberSharesTreasuryOrdinaryShares,0,0,0
/個別注記表/株主資本等変動計算書に関する注記/自己株式の種類及び株式数に関する事項/自己株式（種類及び株式数）/普通株式（自己株式）/摘要（自己株式）,摘要（自己株式）,jpfr-etax-t-cte_RemarksTreasuryOrdinaryShares,0,0,0
/個別注記表/株主資本等変動計算書に関する注記/自己株式の種類及び株式数に関する事項/自己株式（種類及び株式数）/合計,合計,jpfr-etax-t-cte_TotalTreasuryOrdinaryShares,0,0,0
/個別注記表/株主資本等変動計算書に関する注記/自己株式の種類及び株式数に関する事項/自己株式（種類及び株式数）/合計/前期末株式数,前期末株式数,jpfr-etax-t-cte_NumberSharesTotalTreasuryOrdinaryShares,0,0,0
/個別注記表/株主資本等変動計算書に関する注記/自己株式の種類及び株式数に関する事項/自己株式（種類及び株式数）/合計/当期増加株式数,当期増加株式数,jpfr-etax-t-cte_NumberSharesIncreasedDuringPeriodTotalTreasuryOrdinaryShares,0,0,0
/個別注記表/株主資本等変動計算書に関する注記/自己株式の種類及び株式数に関する事項/自己株式（種類及び株式数）/合計/当期減少株式数,当期減少株式数,jpfr-etax-t-cte_NumberSharesDecreasedDuringPeriodTotalTreasuryOrdinaryShares,0,0,0
/個別注記表/株主資本等変動計算書に関する注記/自己株式の種類及び株式数に関する事項/自己株式（種類及び株式数）/合計/当期末株式数,当期末株式数,jpfr-etax-t-cte_NumberSharesTotalTreasuryOrdinaryShares,0,0,0
/個別注記表/株主資本等変動計算書に関する注記/自己株式の種類及び株式数に関する事項/自己株式（種類及び株式数）/合計/摘要,摘要、自己株式,jpfr-etax-t-cte_RemarksTotalTreasuryOrdinaryShares,0,0,0
/個別注記表/株主資本等変動計算書に関する注記/新株予約権及び自己新株予約権に関する事項,新株予約権及び自己新株予約権に関する事項,jpfr-etax-t-cte_MattersSubscriptionRightsSharesTreasurySubscriptionRightsShares,0,0,0
/個別注記表/株主資本等変動計算書に関する注記/新株予約権及び自己新株予約権に関する事項/新株予約権の内訳,新株予約権の内訳,jpfr-etax-t-cte_BreakdownSubscriptionRightsShares,0,0,0
/個別注記表/株主資本等変動計算書に関する注記/新株予約権及び自己新株予約権に関する事項/新株予約権の内訳/新株予約権の目的となる株式の種類,新株予約権の目的となる株式の種類,jpfr-etax-t-cte_TypeStocksPurposeSubscriptionRightsShares,0,0,0
/個別注記表/株主資本等変動計算書に関する注記/新株予約権及び自己新株予約権に関する事項/新株予約権の内訳/新株予約権の目的となる株式の数,新株予約権の目的となる株式の数,jpfr-etax-t-cte_NumberSharesPurposeSubscriptionRightsShares,0,0,0
/個別注記表/株主資本等変動計算書に関する注記/新株予約権及び自己新株予約権に関する事項/新株予約権の内訳/新株予約権の目的となる株式の数/前期末株式数,前期末株式数、新株予約権の目的となる株式の数,jpfr-etax-t-cte_NumberSharesEndPreviousPeriodSubscriptionRightsShares,0,0,0
/個別注記表/株主資本等変動計算書に関する注記/新株予約権及び自己新株予約権に関する事項/新株予約権の内訳/新株予約権の目的となる株式の数/当期増加株式数,当期増加株式数、新株予約権の目的となる株式の数,jpfr-etax-t-cte_NumberSharesIncreasedDuringPeriodSubscriptionRightsShares,0,0,0
/個別注記表/株主資本等変動計算書に関する注記/新株予約権及び自己新株予約権に関する事項/新株予約権の内訳/新株予約権の目的となる株式の数/当期減少株式数,当期減少株式数、新株予約権の目的となる株式の数,jpfr-etax-t-cte_NumberSharesDecreasedDuringPeriodSubscriptionRightsShares,0,0,0
/個別注記表/株主資本等変動計算書に関する注記/新株予約権及び自己新株予約権に関する事項/新株予約権の内訳/新株予約権の目的となる株式の数/当期末株式数,当期末株式数、新株予約権の目的となる株式の数,jpfr-etax-t-cte_NumberSharesEndPreviousPeriodSubscriptionRightsShares,0,0,0
/個別注記表/株主資本等変動計算書に関する注記/新株予約権及び自己新株予約権に関する事項/新株予約権の内訳/期末残高（新株予約権）,期末残高（新株予約権）,jpfr-etax-t-cte_SubscriptionRightsSharesBalanceEndCurrentPeriod,0,0,0
/個別注記表/株主資本等変動計算書に関する注記/新株予約権及び自己新株予約権に関する事項/新株予約権の内訳/摘要,摘要、新株予約権の目的となる株式の数,jpfr-etax-t-cte_RemarksSubscriptionRightsShares,0,0,0
/個別注記表/株主資本等変動計算書に関する注記/新株予約権及び自己新株予約権に関する事項/自己新株予約権に関する事項,自己新株予約権に関する事項,jpfr-etax-t-cte_MattersTreasurySubscriptionRightsShares,0,0,0
/個別注記表/株主資本等変動計算書に関する注記/新株予約権及び自己新株予約権に関する事項/自己新株予約権に関する事項/新株予約権の目的となる株式の種類,新株予約権の目的となる株式の種類、自己新株予約権に関する事項,jpfr-etax-t-cte_TypeStocksPurposeTreasurySubscriptionRightsShares,0,0,0
/個別注記表/株主資本等変動計算書に関する注記/新株予約権及び自己新株予約権に関する事項/自己新株予約権に関する事項/新株予約権の目的となる株式の数,新株予約権の目的となる株式の数、自己新株予約権に関する事項,jpfr-etax-t-cte_NumberSharesPurposeTreasurySubscriptionRightsShares,0,0,0
/個別注記表/株主資本等変動計算書に関する注記/新株予約権及び自己新株予約権に関する事項/自己新株予約権に関する事項/新株予約権の当期末残高,新株予約権の当期末残高,jpfr-etax-t-cte_TreasurySubscriptionRightsSharesBalanceEndCurrentPeriod,0,0,0
/個別注記表/株主資本等変動計算書に関する注記/配当に関する事項,配当に関する事項,jpfr-etax-t-cte_MattersDividends,0,0,0
/個別注記表/株主資本等変動計算書に関する注記/配当に関する事項/配当財産が金銭の場合,配当財産が金銭の場合、配当に関する事項,jpfr-etax-t-cte_InCaseCashDividend,0,0,0
/個別注記表/株主資本等変動計算書に関する注記/配当に関する事項/配当財産が金銭の場合/金銭配当の株式の種類別内訳,金銭配当の株式の種類別内訳,jpfr-etax-t-cte_ItemsCashDividendTypeStocks,0,0,0
/個別注記表/株主資本等変動計算書に関する注記/配当に関する事項/配当財産が金銭の場合/金銭配当の株式の種類別内訳/株式の種類,株式の種類、金銭配当の株式の種類別内訳,jpfr-etax-t-cte_TypeStocksCashDividend,0,jpfr-etax-t-cte_ItemsCashDividendTypeStocks,0
/個別注記表/株主資本等変動計算書に関する注記/配当に関する事項/配当財産が金銭の場合/金銭配当の株式の種類別内訳/決議,決議、金銭配当の株式の種類別内訳,jpfr-etax-t-cte_ResolutionCashDividend,0,jpfr-etax-t-cte_ItemsCashDividendTypeStocks,0
/個別注記表/株主資本等変動計算書に関する注記/配当に関する事項/配当財産が金銭の場合/金銭配当の株式の種類別内訳/配当金の総額,配当金の総額、金銭配当の株式の種類別内訳,jpfr-etax-t-cte_TotalDividendCashDividend,1,jpfr-etax-t-cte_ItemsCashDividendTypeStocks,0
/個別注記表/株主資本等変動計算書に関する注記/配当に関する事項/配当財産が金銭の場合/金銭配当の株式の種類別内訳/配当金の総額,配当金支払額,jpfr-etax-t-cte_TotalDividendCashDividend,1,jpfr-etax-t-cte_ItemsCashDividendTypeStocks,0
/個別注記表/株主資本等変動計算書に関する注記/配当に関する事項/配当財産が金銭の場合/金銭配当の株式の種類別内訳/1株当たり配当額,1株当たり配当額、金銭配当の株式の種類別内訳,jpfr-etax-t-cte_DividendsPerShareCashDividend,0,jpfr-etax-t-cte_ItemsCashDividendTypeStocks,0
/個別注記表/株主資本等変動計算書に関する注記/配当に関する事項/配当財産が金銭の場合/金銭配当の株式の種類別内訳/基準日,基準日、金銭配当の株式の種類別内訳,jpfr-etax-t-cte_RecordDateCashDividend,0,jpfr-etax-t-cte_ItemsCashDividendTypeStocks,0
/個別注記表/株主資本等変動計算書に関する注記/配当に関する事項/配当財産が金銭の場合/金銭配当の株式の種類別内訳/効力発生日,効力発生日,jpfr-etax-t-cte_EffectiveDateCashDividend,0,jpfr-etax-t-cte_ItemsCashDividendTypeStocks,0
/個別注記表/株主資本等変動計算書に関する注記/配当に関する事項/配当財産が金銭以外の場合,配当財産が金銭以外の場合、配当に関する事項,jpfr-etax-t-cte_InCasePropertyDividend,0,0,0
/個別注記表/株主資本等変動計算書に関する注記/配当に関する事項/配当財産が金銭以外の場合/非金銭配当の株式の種類別内訳,非金銭配当の株式の種類別内訳、配当に関する事項,jpfr-etax-t-cte_ItemsPropertyDividendTypeStocks,0,0,0
/個別注記表/株主資本等変動計算書に関する注記/配当に関する事項/配当財産が金銭以外の場合/非金銭配当の株式の種類別内訳/株式の種類,株式の種類、非金銭配当の株式の種類別内訳,jpfr-etax-t-cte_TypeStocksPropertyDividend,0,jpfr-etax-t-cte_ItemsPropertyDividendTypeStocks,0
/個別注記表/株主資本等変動計算書に関する注記/配当に関する事項/配当財産が金銭以外の場合/非金銭配当の株式の種類別内訳/決議,決議、非金銭配当の株式の種類別内訳,jpfr-etax-t-cte_ResolutionPropertyDividend,0,jpfr-etax-t-cte_ItemsPropertyDividendTypeStocks,0
/個別注記表/株主資本等変動計算書に関する注記/配当に関する事項/配当財産が金銭以外の場合/非金銭配当の株式の種類別内訳/配当財産の種類,配当財産の種類、非金銭配当の株式の種類別内訳,jpfr-etax-t-cte_TypeDividendProperty,0,jpfr-etax-t-cte_ItemsPropertyDividendTypeStocks,0
/個別注記表/株主資本等変動計算書に関する注記/配当に関する事項/配当財産が金銭以外の場合/非金銭配当の株式の種類別内訳/配当財産の帳簿価額,配当財産の帳簿価額、非金銭配当の株式の種類別内訳,jpfr-etax-t-cte_BookValueDividendProperty,0,jpfr-etax-t-cte_ItemsPropertyDividendTypeStocks,0
/個別注記表/株主資本等変動計算書に関する注記/配当に関する事項/配当財産が金銭以外の場合/非金銭配当の株式の種類別内訳/1株当たり配当額,1株当たり配当額、非金銭配当の株式の種類別内訳,jpfr-etax-t-cte_DividendsPerSharePropertyDividend,0,jpfr-etax-t-cte_ItemsPropertyDividendTypeStocks,0
/個別注記表/株主資本等変動計算書に関する注記/配当に関する事項/配当財産が金銭以外の場合/非金銭配当の株式の種類別内訳/基準日,基準日、非金銭配当の株式の種類別内訳,jpfr-etax-t-cte_RecordDatePropertyDividend,0,jpfr-etax-t-cte_ItemsPropertyDividendTypeStocks,0
/個別注記表/株主資本等変動計算書に関する注記/配当に関する事項/配当財産が金銭以外の場合/非金銭配当の株式の種類別内訳/効力発生日,効力発生日、非金銭配当の株式の種類別内訳,jpfr-etax-t-cte_EffectiveDatePropertyDividend,0,jpfr-etax-t-cte_ItemsPropertyDividendTypeStocks,0
/個別注記表/株主資本等変動計算書に関する注記/配当に関する事項/基準日が当期に属する配当のうち、配当の効力発生日が翌期となるもの,基準日が当期に属する配当のうち、配当の効力発生日が翌期となるもの,jpfr-etax-t-cte_DividendsWhichEffectiveDatesAreAfterPeriodDividendsWhichRecordDatesArePeriod,0,0,0
/個別注記表/株主資本等変動計算書に関する注記/配当に関する事項/基準日が当期に属する配当のうち、配当の効力発生日が翌期となるもの/配当の原資,配当の原資,jpfr-etax-t-cte_FundsDividendAfterPeriod,0,0,0
/個別注記表/株主資本等変動計算書に関する注記/配当に関する事項/基準日が当期に属する配当のうち、配当の効力発生日が翌期となるもの/配当財産が金銭の場合,配当財産が金銭の場合、配当の効力発生日が翌期となるもの,jpfr-etax-t-cte_InCaseCashDividendAfterPeriod,0,0,0
/個別注記表/株主資本等変動計算書に関する注記/配当に関する事項/基準日が当期に属する配当のうち、配当の効力発生日が翌期となるもの/配当財産が金銭の場合/株式の種類別内訳,株式の種類別内訳,jpfr-etax-t-cte_ItemsCashDividendAfterPeriodTypeStocks,0,0,0
/個別注記表/株主資本等変動計算書に関する注記/配当に関する事項/基準日が当期に属する配当のうち、配当の効力発生日が翌期となるもの/配当財産が金銭の場合/株式の種類別内訳/株式の種類,株式の種類、株式の種類別内訳,jpfr-etax-t-cte_TypeStocksCashDividendAfterPeriod,0,jpfr-etax-t-cte_ItemsCashDividendAfterPeriodTypeStocks,0
/個別注記表/株主資本等変動計算書に関する注記/配当に関する事項/基準日が当期に属する配当のうち、配当の効力発生日が翌期となるもの/配当財産が金銭の場合/株式の種類別内訳/決議,決議、株式の種類別内訳,jpfr-etax-t-cte_ResolutionCashDividendAfterPeriod,0,jpfr-etax-t-cte_ItemsCashDividendAfterPeriodTypeStocks,0
/個別注記表/株主資本等変動計算書に関する注記/配当に関する事項/基準日が当期に属する配当のうち、配当の効力発生日が翌期となるもの/配当財産が金銭の場合/株式の種類別内訳/配当金の総額,配当金の総額、株式の種類別内訳,jpfr-etax-t-cte_TotalDividendCashDividendAfterPeriod,0,jpfr-etax-t-cte_ItemsCashDividendAfterPeriodTypeStocks,0
/個別注記表/株主資本等変動計算書に関する注記/配当に関する事項/基準日が当期に属する配当のうち、配当の効力発生日が翌期となるもの/配当財産が金銭の場合/株式の種類別内訳/1株当たり配当額,1株当たり配当額、株式の種類別内訳,jpfr-etax-t-cte_DividendsPerShareCashDividendAfterPeriod,0,jpfr-etax-t-cte_ItemsCashDividendAfterPeriodTypeStocks,0
/個別注記表/株主資本等変動計算書に関する注記/配当に関する事項/基準日が当期に属する配当のうち、配当の効力発生日が翌期となるもの/配当財産が金銭の場合/株式の種類別内訳/基準日,基準日、株式の種類別内訳,jpfr-etax-t-cte_RecordDateCashDividendAfterPeriod,0,jpfr-etax-t-cte_ItemsCashDividendAfterPeriodTypeStocks,0
/個別注記表/株主資本等変動計算書に関する注記/配当に関する事項/基準日が当期に属する配当のうち、配当の効力発生日が翌期となるもの/配当財産が金銭の場合/株式の種類別内訳/効力発生日,効力発生日、株式の種類別内訳,jpfr-etax-t-cte_EffectiveDateCashDividendAfterPeriod,0,jpfr-etax-t-cte_ItemsCashDividendAfterPeriodTypeStocks,0
/個別注記表/株主資本等変動計算書に関する注記/配当に関する事項/基準日が当期に属する配当のうち、配当の効力発生日が翌期となるもの/配当財産が金銭以外の場合,配当財産が金銭以外の場合、配当の効力発生日が翌期となるもの,jpfr-etax-t-cte_InCasePropertyDividendAfterPeriod,0,0,0
/個別注記表/株主資本等変動計算書に関する注記/配当に関する事項/基準日が当期に属する配当のうち、配当の効力発生日が翌期となるもの/配当財産が金銭以外の場合/非金銭配当の株式の種類別内訳,非金銭配当の株式の種類別内訳、配当の効力発生日が翌期となるもの,jpfr-etax-t-cte_ItemsPropertyDividendAfterPeriodTypeStocks,0,0,0
/個別注記表/株主資本等変動計算書に関する注記/配当に関する事項/基準日が当期に属する配当のうち、配当の効力発生日が翌期となるもの/配当財産が金銭以外の場合/非金銭配当の株式の種類別内訳/株式の種類,株式の種類、非金銭配当の株式の種類別内訳、配当の効力発生日が翌期となるもの,jpfr-etax-t-cte_TypeStocksPropertyDividendAfterPeriod,0,jpfr-etax-t-cte_ItemsPropertyDividendAfterPeriodTypeStocks,0
/個別注記表/株主資本等変動計算書に関する注記/配当に関する事項/基準日が当期に属する配当のうち、配当の効力発生日が翌期となるもの/配当財産が金銭以外の場合/非金銭配当の株式の種類別内訳/決議,決議、非金銭配当の株式の種類別内訳、配当の効力発生日が翌期となるもの,jpfr-etax-t-cte_ResolutionPropertyDividendAfterPeriod,0,jpfr-etax-t-cte_ItemsPropertyDividendAfterPeriodTypeStocks,0
/個別注記表/株主資本等変動計算書に関する注記/配当に関する事項/基準日が当期に属する配当のうち、配当の効力発生日が翌期となるもの/配当財産が金銭以外の場合/非金銭配当の株式の種類別内訳/配当財産の種類,配当財産の種類、非金銭配当の株式の種類別内訳、配当の効力発生日が翌期となるもの,jpfr-etax-t-cte_TypeDividendPropertyAfterPeriod,0,jpfr-etax-t-cte_ItemsPropertyDividendAfterPeriodTypeStocks,0
/個別注記表/株主資本等変動計算書に関する注記/配当に関する事項/基準日が当期に属する配当のうち、配当の効力発生日が翌期となるもの/配当財産が金銭以外の場合/非金銭配当の株式の種類別内訳/配当財産の帳簿価額,配当財産の帳簿価額、非金銭配当の株式の種類別内訳、配当の効力発生日が翌期となるもの,jpfr-etax-t-cte_BookValueDividendPropertyAfterPeriod,0,jpfr-etax-t-cte_ItemsPropertyDividendAfterPeriodTypeStocks,0
/個別注記表/株主資本等変動計算書に関する注記/配当に関する事項/基準日が当期に属する配当のうち、配当の効力発生日が翌期となるもの/配当財産が金銭以外の場合/非金銭配当の株式の種類別内訳/1株当たり配当額,1株当たり配当額、非金銭配当の株式の種類別内訳、配当の効力発生日が翌期となるもの,jpfr-etax-t-cte_DividendsPerSharePropertyDividendAfterPeriod,0,jpfr-etax-t-cte_ItemsPropertyDividendAfterPeriodTypeStocks,0
/個別注記表/株主資本等変動計算書に関する注記/配当に関する事項/基準日が当期に属する配当のうち、配当の効力発生日が翌期となるもの/配当財産が金銭以外の場合/非金銭配当の株式の種類別内訳/基準日,基準日、非金銭配当の株式の種類別内訳、配当の効力発生日が翌期となるもの,jpfr-etax-t-cte_RecordDatePropertyDividendAfterPeriod,0,jpfr-etax-t-cte_ItemsPropertyDividendAfterPeriodTypeStocks,0
/個別注記表/株主資本等変動計算書に関する注記/配当に関する事項/基準日が当期に属する配当のうち、配当の効力発生日が翌期となるもの/配当財産が金銭以外の場合/非金銭配当の株式の種類別内訳/効力発生日,効力発生日、非金銭配当の株式の種類別内訳、配当の効力発生日が翌期となるもの,jpfr-etax-t-cte_EffectiveDatePropertyDividendAfterPeriod,0,jpfr-etax-t-cte_ItemsPropertyDividendAfterPeriodTypeStocks,0
/個別注記表/税効果会計に関する注記,税効果会計に関する注記,jpfr-etax-t-cte_NotesTaxEffectAccounting,0,0,0
/個別注記表/税効果会計に関する注記/繰延税金資産の発生の主な原因,繰延税金資産の発生の主な原因,jpfr-etax-t-cte_MajorCauseDeferredTaxAssets,0,0,0
/個別注記表/税効果会計に関する注記/繰延税金負債の発生の主な原因,繰延税金負債の発生の主な原因,jpfr-etax-t-cte_MajorCauseDeferredTaxLiabilities,0,0,0
/個別注記表/リースにより使用する固定資産に関する注記,リースにより使用する固定資産に関する注記,jpfr-etax-t-cte_NotesFixedAssetsUsingFinanceLease,0,0,0
/個別注記表/リースにより使用する固定資産に関する注記/事業年度の末日における取得原価相当額,事業年度の末日における取得原価相当額,jpfr-etax-t-cte_EquivalentValueAcquisitionValueEndPeriod,1,0,0
/個別注記表/リースにより使用する固定資産に関する注記/事業年度の末日における取得原価相当額,リース物件の取得原価相当額,jpfr-etax-t-cte_EquivalentValueAcquisitionValueEndPeriod,1,0,0
/個別注記表/リースにより使用する固定資産に関する注記/事業年度の末日における減価償却累計額相当額,事業年度の末日における減価償却累計額相当額,jpfr-etax-t-cte_EquivalentValueAccumulatedDepreciationEndPeriod,1,0,0
/個別注記表/リースにより使用する固定資産に関する注記/事業年度の末日における減価償却累計額相当額,リース物件の減価償却累計額相当額,jpfr-etax-t-cte_EquivalentValueAccumulatedDepreciationEndPeriod,1,0,0
/個別注記表/リースにより使用する固定資産に関する注記/事業年度の末日における未経過リース料相当額,事業年度の末日における未経過リース料相当額,jpfr-etax-t-cte_EquivalentValueUnexpiredLeasePaymentEndPeriod,1,0,0
/個別注記表/リースにより使用する固定資産に関する注記/事業年度の末日における未経過リース料相当額,未経過リース料相当額,jpfr-etax-t-cte_EquivalentValueUnexpiredLeasePaymentEndPeriod,1,0,0
/個別注記表/リースにより使用する固定資産に関する注記/その他リース物件に係る重要な事項,その他リース物件に係る重要な事項,jpfr-etax-t-cte_OtherSignificantMattersLeasedAssets,1,0,0
/個別注記表/リースにより使用する固定資産に関する注記/その他リース物件に係る重要な事項,当該リース物件に係る重要な事項,jpfr-etax-t-cte_OtherSignificantMattersLeasedAssets,1,0,0
/個別注記表/関連当事者との取引に関する注記,関連当事者との取引に関する注記,jpfr-etax-t-cte_NotesRelatedPartyTransactions,0,0,0
/個別注記表/関連当事者との取引に関する注記/関連当事者との取引の内訳,関連当事者との取引の内訳,jpfr-etax-t-cte_BreakdownRelatedPartyTransactions,0,0,0
/個別注記表/関連当事者との取引に関する注記/関連当事者との取引の内訳/関連当事者の名称又は氏名,関連当事者の名称又は氏名,jpfr-etax-t-cte_NameRelatedParty,0,jpfr-etax-t-cte_BreakdownRelatedPartyTransactions,0
/個別注記表/関連当事者との取引に関する注記/関連当事者との取引の内訳/関連当事者の総株主の議決権の総数に占める会社が有する議決権の数の割合,関連当事者の総株主の議決権の総数に占める会社が有する議決権の数の割合,jpfr-etax-t-cte_RatioVotingRightsOwnedCompanyTotalVotingRightsOwnedAllShareholdersRelatedParty,0,jpfr-etax-t-cte_BreakdownRelatedPartyTransactions,0
/個別注記表/関連当事者との取引に関する注記/関連当事者との取引の内訳/会社の総株主の議決権の総数に占める関連当事者が有する議決権の数の割合,会社の総株主の議決権の総数に占める関連当事者が有する議決権の数の割合,jpfr-etax-t-cte_RatioVotingRightsOwnedRelatedPartyTotalVotingRightsOwnedAllShareholdersCompany,0,jpfr-etax-t-cte_BreakdownRelatedPartyTransactions,0
/個別注記表/関連当事者との取引に関する注記/関連当事者との取引の内訳/会社と関連当事者との関係,会社と関連当事者との関係,jpfr-etax-t-cte_RelationshipCompanyRelatedParty,1,jpfr-etax-t-cte_BreakdownRelatedPartyTransactions,0
/個別注記表/関連当事者との取引に関する注記/関連当事者との取引の内訳/会社と関連当事者との関係,関連当事者との関係,jpfr-etax-t-cte_RelationshipCompanyRelatedParty,1,jpfr-etax-t-cte_BreakdownRelatedPartyTransactions,0
/個別注記表/関連当事者との取引に関する注記/関連当事者との取引の内訳/取引の内容,取引の内容,jpfr-etax-t-cte_DetailsTransactions,1,jpfr-etax-t-cte_BreakdownRelatedPartyTransactions,0
/個別注記表/関連当事者との取引に関する注記/関連当事者との取引の内訳/取引の内容,取引内容,jpfr-etax-t-cte_DetailsTransactions,1,jpfr-etax-t-cte_BreakdownRelatedPartyTransactions,0
/個別注記表/関連当事者との取引に関する注記/関連当事者との取引の内訳/取引の種類別の取引金額,取引の種類別の取引金額,jpfr-etax-t-cte_TransactionAmountTransactionType,0,jpfr-etax-t-cte_BreakdownRelatedPartyTransactions,0
/個別注記表/関連当事者との取引に関する注記/関連当事者との取引の内訳/取引の種類別の取引金額/取引内訳,取引内訳,jpfr-etax-t-cte_ItemsTransactions,0,0,0
/個別注記表/関連当事者との取引に関する注記/関連当事者との取引の内訳/取引の種類別の取引金額/取引内訳/取引の種類,取引の種類,jpfr-etax-t-cte_TransactionType,0,jpfr-etax-t-cte_ItemsTransactions,0
/個別注記表/関連当事者との取引に関する注記/関連当事者との取引の内訳/取引の種類別の取引金額/取引内訳/取引金額,取引金額,jpfr-etax-t-cte_TransactionAmount,0,jpfr-etax-t-cte_ItemsTransactions,0
/個別注記表/関連当事者との取引に関する注記/関連当事者との取引の内訳/取引条件及び取引条件の決定方針,取引条件及び取引条件の決定方針,jpfr-etax-t-cte_TransactionTermsDecisionPolicyTransactionTerms,0,jpfr-etax-t-cte_BreakdownRelatedPartyTransactions,0
/個別注記表/関連当事者との取引に関する注記/関連当事者との取引の内訳/取引により発生した債権又は債務に係る主な項目別の当該事業年度の末日における残高,取引により発生した債権又は債務に係る主な項目別の当該事業年度の末日における残高,jpfr-etax-t-cte_EndingBalancesMajorItemsReceivablesPayablesTransactions,0,jpfr-etax-t-cte_BreakdownRelatedPartyTransactions,0
/個別注記表/関連当事者との取引に関する注記/関連当事者との取引の内訳/取引条件の変更,取引条件の変更,jpfr-etax-t-cte_ChangesTransactionTerms,0,jpfr-etax-t-cte_BreakdownRelatedPartyTransactions,0
/個別注記表/1株当たり情報に関する注記,1株当たり情報に関する注記,jpfr-etax-t-cte_NotesPerShareInformation,1,0,0
/個別注記表/1株当たり情報に関する注記,一株当たり情報に関する注記,jpfr-etax-t-cte_NotesPerShareInformation,1,0,0
/個別注記表/1株当たり情報に関する注記/1株当たりの純資産額,1株当たりの純資産額,jpfr-etax-t-cte_NetAssetsPerShare,1,0,0
/個別注記表/1株当たり情報に関する注記/1株当たりの純資産額,一株当たり純資産額,jpfr-etax-t-cte_NetAssetsPerShare,1,0,0
/個別注記表/1株当たり情報に関する注記/1株当たりの純資産額,純資産額,jpfr-etax-t-cte_NetAssetsPerShare,1,0,0
/個別注記表/1株当たり情報に関する注記/1株当たりの当期純利益金額又は当期純損失金額,1株当たりの当期純利益金額又は当期純損失金額,jpfr-etax-t-cte_NetIncomeNetLossPerShare,1,0,0
/個別注記表/1株当たり情報に関する注記/1株当たりの当期純利益金額又は当期純損失金額,一株当たりの当期純利益又は当期純損失,jpfr-etax-t-cte_NetIncomeNetLossPerShare,1,0,0
/個別注記表/1株当たり情報に関する注記/1株当たりの当期純利益金額又は当期純損失金額,一株当たりの当期純利益,jpfr-etax-t-cte_NetIncomeNetLossPerShare,1,0,0
/個別注記表/1株当たり情報に関する注記/1株当たりの当期純利益金額又は当期純損失金額,一株当たり当期純利益金額,jpfr-etax-t-cte_NetIncomeNetLossPerShare,1,0,0
/個別注記表/1株当たり情報に関する注記/1株当たりの当期純利益金額又は当期純損失金額,当期純利益又は当期純損失,jpfr-etax-t-cte_NetIncomeNetLossPerShare,1,0,0
/個別注記表/重要な後発事象に関する注記,重要な後発事象に関する注記,jpfr-etax-t-cte_NotesMaterialSubsequentEvents,0,0,0
/個別注記表/連結配当規制適用会社に関する注記,連結配当規制適用会社に関する注記,jpfr-etax-t-cte_NotesConsolidatedDividendRestrictionsAppliedCompany,0,0,0
/個別注記表/その他の注記,その他の注記,jpfr-etax-t-cte_ItemsOtherNotes,0,0,0
/個別注記表/その他の注記/項目名,項目名、その他の注記,jpfr-etax-t-cte_ItemNameOtherNotes,0,jpfr-etax-t-cte_ItemsOtherNotes,0
/個別注記表/その他の注記/内容,内容、その他の注記,jpfr-etax-t-cte_ItemDescriptionOtherNotes,0,jpfr-etax-t-cte_ItemsOtherNotes,0
