/損益計算書,損益計算書,jpfr-t-cte_StatementsOfIncomeAbstract,0,0,0
/損益計算書/売上高,売上高,jpfr-t-cte_NetSales,0,0,0
/損益計算書/売上高,売上高、タイトル項目,jpfr-t-cte_NetSalesAbstract,0,0,0
/損益計算書/売上高/総売上高,総売上高,jpfr-t-cte_GrossSalesRevOA,0,0,0
/損益計算書/売上高/売上値引及び戻り高,売上値引及び戻り高、営業活動による収益,jpfr-t-cte_SalesAllowanceAndReturnsRevOA,1,0,0
/損益計算書/売上高/売上値引及び戻り高,売上値引・戻り高,jpfr-t-cte_SalesAllowanceAndReturnsRevOA,1,0,0
/損益計算書/売上高/売上値引及び戻り高,売上値引戻り高,jpfr-t-cte_SalesAllowanceAndReturnsRevOA,1,0,0
/損益計算書/売上高/売上値引及び戻り高,売上値引・戻り,jpfr-t-cte_SalesAllowanceAndReturnsRevOA,1,0,0
/損益計算書/売上高/完成工事高,完成工事高,jpfr-t-cns_NetSalesOfCompletedConstructionContractsCNS,0,0,0
/損益計算書/売上高/商品売上高,商品売上高,jpfr-t-cte_NetSalesOfGoodsRevOA,0,0,0
/損益計算書/売上高/商品売上高/商品総売上高,商品総売上高,jpfr-etax-t-cte_MerchandiseSalesGross,0,0,0
/損益計算書/売上高/商品売上高/売上値引及び戻り高,売上値引及び戻り高、商品売上高,jpfr-etax-t-cte_MerchandiseSalesReturnsAllowances,0,0,0
/損益計算書/売上高/製品売上高,製品売上高,jpfr-t-cte_NetSalesOfFinishedGoodsRevOA,0,0,0
/損益計算書/売上高/製品売上高/製品総売上高,製品総売上高,jpfr-etax-t-cte_FinishedGoodsSalesGross,0,0,0
/損益計算書/売上高/製品売上高/売上値引及び戻り高,売上値引及び戻り高、製品売上高,jpfr-etax-t-cte_FinishedGoodsSalesReturnsAllowances,0,0,0
/損益計算書/売上高/半製品売上高,半製品売上高,jpfr-t-cte_SalesOfSemiFinishedGoodsRevOA,0,0,0
/損益計算書/売上高/副産物売上高,副産物売上高,jpfr-t-cte_SalesOfByProductsRevOA,0,0,0
/損益計算書/売上高/作業くず売上高,作業くず売上高,jpfr-t-cte_SalesOfScrapsRevOA,0,0,0
/損益計算書/売上高/加工料収入,加工料収入,jpfr-t-cte_ProcessingIncomeRevOA,0,0,0
/損益計算書/売上高/割賦販売売上高,割賦販売売上高,jpfr-t-cte_InstallmentSalesRevOA,0,0,0
/損益計算書/売上高/割賦販売売上高/割賦総売上高,割賦総売上高,jpfr-etax-t-cte_InstallmentSalesGross,0,0,0
/損益計算書/売上高/割賦販売売上高/売上値引及び戻り高,売上値引及び戻り高、割賦売上高,jpfr-etax-t-cte_InstallmentSalesReturnsAllowances,0,0,0
/損益計算書/売上高/商品製品等売上高,商品製品等売上高,jpfr-etax-t-cte_MerchandiseFinishedGoodsSalesNet,0,0,0
/損益計算書/売上高/商品製品等売上高/商品製品等総売上高,商品製品等総売上高,jpfr-etax-t-cte_MerchandiseFinishedGoodsSalesGross,0,0,0
/損益計算書/売上高/商品製品等売上高/売上値引及び戻り高,売上値引及び戻り高、商品製品等売上高,jpfr-etax-t-cte_MerchandiseFinishedGoodsSalesReturnsAllowances,0,0,0
/損益計算書/売上高/一般販売売上高,一般販売売上高,jpfr-etax-t-cte_GeneralSalesNet,0,0,0
/損益計算書/売上高/一般販売売上高/一般販売総売上高,一般販売総売上高,jpfr-etax-t-cte_GeneralSalesGross,0,0,0
/損益計算書/売上高/一般販売売上高/売上値引及び戻り高,売上値引及び戻り高、一般販売売上高,jpfr-etax-t-cte_GeneralSalesReturnsAllowances,0,0,0
/損益計算書/売上高/収入,収入,jpfr-etax-t-cte_RevenueNet,0,0,0
/損益計算書/売上高/賃貸収入,賃貸収入,jpfr-t-cte_RentIncomeRevOA,0,0,0
/損益計算書/売上高/賃貸収入/賃貸総収入,賃貸総収入,jpfr-etax-t-cte_RentalRevenueGross,0,0,0
/損益計算書/売上高/賃貸収入/売上値引及び戻り高,売上値引及び戻り高、賃貸収入,jpfr-etax-t-cte_RentalRevenueReturnsAllowances,0,0,0
/損益計算書/売上高/営業収益,営業収益,jpfr-t-cte_OperatingRevenue1,0,0,0
/損益計算書/売上高/営業収益/役務総収益,役務総収益,jpfr-etax-t-cte_ServicesGross,0,0,0
/損益計算書/売上高/営業収益/附帯収入,附帯収入,jpfr-etax-t-cte_AccompanyingRevenueNet,0,0,0
/損益計算書/売上高/営業収益/その他営業収益,その他営業収益,jpfr-etax-t-cte_OtherOperatingRevenueNet,0,0,0
/損益計算書/売上高/営業収益/売上値引及び戻り高,売上値引及び戻り高、営業収益,jpfr-etax-t-cte_ServicesReturnsAllowances,0,0,0
/損益計算書/売上高/受託販売売上高,受託販売売上高,jpfr-etax-t-cte_ConsignmentSalesNet,0,0,0
/損益計算書/売上高/受託販売売上高/受託販売総売上高,受託販売総売上高,jpfr-etax-t-cte_ConsignmentSalesGross,0,0,0
/損益計算書/売上高/受託販売売上高/売上値引及び戻り高,売上値引及び戻り高、受託販売売上高,jpfr-etax-t-cte_ConsignmentSalesReturnsAllowances,0,0,0
/損益計算書/売上高/フランチャイズ売上高,フランチャイズ売上高,jpfr-etax-t-cte_FranchiseSales,0,0,0
/損益計算書/売上高/非課税売上高,非課税売上高,jpfr-etax-t-cte_NontaxableSales,0,0,0
/損益計算書/売上高/兼業事業売上高,兼業事業売上高,jpfr-t-cns_NetSalesOfSideLineBusinessCNS,0,0,0
/損益計算書/売上高/兼業事業売上高/兼業売上高,兼業売上高,jpfr-etax-t-cte_NonConstructionSalesGross,0,0,0
/損益計算書/売上高/兼業事業売上高/兼業売上値引戻り高,兼業売上値引戻り高,jpfr-etax-t-cte_NonConstructionReturnsAllowances,1,0,0
/損益計算書/売上高/兼業事業売上高/兼業売上値引戻り高,兼業事業売上値引戻り高,jpfr-etax-t-cte_NonConstructionReturnsAllowances,1,0,0
/損益計算書/売上高/兼業事業売上高/兼業売上割戻,兼業売上割戻,jpfr-etax-t-cte_NonConstructionSalesRebates,1,0,0
/損益計算書/売上高/兼業事業売上高/兼業売上割戻,兼業事業売上割戻,jpfr-etax-t-cte_NonConstructionSalesRebates,1,0,0
/損益計算書/売上高/開発事業等売上高,開発事業等売上高,jpfr-t-cns_NetSalesOfDevelopmentBusinessAndOtherCNS,0,0,0
/損益計算書/売上高/不動産事業等売上高,不動産事業等売上高,jpfr-t-cns_NetSalesOfRealEstateBusinessAndOtherCNS,0,0,0
/損益計算書/売上高/医業収益,医業収益,jpfr-etax-t-cte_MedicalRevenueNet,0,0,0
/損益計算書/売上高/医業収益/保険窓口収入,保険窓口収入,jpfr-etax-t-cte_RevenueOverCounterWithinInsurance,0,0,0
/損益計算書/売上高/医業収益/保険請求収入,保険請求収入,jpfr-etax-t-cte_RevenueFromFundWithinInsurance,0,0,0
/損益計算書/売上高/医業収益/その他の保険診療収入,その他の保険診療収入,jpfr-etax-t-cte_OtherRevenueWithinInsurance,0,0,0
/損益計算書/売上高/医業収益/保険等調整増減,保険等調整増減,jpfr-etax-t-cte_AdjustmentRevenueWithinInsurance,0,0,0
/損益計算書/売上高/医業収益/自由診療収入,自由診療収入,jpfr-etax-t-cte_RevenueOutOfInsurance,0,0,0
/損益計算書/売上高/医業収益/室料差額収入,室料差額収入,jpfr-etax-t-cte_RevenueDifferenceRoomCharge,0,0,0
/損益計算書/売上高/医業収益/その他収入,その他収入,jpfr-etax-t-cte_OtherRevenue,0,0,0
/損益計算書/売上高/その他の売上高,その他の売上高,jpfr-t-cte_OtherSalesRevOA,1,0,0
/損益計算書/売上高/その他の売上高,その他売上高,jpfr-t-cte_OtherSalesRevOA,1,0,0
/損益計算書/売上高/その他の売上高/その他の総売上高,その他の総売上高,jpfr-etax-t-cte_OtherSalesGross,0,0,0
/損益計算書/売上高/その他の売上高/売上値引及び戻り高,売上値引及び戻り高、その他の売上高,jpfr-etax-t-cte_OtherSalesReturnsAllowances,0,0,0
/損益計算書/売上高/売上割戻し高,売上割戻し高,jpfr-etax-t-cte_SalesRebates,1,0,0
/損益計算書/売上高/売上割戻し高,売上割戻,jpfr-etax-t-cte_SalesRebates,1,0,0
/損益計算書/売上高/売上高,売上高,jpfr-t-cte_NetSales,0,0,0
/損益計算書/営業活動による収益,営業活動による収益,jpfr-t-cte_RevenueFromOperatingActivitiesAbstract,0,0,0
/損益計算書/営業活動による収益/営業収入,営業収入、タイトル項目,jpfr-t-cte_OperatingRevenue2Abstract,0,0,0
/損益計算書/営業活動による収益/営業収入/営業収入,営業収入,jpfr-t-cte_OperatingRevenue2,0,0,0
/損益計算書/営業活動による収益/営業収入/営業総収入,営業総収入,jpfr-t-cte_GrossOperatingRevenue,0,0,0
/損益計算書/営業活動による収益/営業活動による収益の内訳,営業活動による収益の内訳,jpfr-t-cte_RevenueFromOperatingActivitiesDetailAbstract,0,0,0
/損益計算書/営業活動による収益/営業活動による収益の内訳/商品及び製品売上高,商品及び製品売上高,jpfr-t-cte_NetSalesOfMerchandiseAndFinishedGoodsRevOA,0,0,0
/損益計算書/営業活動による収益/営業活動による収益の内訳/製品及び商品売上高,製品及び商品売上高,jpfr-etax-t-cte_NetSalesOfFinishedGoodsAndMerchandiseRevOA,0,0,0
/損益計算書/営業活動による収益/営業活動による収益の内訳/原材料売上高,原材料売上高,jpfr-t-cte_SalesOfRawMaterialsRevOA,0,0,0
/損益計算書/営業活動による収益/営業活動による収益の内訳/役務収益,役務収益,jpfr-t-cte_ServiceRevenueRevOA,0,0,0
/損益計算書/営業活動による収益/営業活動による収益の内訳/サービス売上高,サービス売上高,jpfr-t-cte_ServiceSalesRevOA,0,0,0
/損益計算書/営業活動による収益/営業活動による収益の内訳/不動産売上高,不動産売上高,jpfr-t-cte_RealEstateSalesRevOA,0,0,0
/損益計算書/営業活動による収益/営業活動による収益の内訳/開発事業売上高,開発事業売上高,jpfr-t-cte_SalesOnDevelopmentBusinessRevOA,0,0,0
/損益計算書/営業活動による収益/営業活動による収益の内訳/不動産事業売上高,不動産事業売上高,jpfr-t-cte_SalesOnRealEstateBusinessRevOA,0,0,0
/損益計算書/営業活動による収益/営業活動による収益の内訳/賃貸事業売上高,賃貸事業売上高,jpfr-t-cte_SalesOnLeaseBusinessRevOA,0,0,0
/損益計算書/営業活動による収益/営業活動による収益の内訳/分譲事業売上高,分譲事業売上高,jpfr-t-cte_SalesOnSellingBusinessRevOA,0,0,0
/損益計算書/営業活動による収益/営業活動による収益の内訳/その他の事業売上高,その他の事業売上高,jpfr-t-cte_SalesOnOtherBusinessRevOA,1,0,0
/損益計算書/営業活動による収益/営業活動による収益の内訳/その他の事業売上高,その他事業売上高,jpfr-t-cte_SalesOnOtherBusinessRevOA,1,0,0
/損益計算書/営業活動による収益/営業活動による収益の内訳/賃貸事業収益,賃貸事業収益,jpfr-t-cte_LeaseBusinessRevenueRevOA,0,0,0
/損益計算書/営業活動による収益/営業活動による収益の内訳/分譲事業収益,分譲事業収益,jpfr-t-cte_SellingBusinessRevenueRevOA,0,0,0
/損益計算書/営業活動による収益/営業活動による収益の内訳/賃貸事業収入,賃貸事業収入,jpfr-t-cte_LeaseBusinessRevenueSpecificRevOA,0,0,0
/損益計算書/営業活動による収益/営業活動による収益の内訳/不動産賃貸収入,不動産賃貸収入,jpfr-t-cte_RentIncomeOfRealEstateRevOA,0,0,0
/損益計算書/営業活動による収益/営業活動による収益の内訳/不動産収入,不動産収入,jpfr-t-cte_RealEstateIncomeRevOA,0,0,0
/損益計算書/営業活動による収益/営業活動による収益の内訳/手数料収入,手数料収入,jpfr-t-cte_CommissionIncomeRevOA,0,0,0
/損益計算書/営業活動による収益/営業活動による収益の内訳/ロイヤリティー収入,ロイヤリティー収入,jpfr-t-cte_RoyaltyIncomeRevOA,1,0,0
/損益計算書/営業活動による収益/営業活動による収益の内訳/ロイヤリティー収入,ロイヤリティ,jpfr-t-cte_RoyaltyIncomeRevOA,1,0,0
/損益計算書/営業活動による収益/営業活動による収益の内訳/ロイヤリティー収入,ロイヤリティー,jpfr-t-cte_RoyaltyIncomeRevOA,1,0,0
/損益計算書/営業活動による収益/営業活動による収益の内訳/ロイヤリティー収入,ロイヤリティ収入,jpfr-t-cte_RoyaltyIncomeRevOA,1,0,0
/損益計算書/営業活動による収益/営業活動による収益の内訳/ロイヤリティー収入,ロイヤリテー,jpfr-t-cte_RoyaltyIncomeRevOA,1,0,0
/損益計算書/営業活動による収益/営業活動による収益の内訳/コンサルティング収入,コンサルティング収入,jpfr-t-cte_ConsultingIncomeRevOA,0,0,0
/損益計算書/営業活動による収益/営業活動による収益の内訳/加盟店からの収入,加盟店からの収入,jpfr-t-cte_IncomeFromFranchisedStoresRevOA,0,0,0
/損益計算書/営業活動による収益/営業活動による収益の内訳/関係会社受取配当金,関係会社受取配当金,jpfr-t-cte_DividendsFromSubsidiariesAndAffiliatesRevOA,0,0,0
/損益計算書/営業活動による収益/営業活動による収益の内訳/受取配当金,受取配当金、営業活動による収益,jpfr-t-cte_DividendsIncomeRevOA,0,0,0
/損益計算書/営業活動による収益/営業活動による収益の内訳/関係会社受入手数料,関係会社受入手数料,jpfr-t-cte_CommissionsFromSubsidiariesAndAffiliatesRevOA,0,0,0
/損益計算書/営業活動による収益/営業活動による収益の内訳/関係会社貸付金利息,関係会社貸付金利息,jpfr-t-cte_InterestOnLoansToSubsidiariesAndAffiliatesRevOA,0,0,0
/損益計算書/営業活動による収益/営業活動による収益の内訳/関係会社有価証券利息,関係会社有価証券利息,jpfr-t-cte_InterestOnSecuritiesOfSubsidiariesAndAffiliatesRevOA,0,0,0
/損益計算書/営業活動による収益/営業活動による収益の内訳/経営管理料,経営管理料,jpfr-t-cte_ManagementFeeIncomeRevOA,0,0,0
/損益計算書/営業活動による収益/営業活動による収益の内訳/経営指導料,経営指導料、営業活動による収益,jpfr-t-cte_ConsultingFeeIncomeRevOA,0,0,0
/損益計算書/営業活動による収益/営業活動による収益の内訳/商標使用料,商標使用料,jpfr-t-cte_TrademarkFeeIncomeRevOA,0,0,0
/損益計算書/営業活動による収益/営業活動による収益の内訳/資産利用料,資産利用料,jpfr-t-cte_AssetRentalIncomeRevOA,0,0,0
/損益計算書/営業活動による収益/営業活動による収益の内訳/完成業務高,完成業務高,jpfr-t-cte_ContractsCompletedRevOA,0,0,0
/損益計算書/営業活動による収益/営業活動による収益の内訳/工事売上高,工事売上高,jpfr-t-cte_ConstructionSalesRevOA,0,0,0
/損益計算書/営業活動による収益/営業活動による収益の内訳/ソフトウエア開発売上高,ソフトウエア開発売上高,jpfr-t-cte_SalesOfSoftwareDevelopmentRevOA,0,0,0
/損益計算書/営業活動による収益/営業活動による収益の内訳/情報サービス売上高,情報サービス売上高,jpfr-t-cte_SalesOfInformationServiceRevOA,0,0,0
/損益計算書/営業活動による収益/営業活動による収益の内訳/保守売上高,保守売上高,jpfr-t-cte_SalesOfMaintenanceServiceRevOA,0,0,0
/損益計算書/営業活動による収益/営業活動による収益の内訳/年会費収入,年会費収入,jpfr-t-cte_AnnualFeeIncomeRevOA,0,0,0
/損益計算書/営業活動による収益/営業活動による収益の内訳/倉庫収入,倉庫収入,jpfr-t-cte_WarehouseIncomeRevOA,0,0,0
/損益計算書/営業活動による収益/営業活動による収益の内訳/倉庫保管料,倉庫保管料,jpfr-t-cte_WarehousingFeeIncomeRevOA,0,0,0
/損益計算書/営業活動による収益/営業活動による収益の内訳/倉庫荷役料,倉庫荷役料,jpfr-t-cte_StevedoringIncomeRevOA,0,0,0
/損益計算書/営業活動による収益/営業活動による収益の内訳/運送収入,運送収入,jpfr-t-cte_TransportationIncomeRevOA,0,0,0
/損益計算書/営業活動による収益/営業活動による収益の内訳/運送雑収,運送雑収,jpfr-t-cte_MiscellaneousTransportationIncomeRevOA,0,0,0
/損益計算書/営業活動による収益/営業活動による収益の内訳/制作収入,制作収入,jpfr-t-cte_ProductionIncomeRevOA,0,0,0
/損益計算書/営業活動による収益/営業活動による収益の内訳/放送収入,放送収入,jpfr-t-cte_IncomeFromBroadcastingBusinessRevOA,0,0,0
/損益計算書/営業活動による収益/営業活動による収益の内訳/テレビ収入,テレビ収入,jpfr-t-cte_IncomeFromTelevisionBusinessRevOA,0,0,0
/損益計算書/営業活動による収益/営業活動による収益の内訳/ラジオ収入,ラジオ収入,jpfr-t-cte_IncomeFromRadioBusinessRevOA,0,0,0
/損益計算書/営業活動による収益/営業活動による収益の内訳/レンタル売上高,レンタル売上高,jpfr-t-cte_RentalSalesRevOA,0,0,0
/損益計算書/営業活動による収益/営業活動による収益の内訳/受託品売上高,受託品売上高,jpfr-t-cte_SalesOfGoodsOnConsignmentRevOA,0,0,0
/損益計算書/営業活動による収益/営業活動による収益の内訳/買付品売上高,買付品売上高,jpfr-t-cte_IndentSalesRevOA,0,0,0
/損益計算書/営業活動による収益/営業活動による収益の内訳/その他の事業収益,その他の事業収益,jpfr-t-cte_OtherBusinessRevenue1RevOA,1,0,0
/損益計算書/営業活動による収益/営業活動による収益の内訳/その他の事業収益,その他事業収益,jpfr-t-cte_OtherBusinessRevenue1RevOA,1,0,0
/損益計算書/営業活動による収益/営業活動による収益の内訳/その他の事業収入,その他の事業収入,jpfr-t-cte_OtherBusinessRevenue2RevOA,1,0,0
/損益計算書/営業活動による収益/営業活動による収益の内訳/その他の事業収入,その他事業収入,jpfr-t-cte_OtherBusinessRevenue2RevOA,1,0,0
/損益計算書/営業活動による収益/営業活動による収益の内訳/その他の営業収益,その他の営業収益,jpfr-t-cte_OtherOperatingRevenue1RevOA,0,0,0
/損益計算書/営業活動による収益/営業活動による収益の内訳/その他の営業収入,その他の営業収入,jpfr-t-cte_OtherOperatingRevenue2RevOA,1,0,0
/損益計算書/営業活動による収益/営業活動による収益の内訳/その他の営業収入,その他営業収入,jpfr-t-cte_OtherOperatingRevenue2RevOA,1,0,0
/損益計算書/営業活動による収益/営業活動による収益の内訳/その他の収益,その他の収益,jpfr-t-cte_OtherRevenue1RevOA,1,0,0
/損益計算書/営業活動による収益/営業活動による収益の内訳/その他の収益,その他収益,jpfr-t-cte_OtherRevenue1RevOA,1,0,0
/損益計算書/営業活動による収益/営業活動による収益の内訳/その他の収入,その他の収入,jpfr-t-cte_OtherRevenue2RevOA,0,0,0
/損益計算書/営業活動による収益/営業活動による収益の内訳/その他,その他、営業活動による収益,jpfr-t-cte_OtherRevOA,0,0,0
/損益計算書/営業活動による収益/営業活動による収益の内訳/金融収益,金融収益、タイトル項目,jpfr-t-cte_FinancialRevenueAbstract,0,0,0
/損益計算書/営業活動による収益/営業活動による収益の内訳/金融収益/金融収益,金融収益,jpfr-t-cte_FinancialRevenue,0,0,0
/損益計算書/営業活動による収益/営業活動による収益の内訳/金融収益/融資収益,融資収益,jpfr-t-cte_FinancingRevenueRevOA,0,0,0
/損益計算書/営業活動による収益/営業活動による収益の内訳/金融収益/リース収益,リース収益,jpfr-t-cte_LeaseRevenueRevOA,0,0,0
/損益計算書/営業活動による収益/営業活動による収益の内訳/金融収益/営業投資有価証券売上高,営業投資有価証券売上高,jpfr-t-cte_RevenueFromOperationalInvestmentSecuritiesRevOA,0,0,0
/損益計算書/営業活動による収益/営業活動による収益の内訳/金融収益/割賦購入あっせん収益,割賦購入あっせん収益,jpfr-t-cte_RevenueFromAgencyServicesOfInstallmentPurchaseRevOA,0,0,0
/損益計算書/営業活動による収益/営業活動による収益の内訳/金融収益/包括信用購入あっせん収益,包括信用購入あっせん収益,jpfr-t-cte_CreditCardRevenueRevOA,0,0,0
/損益計算書/営業活動による収益/営業活動による収益の内訳/金融収益/個別信用購入あっせん収益,個別信用購入あっせん収益,jpfr-t-cte_PerItemRevenueRevOA,0,0,0
/損益計算書/営業活動による収益/営業活動による収益の内訳/金融収益/受取割引料,受取割引料,jpfr-t-cte_DiscountRevenueRevOA,0,0,0
/損益計算書/営業活動による収益/営業活動による収益の内訳/金融収益/信販事業収益,信販事業収益,jpfr-etax-t-cte_RevenueFromCreditBusinessRevOA,0,0,0
/損益計算書/営業活動による収益/営業活動による収益の内訳/金融収益/信用保証収益,信用保証収益,jpfr-t-cte_RevenueFromCreditGuaranteeRevOA,0,0,0
/損益計算書/営業活動による収益/営業活動による収益の内訳/金融収益/投資事業組合管理収入,投資事業組合管理収入,jpfr-t-cte_IncomeFromPartnershipManagementRevOA,0,0,0
/損益計算書/営業活動による収益/営業活動による収益の内訳/金融収益/保管手数料,保管手数料,jpfr-etax-t-cte_CustodyFeeRevOA,0,0,0
/損益計算書/営業活動による収益/営業活動による収益の内訳/金融収益/名義書換手数料,名義書換手数料,jpfr-t-cte_NameTransferFeeRevOA,0,0,0
/損益計算書/営業活動による収益/営業活動による収益の内訳/金融収益/融資代行収益,融資代行収益,jpfr-t-cte_LoanAgencyRevenueRevOA,0,0,0
/損益計算書/営業活動による収益/営業活動による収益の内訳/金融収益/買取債権回収高,買取債権回収高,jpfr-t-cte_CollectionFromPurchasedReceivableRevOA,0,0,0
/損益計算書/営業活動による収益/営業活動による収益の内訳/金融収益/借入有価証券代り金利息,借入有価証券代り金利息,jpfr-t-cte_InterestOnCollateralMoneyForSecuritiesBorrowedRevOA,0,0,0
/損益計算書/営業活動による収益/営業活動による収益の内訳/金融収益/有価証券貸付料,有価証券貸付料,jpfr-t-cte_ChargeOnSecuritiesLoanedRevOA,0,0,0
/損益計算書/営業活動による収益/営業活動による収益の内訳/金融収益/貸借取引貸付金利息,貸借取引貸付金利息,jpfr-t-cte_InterestOnLoansOnMarginTransactionRevOA,0,0,0
/損益計算書/営業活動による収益/営業活動による収益の内訳/金融収益/公社債貸付金利息,公社債貸付金利息,jpfr-t-cte_InterestOnBondFinancingRevOA,0,0,0
/損益計算書/営業活動による収益/営業活動による収益の内訳/金融収益/一般貸付金利息,一般貸付金利息,jpfr-t-cte_InterestOnGeneralLoansRevOA,0,0,0
/損益計算書/営業活動による収益/営業活動による収益の内訳/金融収益/投資収益,投資収益,jpfr-t-cte_GainOnInvestmentRevOA,0,0,0
/損益計算書/営業活動による収益/営業活動による収益の内訳/金融収益/その他の金融収益,その他の金融収益、営業活動による収益,jpfr-t-cte_OtherFinancialRevenueRevOA,0,0,0
/損益計算書/売上原価,売上原価、タイトル項目,jpfr-t-cte_CostOfSalesAbstract,0,0,0
/損益計算書/売上原価/完成工事原価,完成工事原価,jpfr-t-cns_CostOfSalesOfCompletedConstructionContractsCNS,0,0,0
/損益計算書/売上原価/商品期首たな卸高,商品期首たな卸高,jpfr-t-cte_BeginningGoodsCOS,0,0,0
/損益計算書/売上原価/商品売上原価,商品売上原価、タイトル項目,jpfr-t-cte_CostOfGoodsSoldAbstract,0,0,0
/損益計算書/売上原価/商品売上原価/総仕入高,総仕入高,jpfr-t-cte_TotalPurchaseOfGoods,0,0,0
/損益計算書/売上原価/商品売上原価/仕入値引及び戻し高,仕入値引及び戻し高,jpfr-t-cte_PurchaseAllowanceAndReturns,1,0,0
/損益計算書/売上原価/商品売上原価/仕入値引及び戻し高,仕入値引・戻し高,jpfr-t-cte_PurchaseAllowanceAndReturns,1,0,0
/損益計算書/売上原価/商品売上原価/仕入値引及び戻し高,仕入値引戻し高,jpfr-t-cte_PurchaseAllowanceAndReturns,1,0,0
/損益計算書/売上原価/商品売上原価/仕入値引及び戻し高,仕入値引・戻り高,jpfr-t-cte_PurchaseAllowanceAndReturns,1,0,0
/損益計算書/売上原価/商品売上原価/仕入値引及び戻し高,仕入値引・戻し,jpfr-t-cte_PurchaseAllowanceAndReturns,1,0,0
/損益計算書/売上原価/商品売上原価/商品他勘定振替高,商品他勘定振替高,jpfr-t-cte_GoodsTransferToOtherAccountCOS,0,0,0
/損益計算書/売上原価/商品売上原価/商品評価損,商品評価損、売上原価,jpfr-t-cte_ValuationLossOnGoodsCOS,0,0,0
/損益計算書/売上原価/商品売上原価/小計,小計、売上原価、商品,jpfr-t-cte_SubtotalCOSGoods,0,0,0
/損益計算書/売上原価/商品売上原価/差引,差引、売上原価、商品,jpfr-t-cte_NetCOSGoods,0,0,0
/損益計算書/売上原価/製品売上原価,製品売上原価、タイトル項目,jpfr-t-cte_CostOfFinishedGoodsSoldAbstract,0,0,0
/損益計算書/売上原価/製品売上原価/製品期首たな卸高,製品期首たな卸高,jpfr-t-cte_BeginningFinishedGoodsCOS,1,0,0
/損益計算書/売上原価/製品売上原価/製品期首たな卸高,製品期首棚卸高,jpfr-t-cte_BeginningFinishedGoodsCOS,1,0,0
/損益計算書/売上原価/製品売上原価/製品期首たな卸高,期首製品棚卸高,jpfr-t-cte_BeginningFinishedGoodsCOS,1,0,0
/損益計算書/売上原価/製品売上原価/期首半製品棚卸高,期首半製品棚卸高,jpfr-etax-t-cte_CostFinishedGoodsSemiFinishedGoodsBeginningInventories,0,0,0
/損益計算書/売上原価/製品売上原価/合併による製品受入高,合併による製品受入高,jpfr-etax-t-cte_CostFinishedGoodsAcquiredMerger,0,0,0
/損益計算書/売上原価/製品売上原価/当期製品製造原価,当期製品製造原価,jpfr-t-cte_CostOfProductsManufactured,0,0,0
/損益計算書/売上原価/製品売上原価/当期製品仕入高,当期製品仕入高,jpfr-t-cte_PurchaseOfFinishedGoodsCOS,0,0,0
/損益計算書/売上原価/製品売上原価/製品期末たな卸高,製品期末たな卸高,jpfr-t-cte_EndingFinishedGoodsCOS,1,0,0
/損益計算書/売上原価/製品売上原価/製品期末たな卸高,製品期末棚卸高,jpfr-t-cte_EndingFinishedGoodsCOS,1,0,0
/損益計算書/売上原価/製品売上原価/製品期末たな卸高,期末製品棚卸高,jpfr-t-cte_EndingFinishedGoodsCOS,1,0,0
/損益計算書/売上原価/製品売上原価/合計,合計、製品期首たな卸高及び当期製品製造原価,jpfr-t-cte_TotalBeginningFinishedGoodsAndCostOfProductsManufacturedForThePeriod,0,0,0
/損益計算書/売上原価/製品売上原価/製品他勘定振替高,製品他勘定振替高,jpfr-t-cte_FinishedGoodsTransferToOtherAccountCOS,0,0,0
/損益計算書/売上原価/製品売上原価/製品評価損,製品評価損,jpfr-t-cte_ValuationLossOnFinishedGoodsCOS,0,0,0
/損益計算書/売上原価/製品売上原価/原材料評価損,原材料評価損、売上原価,jpfr-t-cte_ValuationLossOnRawMaterialsCOS,0,0,0
/損益計算書/売上原価/製品売上原価/期末半製品棚卸高,期末半製品棚卸高,jpfr-etax-t-cte_CostFinishedGoodsSemiFinishedGoodsClosingInventories,0,0,0
/損益計算書/売上原価/製品売上原価/小計,小計、売上原価、製品,jpfr-t-cte_SubtotalCOSFinishedGoods,0,0,0
/損益計算書/売上原価/製品売上原価/差引,差引、売上原価、製品,jpfr-t-cte_NetCOSFinishedGoods,0,0,0
/損益計算書/売上原価/製品売上原価/製品売上原価,製品売上原価,jpfr-t-cte_CostOfFinishedGoodsSold,0,0,0
/損益計算書/売上原価/売上原価,売上原価,jpfr-t-cte_CostOfSales,0,0,0
/損益計算書/売上原価/当期商品仕入高,当期商品仕入高,jpfr-t-cte_CostOfPurchasedGoods,0,0,0
/損益計算書/売上原価/合計,合計、商品期首たな卸高及び当期商品仕入高,jpfr-t-cte_TotalBeginningAndPurchaseOfGoods,0,0,0
/損益計算書/売上原価/商品期末たな卸高,商品期末たな卸高,jpfr-t-cte_EndingGoodsCOS,0,0,0
/損益計算書/売上原価/商品売上原価,商品売上原価,jpfr-t-cte_CostOfGoodsSold,0,0,0
/損益計算書/売上原価/一般販売売上原価,一般販売売上原価,jpfr-etax-t-cte_CostGeneralSales,0,0,0
/損益計算書/売上原価/役務原価,役務原価,jpfr-etax-t-cte_CostServices,0,0,0
/損益計算書/売上原価/運送原価,運送原価,jpfr-etax-t-cte_CostTransportationRevenue,0,0,0
/損益計算書/売上原価/運送原価/当期運送原価,当期運送原価,jpfr-etax-t-cte_CostTransportationRevenueCurrentPeriod,0,0,0
/損益計算書/売上原価/割賦売上原価,割賦売上原価,jpfr-etax-t-cte_CostInstallmentSales,0,0,0
/損益計算書/売上原価/受託販売売上原価,受託販売売上原価,jpfr-etax-t-cte_CostConsignmentSales,0,0,0
/損益計算書/売上原価/フランチャイズ売上原価,フランチャイズ売上原価,jpfr-etax-t-cte_CostFranchise,0,0,0
/損益計算書/売上原価/外注費,外注費、売上原価,jpfr-etax-t-cte_CostSalesOutsideOrderExpense,0,0,0
/損益計算書/売上原価/運送費（兼業原価）,運送費（兼業原価）,jpfr-etax-t-cte_CostSalesTransportation,0,0,0
/損益計算書/売上原価/医業原価,医業原価,jpfr-etax-t-cte_CostSalesHospital,0,0,0
/損益計算書/売上原価/非課税仕入高,非課税仕入高,jpfr-etax-t-cte_NontaxablePurchases,0,0,0
/損益計算書/売上原価/仕入割戻し高,仕入割戻し高,jpfr-etax-t-cte_PurchaseRebates,1,0,0
/損益計算書/売上原価/仕入割戻し高,仕入割戻,jpfr-etax-t-cte_PurchaseRebates,1,0,0
/損益計算書/売上原価/兼業事業売上原価,兼業事業売上原価,jpfr-t-cns_CostOfSalesOnSideLineBusinessCNS,1,0,0
/損益計算書/売上原価/兼業事業売上原価,兼業売上原価,jpfr-t-cns_CostOfSalesOnSideLineBusinessCNS,1,0,0
/損益計算書/売上原価/兼業事業売上原価/期首たな卸高,期首たな卸高,jpfr-etax-t-cte_CostNonConstructionSalesBeginningInventories,1,0,0
/損益計算書/売上原価/兼業事業売上原価/期首たな卸高,期首棚卸高,jpfr-etax-t-cte_CostNonConstructionSalesBeginningInventories,1,0,0
/損益計算書/売上原価/兼業事業売上原価/当期仕入高,当期仕入高,jpfr-etax-t-cte_CostNonConstructionSalesPurchase,1,0,0
/損益計算書/売上原価/兼業事業売上原価/当期仕入高,仕入高,jpfr-etax-t-cte_CostNonConstructionSalesPurchase,1,0,0
/損益計算書/売上原価/兼業事業売上原価/仕入値引及び戻し高,仕入値引及び戻し高、兼業事業売上原価,jpfr-etax-t-cte_CostNonConstructionSalesPurchaseReturnsAllowances,0,0,0
/損益計算書/売上原価/兼業事業売上原価/仕入割戻し高,仕入割戻し高、兼業事業売上原価,jpfr-etax-t-cte_CostNonConstructionSalesPurchaseRebates,0,0,0
/損益計算書/売上原価/兼業事業売上原価/その他の仕入高,その他の仕入高,jpfr-etax-t-cte_CostNonConstructionSalesOtherPurchaseNet,1,0,0
/損益計算書/売上原価/兼業事業売上原価/その他の仕入高,その他仕入高,jpfr-etax-t-cte_CostNonConstructionSalesOtherPurchaseNet,1,0,0
/損益計算書/売上原価/兼業事業売上原価/合計,合計、兼業事業売上原価,jpfr-etax-t-cte_CostNonConstructionSalesSubtotal,0,0,0
/損益計算書/売上原価/兼業事業売上原価/期末たな卸高,期末たな卸高,jpfr-etax-t-cte_CostNonConstructionSalesClosingInventories,1,0,0
/損益計算書/売上原価/兼業事業売上原価/期末たな卸高,期末棚卸高,jpfr-etax-t-cte_CostNonConstructionSalesClosingInventories,1,0,0
/損益計算書/売上原価/開発事業等売上原価,開発事業等売上原価,jpfr-t-cns_CostOfSalesOnDevelopmentBusinessAndOtherCNS,0,0,0
/損益計算書/売上原価/不動産事業等売上原価,不動産事業等売上原価,jpfr-t-cns_CostOfSalesOnRealEstateBusinessAndOtherCNS,0,0,0
/損益計算書/売上原価/その他の売上原価,その他の売上原価,jpfr-etax-t-cte_OtherCost,1,0,0
/損益計算書/売上原価/その他の売上原価,その他売上原価,jpfr-etax-t-cte_OtherCost,1,0,0
/損益計算書/売上原価/仕入原価振替高,仕入原価振替高,jpfr-etax-t-cte_DeductionCostMerchandise,0,0,0
/損益計算書/営業活動による費用・売上原価,営業活動による費用・売上原価,jpfr-t-cte_COSAndExpensesFromOperatingActivitiesAbstract,0,0,0
/損益計算書/営業活動による費用・売上原価/営業費用,営業費用、タイトル項目,jpfr-t-cte_OperatingExpensesAbstract,0,0,0
/損益計算書/営業活動による費用・売上原価/営業費用/営業費用,営業費用,jpfr-t-cte_OperatingExpenses,0,0,0
/損益計算書/営業活動による費用・売上原価/営業原価,営業原価、タイトル項目,jpfr-t-cte_OperatingCostAbstract,0,0,0
/損益計算書/営業活動による費用・売上原価/営業原価/営業原価,営業原価,jpfr-t-cte_OperatingCost,0,0,0
/損益計算書/営業活動による費用・売上原価/営業活動による費用・売上原価の内訳,営業活動による費用・売上原価の内訳,jpfr-t-cte_COSAndExpensesFromOperatingActivitiesDetailAbstract,0,0,0
/損益計算書/営業活動による費用・売上原価/営業活動による費用・売上原価の内訳/他勘定振替高,他勘定振替高,jpfr-t-cte_TransferToOtherAccountCOS,0,0,0
/損益計算書/営業活動による費用・売上原価/営業活動による費用・売上原価の内訳/他勘定受入高,他勘定受入高,jpfr-t-cte_TransferFromOtherAccountCOS,0,0,0
/損益計算書/営業活動による費用・売上原価/営業活動による費用・売上原価の内訳/合併による商品受入高,合併による商品受入高,jpfr-t-cte_TransferOfGoodsByMergerCOS,0,0,0
/損益計算書/営業活動による費用・売上原価/営業活動による費用・売上原価の内訳/原価差額,原価差額,jpfr-t-cte_CostPriceBalanceCOS,0,0,0
/損益計算書/営業活動による費用・売上原価/営業活動による費用・売上原価の内訳/商品及び製品売上原価,商品及び製品売上原価,jpfr-t-cte_CostOfMerchandiseAndFinishedGoodsSoldCOS,0,0,0
/損益計算書/営業活動による費用・売上原価/営業活動による費用・売上原価の内訳/商品及び製品売上原価/商品及び製品期首たな卸高,商品及び製品期首たな卸高,jpfr-t-cte_BeginningMerchandiseAndFinishedGoodsCOS,0,0,0
/損益計算書/営業活動による費用・売上原価/営業活動による費用・売上原価の内訳/商品及び製品売上原価/当期商品及び製品仕入高,当期商品及び製品仕入高,jpfr-t-cte_CostOfPurchasedMerchandiseAndFinishedGoodsCOS,0,0,0
/損益計算書/営業活動による費用・売上原価/営業活動による費用・売上原価の内訳/商品及び製品売上原価/合計,合計、商品及び製品期首たな卸高及び当期仕入高、売上原価,jpfr-t-cte_TotalBeginningAndCostPurchasedMerchandiseAndFinishedGoodsCOS,0,0,0
/損益計算書/営業活動による費用・売上原価/営業活動による費用・売上原価の内訳/商品及び製品売上原価/商品及び製品期末たな卸高,商品及び製品期末たな卸高,jpfr-t-cte_EndingMerchandiseAndFinishedGoodsCOS,0,0,0
/損益計算書/営業活動による費用・売上原価/営業活動による費用・売上原価の内訳/製品及び商品売上原価,製品及び商品売上原価,jpfr-etax-t-cte_CostOfFinishedGoodsAndMerchandiseSoldCOS,0,0,0
/損益計算書/営業活動による費用・売上原価/営業活動による費用・売上原価の内訳/製品及び商品売上原価/製品及び商品期首たな卸高,製品及び商品期首たな卸高,jpfr-etax-t-cte_BeginningFinishedGoodsAndMerchandiseCOS,0,0,0
/損益計算書/営業活動による費用・売上原価/営業活動による費用・売上原価の内訳/製品及び商品売上原価/当期製品及び商品仕入高,当期製品及び商品仕入高,jpfr-etax-t-cte_PurchaseOfFinishedGoodsAndMerchandiseCOS,0,0,0
/損益計算書/営業活動による費用・売上原価/営業活動による費用・売上原価の内訳/製品及び商品売上原価/合計,合計、製品及び商品期首たな卸高及び当期仕入高、売上原価,jpfr-etax-t-cte_TotalBeginningAndCostPurchasedFinishedGoodsAndMerchandiseCOS,0,0,0
/損益計算書/営業活動による費用・売上原価/営業活動による費用・売上原価の内訳/製品及び商品売上原価/製品及び商品期末たな卸高,製品及び商品期末たな卸高,jpfr-etax-t-cte_EndingFinishedGoodsAndMerchandiseCOS,0,0,0
/損益計算書/営業活動による費用・売上原価/営業活動による費用・売上原価の内訳/原材料売上原価,原材料売上原価,jpfr-t-cte_CostOfRawMaterialSalesCOSExpOA,0,0,0
/損益計算書/営業活動による費用・売上原価/営業活動による費用・売上原価の内訳/サービス売上原価,サービス売上原価,jpfr-t-cte_CostOfServiceSalesCOSExpOA,0,0,0
/損益計算書/営業活動による費用・売上原価/営業活動による費用・売上原価の内訳/不動産売上原価,不動産売上原価,jpfr-t-cte_CostOfSalesRealEstateCOSExpOA,0,0,0
/損益計算書/営業活動による費用・売上原価/営業活動による費用・売上原価の内訳/開発事業売上原価,開発事業売上原価,jpfr-t-cte_CostOfSalesOnDevelopmentBusinessCOSExpOA,0,0,0
/損益計算書/営業活動による費用・売上原価/営業活動による費用・売上原価の内訳/不動産事業売上原価,不動産事業売上原価,jpfr-t-cte_CostOfSalesOnRealEstateBusinessCOSExpOA,0,0,0
/損益計算書/営業活動による費用・売上原価/営業活動による費用・売上原価の内訳/賃貸事業売上原価,賃貸事業売上原価,jpfr-t-cte_CostOfSalesOnLeaseBusinessCOSExpOA,0,0,0
/損益計算書/営業活動による費用・売上原価/営業活動による費用・売上原価の内訳/分譲事業売上原価,分譲事業売上原価,jpfr-t-cte_CostOfSalesOnSellingBusinessCOSExpOA,0,0,0
/損益計算書/営業活動による費用・売上原価/営業活動による費用・売上原価の内訳/その他の事業売上原価,その他の事業売上原価,jpfr-t-cte_CostOfSalesOnOtherBusinessCOSExpOA,1,0,0
/損益計算書/営業活動による費用・売上原価/営業活動による費用・売上原価の内訳/その他の事業売上原価,その他事業売上原価,jpfr-t-cte_CostOfSalesOnOtherBusinessCOSExpOA,1,0,0
/損益計算書/営業活動による費用・売上原価/営業活動による費用・売上原価の内訳/工事売上原価,工事売上原価,jpfr-t-cte_CostOfConstructionSalesCOSExpOA,0,0,0
/損益計算書/営業活動による費用・売上原価/営業活動による費用・売上原価の内訳/ソフトウエア開発売上原価,ソフトウエア開発売上原価,jpfr-t-cte_CostOfSalesOfSoftwareDevelopmentCOSExpOA,0,0,0
/損益計算書/営業活動による費用・売上原価/営業活動による費用・売上原価の内訳/情報サービス売上原価,情報サービス売上原価,jpfr-t-cte_CostOfSalesOfInformationServiceCOSExpOA,0,0,0
/損益計算書/営業活動による費用・売上原価/営業活動による費用・売上原価の内訳/保守売上原価,保守売上原価,jpfr-t-cte_CostOfSalesOfMaintenanceServiceCOSExpOA,0,0,0
/損益計算書/営業活動による費用・売上原価/営業活動による費用・売上原価の内訳/受託品売上原価,受託品売上原価,jpfr-t-cte_CostOfSalesOfGoodsOnConsignmentCOSExpOA,0,0,0
/損益計算書/営業活動による費用・売上原価/営業活動による費用・売上原価の内訳/買付品売上原価,買付品売上原価,jpfr-t-cte_CostOfIndentSalesCOSExpOA,0,0,0
/損益計算書/営業活動による費用・売上原価/営業活動による費用・売上原価の内訳/完成業務原価,完成業務原価,jpfr-t-cte_CostOfCompletedWorkCOSExpOA,0,0,0
/損益計算書/営業活動による費用・売上原価/営業活動による費用・売上原価の内訳/賃貸原価,賃貸原価,jpfr-t-cte_RentCostCOSExpOA,0,0,0
/損益計算書/営業活動による費用・売上原価/営業活動による費用・売上原価の内訳/不動産賃貸原価,不動産賃貸原価、営業活動による費用・売上原価,jpfr-t-cte_CostOfRealEstateRentCOSExpOA,0,0,0
/損益計算書/営業活動による費用・売上原価/営業活動による費用・売上原価の内訳/不動産賃貸費用,不動産賃貸費用、営業活動による費用・売上原価,jpfr-t-cte_ExpensesOfRealEstateRentCOSExpOA,0,0,0
/損益計算書/営業活動による費用・売上原価/営業活動による費用・売上原価の内訳/賃貸事業原価,賃貸事業原価,jpfr-t-cte_LeaseBusinessCostCOSExpOA,0,0,0
/損益計算書/営業活動による費用・売上原価/営業活動による費用・売上原価の内訳/分譲事業原価,分譲事業原価,jpfr-t-cte_SellingBusinessCostCOSExpOA,0,0,0
/損益計算書/営業活動による費用・売上原価/営業活動による費用・売上原価の内訳/その他の事業原価,その他の事業原価,jpfr-t-cte_OtherBusinessCostCOSExpOA,1,0,0
/損益計算書/営業活動による費用・売上原価/営業活動による費用・売上原価の内訳/その他の事業原価,その他事業原価,jpfr-t-cte_OtherBusinessCostCOSExpOA,1,0,0
/損益計算書/営業活動による費用・売上原価/営業活動による費用・売上原価の内訳/ソフトウエア償却費,ソフトウエア償却費,jpfr-t-cte_AmortizationOfSoftwareCOSExpOA,1,0,0
/損益計算書/営業活動による費用・売上原価/営業活動による費用・売上原価の内訳/ソフトウエア償却費,ソフトウェア償却,jpfr-t-cte_AmortizationOfSoftwareCOSExpOA,1,0,0
/損益計算書/営業活動による費用・売上原価/営業活動による費用・売上原価の内訳/ソフトウエア償却費,ソフトウェア償却費,jpfr-t-cte_AmortizationOfSoftwareCOSExpOA,1,0,0
/損益計算書/営業活動による費用・売上原価/営業活動による費用・売上原価の内訳/維持運転費,維持運転費,jpfr-t-cte_MaintenanceAndOperatingExpensesCOSExpOA,0,0,0
/損益計算書/営業活動による費用・売上原価/営業活動による費用・売上原価の内訳/番組制作費,番組制作費,jpfr-t-cte_ProgramProductionExpensesCOSExpOA,0,0,0
/損益計算書/営業活動による費用・売上原価/営業活動による費用・売上原価の内訳/番組費,番組費,jpfr-t-cte_ProgramExpensesCOSExpOA,0,0,0
/損益計算書/営業活動による費用・売上原価/営業活動による費用・売上原価の内訳/放送費,放送費,jpfr-t-cte_BroadcastingExpensesCOSExpOA,0,0,0
/損益計算書/営業活動による費用・売上原価/営業活動による費用・売上原価の内訳/その他の事業費用,その他の事業費用,jpfr-t-cte_OtherBusinessExpensesCOSExpOA,1,0,0
/損益計算書/営業活動による費用・売上原価/営業活動による費用・売上原価の内訳/その他の事業費用,その他事業費用,jpfr-t-cte_OtherBusinessExpensesCOSExpOA,1,0,0
/損益計算書/営業活動による費用・売上原価/営業活動による費用・売上原価の内訳/その他の原価,その他の原価,jpfr-t-cte_OtherCostCOSExpOA,1,0,0
/損益計算書/営業活動による費用・売上原価/営業活動による費用・売上原価の内訳/その他の原価,その他原価,jpfr-t-cte_OtherCostCOSExpOA,1,0,0
/損益計算書/営業活動による費用・売上原価/営業活動による費用・売上原価の内訳/その他,その他、営業活動による費用・売上原価,jpfr-t-cte_OtherCOSExpOA,0,0,0
/損益計算書/営業活動による費用・売上原価/営業活動による費用・売上原価の内訳/金融費用,金融費用、タイトル項目,jpfr-t-cte_FinancialExpensesAbstract,0,0,0
/損益計算書/営業活動による費用・売上原価/営業活動による費用・売上原価の内訳/金融費用/金融費用,金融費用,jpfr-t-cte_FinancialExpenses,0,0,0
/損益計算書/営業活動による費用・売上原価/営業活動による費用・売上原価の内訳/金融費用/営業投資有価証券売上原価,営業投資有価証券売上原価,jpfr-t-cte_CostOfOperationalInvestmentSecuritiesCOSExpOA,0,0,0
/損益計算書/営業活動による費用・売上原価/営業活動による費用・売上原価の内訳/金融費用/借入金利息,借入金利息,jpfr-t-cte_InterestOnLoansCOSExpOA,0,0,0
/損益計算書/営業活動による費用・売上原価/営業活動による費用・売上原価の内訳/金融費用/有価証券借入料,有価証券借入料,jpfr-t-cte_BorrowingFeeOnSecuritiesCOSExpOA,0,0,0
/損益計算書/営業活動による費用・売上原価/営業活動による費用・売上原価の内訳/金融費用/債権買取原価,債権買取原価,jpfr-t-cte_CostOfPurchasedReceivableCOSExpOA,0,0,0
/損益計算書/営業活動による費用・売上原価/営業活動による費用・売上原価の内訳/金融費用/貸付有価証券代り金利息,貸付有価証券代り金利息,jpfr-t-cte_InterestOnCollateralMoneyReceivedForSecuritiesLentCOSExpOA,0,0,0
/損益計算書/営業活動による費用・売上原価/営業活動による費用・売上原価の内訳/金融費用/その他の金融費用,その他の金融費用,jpfr-t-cte_OtherFinancialExpensesCOSExpOA,1,0,0
/損益計算書/営業活動による費用・売上原価/営業活動による費用・売上原価の内訳/金融費用/その他の金融費用,その他金融費用,jpfr-t-cte_OtherFinancialExpensesCOSExpOA,1,0,0
/損益計算書/売上総利益,売上総利益,jpfr-t-cte_GrossProfit,1,0,0
/損益計算書/売上総利益,売上総利益金額,jpfr-t-cte_GrossProfit,1,0,0
/損益計算書/売上総利益/完成工事総利益,完成工事総利益,jpfr-t-cns_GrossProfitOnCompletedConstructionContractsCNS,0,0,0
/損益計算書/売上総利益/兼業事業総利益,兼業事業総利益,jpfr-t-cns_GrossProfitOnSideLineBusinessCNS,1,0,0
/損益計算書/売上総利益/兼業事業総利益,兼業事業売上総利益,jpfr-t-cns_GrossProfitOnSideLineBusinessCNS,1,0,0
/損益計算書/売上総利益/開発事業等総利益,開発事業等総利益,jpfr-t-cns_GrossProfitOnDevelopmentBusinessAndOtherCNS,0,0,0
/損益計算書/売上総利益/不動産事業等総利益,不動産事業等総利益,jpfr-t-cns_GrossProfitOnRealEstateBusinessAndOtherCNS,0,0,0
/損益計算書/売上総利益/差引売上総利益,差引売上総利益,jpfr-t-cte_GrossProfitNetGP,0,0,0
/損益計算書/売上総利益/差引売上総利益/割賦販売未実現利益繰入額,割賦販売未実現利益繰入額,jpfr-t-cte_ProvisionOfUnrealizedIncomeOnInstallmentSalesGP,0,0,0
/損益計算書/売上総利益/差引売上総利益/割賦販売未実現利益戻入額,割賦販売未実現利益戻入額,jpfr-t-cte_ReversalOfUnrealizedIncomeOnInstallmentSalesGP,1,0,0
/損益計算書/売上総利益/差引売上総利益/割賦販売未実現利益戻入額,割賦売上未実現利益戻入高,jpfr-t-cte_ReversalOfUnrealizedIncomeOnInstallmentSalesGP,1,0,0
/損益計算書/売上総利益/差引売上総利益/返品調整引当金繰入額,返品調整引当金繰入額,jpfr-t-cte_ProvisionForSalesReturnsGP,0,0,0
/損益計算書/売上総利益/差引売上総利益/返品調整引当金戻入額,返品調整引当金戻入額,jpfr-t-cte_ReversalOfProvisionForSalesReturnsGP,0,0,0
/損益計算書/売上総利益/商品売上総利益,商品売上総利益,jpfr-t-cte_GrossProfitMerchandiseGP,0,0,0
/損益計算書/売上総利益/製品売上総利益,製品売上総利益,jpfr-t-cte_GrossProfitFinishedGoodsGP,0,0,0
/損益計算書/売上総利益/不動産売上総利益,不動産売上総利益,jpfr-t-cte_GrossProfitRealEstateSalesGP,0,0,0
/損益計算書/売上総利益/不動産事業総利益,不動産事業総利益,jpfr-t-cte_GrossProfitRealEstateBusinessGP,0,0,0
/損益計算書/売上総利益/開発事業総利益,開発事業総利益,jpfr-t-cte_GrossProfitDevelopingBusinessGP,0,0,0
/損益計算書/売上総利益/その他の事業総利益,その他の事業総利益,jpfr-t-cte_GrossProfitOtherBusinessGP,1,0,0
/損益計算書/売上総利益/その他の事業総利益,その他事業総利益,jpfr-t-cte_GrossProfitOtherBusinessGP,1,0,0
/損益計算書/売上総利益/その他の売上総利益,その他の売上総利益,jpfr-t-cte_GrossProfitOtherGP,1,0,0
/損益計算書/売上総利益/その他の売上総利益,その他売上総利益,jpfr-t-cte_GrossProfitOtherGP,1,0,0
/損益計算書/営業総利益,営業総利益,jpfr-t-cte_OperatingGrossProfit,0,0,0
/損益計算書/販売費及び一般管理費,販売費及び一般管理費,jpfr-t-cte_SellingGeneralAndAdministrativeExpensesAbstract,0,0,0
/損益計算書/販売費及び一般管理費/販売手数料,販売手数料,jpfr-t-cte_SalesCommissionSGA,0,0,0
/損益計算書/販売費及び一般管理費/荷造費,荷造費,jpfr-t-cte_PackingExpensesSGA,0,0,0
/損益計算書/販売費及び一般管理費/荷造包装費,荷造包装費,jpfr-etax-t-cte_PackingCost,0,0,0
/損益計算書/販売費及び一般管理費/運搬費,運搬費,jpfr-t-cte_HaulageExpensesSGA,0,0,0
/損益計算書/販売費及び一般管理費/燃料費,燃料費,jpfr-etax-t-cte_FuelCost,0,0,0
/損益計算書/販売費及び一般管理費/広告宣伝費,広告宣伝費,jpfr-t-cte_AdvertisingExpensesSGA,0,0,0
/損益計算書/販売費及び一般管理費/見本費,見本費,jpfr-t-cte_SampleExpensesSGA,0,0,0
/損益計算書/販売費及び一般管理費/保管費,保管費,jpfr-t-cte_WarehousingExpensesSGA,1,0,0
/損益計算書/販売費及び一般管理費/保管費,保管料,jpfr-t-cte_WarehousingExpensesSGA,1,0,0
/損益計算書/販売費及び一般管理費/納入試験費,納入試験費,jpfr-t-cte_DeliveryExaminationExpensesSGA,0,0,0
/損益計算書/販売費及び一般管理費/役員報酬,役員報酬,jpfr-t-cte_DirectorsCompensationsSGA,0,0,0
/損益計算書/販売費及び一般管理費/役員賞与,役員賞与,jpfr-etax-t-cte_BonusesOfficers,0,0,0
/損益計算書/販売費及び一般管理費/販売員給与,販売員給与,jpfr-etax-t-cte_PayrollExpenseSalespeople,0,0,0
/損益計算書/販売費及び一般管理費/その他の販売費中の人件費,その他の販売費中の人件費,jpfr-etax-t-cte_OtherPersonnelCostSellingExpenses,0,0,0
/損益計算書/販売費及び一般管理費/販売員旅費,販売員旅費,jpfr-etax-t-cte_TravelingExpenseSalespeople,0,0,0
/損益計算書/販売費及び一般管理費/給料手当,給料手当,jpfr-etax-t-cte_Payroll,1,0,0
/損益計算書/販売費及び一般管理費/給料手当,給与手当,jpfr-etax-t-cte_Payroll,1,0,0
/損益計算書/販売費及び一般管理費/給料手当,給料賃金,jpfr-etax-t-cte_Payroll,1,0,0
/損益計算書/販売費及び一般管理費/給料手当,雇人費,jpfr-etax-t-cte_Payroll,1,0,0
/損益計算書/販売費及び一般管理費/給料,給料,jpfr-t-cte_SalariesSGA,0,0,0
/損益計算書/販売費及び一般管理費/賃金,賃金,jpfr-t-cte_WagesSGA,0,0,0
/損益計算書/販売費及び一般管理費/手当,手当,jpfr-t-cte_AllowanceSGA,0,0,0
/損益計算書/販売費及び一般管理費/賞与,賞与,jpfr-t-cte_BonusesSGA,0,0,0
/損益計算書/販売費及び一般管理費/適格退職年金掛金,適格退職年金掛金,jpfr-etax-t-cte_PensionExpense,0,0,0
/損益計算書/販売費及び一般管理費/退職金掛金,退職金掛金,jpfr-etax-t-cte_RetirementPlanContribution,0,0,0
/損益計算書/販売費及び一般管理費/株式報酬費用,株式報酬費用,jpfr-t-cte_ShareBasedCompensationExpensesSGA,0,0,0
/損益計算書/販売費及び一般管理費/福利厚生費,福利厚生費,jpfr-t-cte_WelfareExpensesSGA,0,0,0
/損益計算書/販売費及び一般管理費/新聞図書費,新聞図書費,jpfr-etax-t-cte_PapersSubscriptionLibraryCost,1,0,0
/損益計算書/販売費及び一般管理費/新聞図書費,図書教育費,jpfr-etax-t-cte_PapersSubscriptionLibraryCost,1,0,0
/損益計算書/販売費及び一般管理費/採用教育費,採用教育費,jpfr-etax-t-cte_RecruitmentEducationExpense,0,0,0
/損益計算書/販売費及び一般管理費/その他の一般管理費中の人件費,その他の一般管理費中の人件費,jpfr-etax-t-cte_OtherPersonnelCostAdministrativeExpenses,0,0,0
/損益計算書/販売費及び一般管理費/交際費,交際費,jpfr-t-cte_EntertainmentExpensesSGA,1,0,0
/損益計算書/販売費及び一般管理費/交際費,交際接待費,jpfr-t-cte_EntertainmentExpensesSGA,1,0,0
/損益計算書/販売費及び一般管理費/交際費,接待交際費,jpfr-t-cte_EntertainmentExpensesSGA,1,0,0
/損益計算書/販売費及び一般管理費/旅費,旅費,jpfr-t-cte_TravelingExpensesSGA,0,0,0
/損益計算書/販売費及び一般管理費/交通費,交通費,jpfr-t-cte_TransportationExpensesSGA,0,0,0
/損益計算書/販売費及び一般管理費/通信費,通信費,jpfr-t-cte_CommunicationExpensesSGA,0,0,0
/損益計算書/販売費及び一般管理費/光熱費,光熱費,jpfr-t-cte_HeatingAndLightingExpensesSGA,0,0,0
/損益計算書/販売費及び一般管理費/消耗品費,消耗品費,jpfr-t-cte_SuppliesExpensesSGA,1,0,0
/損益計算書/販売費及び一般管理費/消耗品費,消耗器具備品費,jpfr-t-cte_SuppliesExpensesSGA,1,0,0
/損益計算書/販売費及び一般管理費/消耗品費,備品消耗品費,jpfr-t-cte_SuppliesExpensesSGA,1,0,0
/損益計算書/販売費及び一般管理費/租税公課,租税公課、販売費及び一般管理費,jpfr-t-cte_TaxesAndDuesSGA,0,0,0
/損益計算書/販売費及び一般管理費/減価償却費,減価償却費、販売費及び一般管理費,jpfr-t-cte_DepreciationSGA,0,0,0
/損益計算書/販売費及び一般管理費/修繕費,修繕費,jpfr-t-cte_RepairExpensesSGA,0,0,0
/損益計算書/販売費及び一般管理費/保険料,保険料,jpfr-t-cte_InsuranceExpensesSGA,0,0,0
/損益計算書/販売費及び一般管理費/不動産賃借料,不動産賃借料,jpfr-t-cte_RentExpensesOnRealEstatesSGA,0,0,0
/損益計算書/販売費及び一般管理費/貸倒引当金繰入額,貸倒引当金繰入額、販売費及び一般管理費,jpfr-t-cte_ProvisionOfAllowanceForDoubtfulAccountsSGA,1,0,0
/損益計算書/販売費及び一般管理費/貸倒引当金繰入額,貸倒引当金繰入額(販),jpfr-t-cte_ProvisionOfAllowanceForDoubtfulAccountsSGA,1,0,0
/損益計算書/販売費及び一般管理費/貸倒損失,貸倒損失、販売費及び一般管理費,jpfr-t-cte_BadDebtsExpensesSGA,0,0,0
/損益計算書/販売費及び一般管理費/賞与引当金繰入額,賞与引当金繰入額,jpfr-t-cte_ProvisionForBonusesSGA,1,0,0
/損益計算書/販売費及び一般管理費/賞与引当金繰入額,賞与引当金繰入,jpfr-t-cte_ProvisionForBonusesSGA,1,0,0
/損益計算書/販売費及び一般管理費/役員退職慰労引当金繰入額,役員退職慰労引当金繰入額、販売費及び一般管理費,jpfr-t-cte_ProvisionForDirectorsRetirementBenefitsSGA,1,0,0
/損益計算書/販売費及び一般管理費/役員退職慰労引当金繰入額,役員退職慰労引当金繰入,jpfr-t-cte_ProvisionForDirectorsRetirementBenefitsSGA,1,0,0
/損益計算書/販売費及び一般管理費/役員賞与引当金繰入額,役員賞与引当金繰入額,jpfr-t-cte_ProvisionForDirectorsBonusesSGA,1,0,0
/損益計算書/販売費及び一般管理費/役員賞与引当金繰入額,役員賞与引当金繰入,jpfr-t-cte_ProvisionForDirectorsBonusesSGA,1,0,0
/損益計算書/販売費及び一般管理費/退職給付費用,退職給付費用、販売費及び一般管理費,jpfr-t-cte_RetirementBenefitExpensesSGA,0,0,0
/損益計算書/販売費及び一般管理費/研究開発費,研究開発費,jpfr-t-cte_ResearchAndDevelopmentExpensesSGA,0,0,0
/損益計算書/販売費及び一般管理費/販売費,販売費,jpfr-t-cte_SellingExpensesSGA,0,0,0
/損益計算書/販売費及び一般管理費/一般管理費,一般管理費、販売費及び一般管理費、タイトル項目,jpfr-t-cte_GeneralAndAdministrativeExpensesSGAAbstract,0,0,0
/損益計算書/販売費及び一般管理費/一般管理費/一般管理費,一般管理費、販売費及び一般管理費,jpfr-t-cte_GeneralAndAdministrativeExpensesSGA,0,0,0
/損益計算書/販売費及び一般管理費/給料及び手当,給料及び手当,jpfr-t-cte_SalariesAndAllowancesSGA,0,0,0
/損益計算書/販売費及び一般管理費/給料及び賞与,給料及び賞与,jpfr-t-cte_SalariesAndBonusesSGA,0,0,0
/損益計算書/販売費及び一般管理費/給料手当及び賞与,給料手当及び賞与,jpfr-t-cte_SalariesAllowancesAndBonusesSGA,0,0,0
/損益計算書/販売費及び一般管理費/給料手当及び福利費,給料手当及び福利費,jpfr-t-cte_SalariesAndAllowancesAndWelfareExpensesSGA,0,0,0
/損益計算書/販売費及び一般管理費/給料及び賃金,給料及び賃金,jpfr-t-cte_SalariesAndWagesSGA,0,0,0
/損益計算書/販売費及び一般管理費/賞与及び手当,賞与及び手当,jpfr-t-cte_BonusesAndAllowanceSGA,0,0,0
/損益計算書/販売費及び一般管理費/従業員給料,従業員給料,jpfr-t-cte_EmployeesSalariesSGA,1,0,0
/損益計算書/販売費及び一般管理費/従業員給料,事務員給料,jpfr-t-cte_EmployeesSalariesSGA,1,0,0
/損益計算書/販売費及び一般管理費/従業員賞与,従業員賞与,jpfr-t-cte_EmployeesBonusesSGA,0,0,0
/損益計算書/販売費及び一般管理費/従業員給料及び賞与,従業員給料及び賞与,jpfr-t-cte_EmployeesSalariesAndBonusesSGA,0,0,0
/損益計算書/販売費及び一般管理費/従業員給料及び手当,従業員給料及び手当,jpfr-t-cte_EmployeesSalariesAndAllowancesSGA,1,0,0
/損益計算書/販売費及び一般管理費/従業員給料及び手当,従業員給与手当,jpfr-t-cte_EmployeesSalariesAndAllowancesSGA,1,0,0
/損益計算書/販売費及び一般管理費/報酬及び給料手当,報酬及び給料手当,jpfr-t-cte_CompensationsSalariesAndAllowancesSGA,0,0,0
/損益計算書/販売費及び一般管理費/役員報酬及び給料手当,役員報酬及び給料手当,jpfr-t-cte_DirectorsCompensationsSalariesAndAllowancesSGA,0,0,0
/損益計算書/販売費及び一般管理費/退職金,退職金,jpfr-t-cte_RetirementPaymentsSGA,0,0,0
/損益計算書/販売費及び一般管理費/退職給付引当金繰入額,退職給付引当金繰入額、販売費及び一般管理費,jpfr-t-cte_ProvisionForRetirementBenefitsSGA,1,0,0
/損益計算書/販売費及び一般管理費/退職給付引当金繰入額,退職給付引当金繰入,jpfr-t-cte_ProvisionForRetirementBenefitsSGA,1,0,0
/損益計算書/販売費及び一般管理費/退職給付引当金繰入額,退職引当金繰入,jpfr-t-cte_ProvisionForRetirementBenefitsSGA,1,0,0
/損益計算書/販売費及び一般管理費/役員退職慰労金,役員退職慰労金、販売費及び一般管理費,jpfr-t-cte_DirectorsRetirementBenefitsSGA,0,0,0
/損益計算書/販売費及び一般管理費/雑給,雑給,jpfr-t-cte_OtherSalariesSGA,0,0,0
/損益計算書/販売費及び一般管理費/法定福利及び厚生費,法定福利及び厚生費,jpfr-t-cte_LegalAndEmployeeBenefitsExpensesSGA,0,0,0
/損益計算書/販売費及び一般管理費/法定福利費,法定福利費,jpfr-t-cte_LegalWelfareExpensesSGA,0,0,0
/損益計算書/販売費及び一般管理費/リース料,リース料,jpfr-etax-t-cte_LeaseExpense,1,0,0
/損益計算書/販売費及び一般管理費/リース料,リース料金,jpfr-etax-t-cte_LeaseExpense,1,0,0
/損益計算書/販売費及び一般管理費/のれん償却額,のれん償却額,jpfr-t-cte_AmortizationOfGoodwillSGA,0,0,0
/損益計算書/販売費及び一般管理費/株式交付費,株式交付費、販売費及び一般管理費,jpfr-t-cte_StockIssuanceCostSGA,0,0,0
/損益計算書/販売費及び一般管理費/開業費償却,開業費償却、販売費及び一般管理費,jpfr-t-cte_AmortizationOfBusinessCommencementExpensesSGA,0,0,0
/損益計算書/販売費及び一般管理費/開発費償却,開発費償却、販売費及び一般管理費,jpfr-t-cte_AmortizationOfDevelopmentExpensesSGA,0,0,0
/損益計算書/販売費及び一般管理費/支払報酬,支払報酬,jpfr-t-cte_CompensationsSGA,1,0,0
/損益計算書/販売費及び一般管理費/支払報酬,支払報酬料,jpfr-t-cte_CompensationsSGA,1,0,0
/損益計算書/販売費及び一般管理費/顧問料,顧問料,jpfr-t-cte_ConsultingExpensesSGA,0,0,0
/損益計算書/販売費及び一般管理費/教育研修費,教育研修費,jpfr-t-cte_EducationAndTrainingExpensesSGA,0,0,0
/損益計算書/販売費及び一般管理費/研修費,研修費,jpfr-t-cte_TrainingExpensesSGA,0,0,0
/損益計算書/販売費及び一般管理費/採用費,採用費,jpfr-t-cte_RecruitingExpensesSGA,0,0,0
/損益計算書/販売費及び一般管理費/募集費,募集費,jpfr-t-cte_OfferingExpensesSGA,0,0,0
/損益計算書/販売費及び一般管理費/外注費,外注費、販売費及び一般管理費,jpfr-t-cte_SubcontractExpensesSGA,1,0,0
/損益計算書/販売費及び一般管理費/外注費,委託外注費,jpfr-t-cte_SubcontractExpensesSGA,1,0,0
/損益計算書/販売費及び一般管理費/外注費,外注委託費,jpfr-t-cte_SubcontractExpensesSGA,1,0,0
/損益計算書/販売費及び一般管理費/外注費,外注加工費,jpfr-t-cte_SubcontractExpensesSGA,1,0,0
/損益計算書/販売費及び一般管理費/外注費,業務外注費,jpfr-t-cte_SubcontractExpensesSGA,1,0,0
/損益計算書/販売費及び一般管理費/事務委託費,事務委託費,jpfr-t-cte_OperationsConsignmentExpensesSGA,1,0,0
/損益計算書/販売費及び一般管理費/事務委託費,委託事務費,jpfr-t-cte_OperationsConsignmentExpensesSGA,1,0,0
/損益計算書/販売費及び一般管理費/業務委託費,業務委託費,jpfr-t-cte_BusinessConsignmentExpensesSGA,1,0,0
/損益計算書/販売費及び一般管理費/業務委託費,委託費,jpfr-t-cte_BusinessConsignmentExpensesSGA,1,0,0
/損益計算書/販売費及び一般管理費/支払手数料,支払手数料、販売費及び一般管理費,jpfr-t-cte_CommissionFeeSGA,0,0,0
/損益計算書/販売費及び一般管理費/賃借料,賃借料,jpfr-t-cte_RentExpensesSGA,0,0,0
/損益計算書/販売費及び一般管理費/施設使用料,施設使用料,jpfr-t-cte_FacilityExpensesSGA,0,0,0
/損益計算書/販売費及び一般管理費/地代家賃,地代家賃,jpfr-t-cte_RentsSGA,0,0,0
/損益計算書/販売費及び一般管理費/借地借家料,借地借家料,jpfr-t-cte_LeaseholdAndOfficeRentsSGA,0,0,0
/損益計算書/販売費及び一般管理費/販売促進費,販売促進費,jpfr-t-cte_PromotionExpensesSGA,0,0,0
/損益計算書/販売費及び一般管理費/広告宣伝費及び販売促進費,広告宣伝費及び販売促進費,jpfr-t-cte_AdvertisingAndPromotionExpensesSGA,0,0,0
/損益計算書/販売費及び一般管理費/事業宣伝費,事業宣伝費,jpfr-t-cte_BusinessAdvertisingExpensesSGA,0,0,0
/損益計算書/販売費及び一般管理費/代理店手数料,代理店手数料,jpfr-t-cte_AgentFeeSGA,0,0,0
/損益計算書/販売費及び一般管理費/製品保証引当金繰入額,製品保証引当金繰入額,jpfr-t-cte_ProvisionForProductWarrantiesSGA,0,0,0
/損益計算書/販売費及び一般管理費/完成工事補償引当金繰入額,完成工事補償引当金繰入額,jpfr-t-cte_ProvisionForWarrantiesForCompletedConstructionSGA,0,0,0
/損益計算書/販売費及び一般管理費/特別修繕引当金繰入額,特別修繕引当金繰入額,jpfr-t-cte_ProvisionForSpecialRepairsSGA,0,0,0
/損益計算書/販売費及び一般管理費/ポイント引当金繰入額,ポイント引当金繰入額,jpfr-t-cte_ProvisionForPointCardCertificatesSGA,0,0,0
/損益計算書/販売費及び一般管理費/利息返還損失引当金繰入額,利息返還損失引当金繰入額、販売費及び一般管理費,jpfr-t-cte_ProvisionForLossOnInterestRepaymentSGA,0,0,0
/損益計算書/販売費及び一般管理費/運送費及び保管費,運送費及び保管費,jpfr-t-cte_TransportationAndWarehousingExpensesSGA,0,0,0
/損益計算書/販売費及び一般管理費/運賃,運賃,jpfr-t-cte_FreightageExpensesSGA,0,0,0
/損益計算書/販売費及び一般管理費/運賃及び荷造費,運賃及び荷造費,jpfr-t-cte_FreightageAndPackingExpensesSGA,0,0,0
/損益計算書/販売費及び一般管理費/運賃諸掛,運賃諸掛,jpfr-t-cte_FreightageRelatedExpensesSGA,0,0,0
/損益計算書/販売費及び一般管理費/荷造運搬費,荷造運搬費,jpfr-t-cte_PackingAndTransportationExpensesSGA,0,0,0
/損益計算書/販売費及び一般管理費/荷造及び発送費,荷造及び発送費,jpfr-t-cte_PackingAndDeliveryExpensesSGA,1,0,0
/損益計算書/販売費及び一般管理費/荷造及び発送費,運賃・配送費,jpfr-t-cte_PackingAndDeliveryExpensesSGA,1,0,0
/損益計算書/販売費及び一般管理費/販売運賃,販売運賃,jpfr-t-cte_SalesFareSGA,0,0,0
/損益計算書/販売費及び一般管理費/発送運賃,発送運賃,jpfr-t-cte_FreightOutSGA,0,0,0
/損益計算書/販売費及び一般管理費/配送費,配送費,jpfr-t-cte_DistributionExpensesSGA,0,0,0
/損益計算書/販売費及び一般管理費/発送費,発送費,jpfr-t-cte_ShipmentExpensesSGA,0,0,0
/損益計算書/販売費及び一般管理費/試験研究費,試験研究費,jpfr-t-cte_ExperimentAndResearchExpensesSGA,0,0,0
/損益計算書/販売費及び一般管理費/開発研究費,開発研究費,jpfr-t-cte_DevelopmentAndResearchExpensesSGA,0,0,0
/損益計算書/販売費及び一般管理費/技術研究費,技術研究費,jpfr-t-cte_TechnicalResearchExpensesSGA,0,0,0
/損益計算書/販売費及び一般管理費/研究費,研究費,jpfr-t-cte_ResearchExpensesSGA,0,0,0
/損益計算書/販売費及び一般管理費/修繕維持費,修繕維持費,jpfr-t-cte_RepairAndMaintenanceSGA,0,0,0
/損益計算書/販売費及び一般管理費/寄付金,寄付金、販売費及び一般管理費,jpfr-t-cte_ContributionSGA,0,0,0
/損益計算書/販売費及び一般管理費/特許権使用料,特許権使用料,jpfr-t-cte_LicenseFeeSGA,0,0,0
/損益計算書/販売費及び一般管理費/長期前払費用償却,長期前払費用償却、販売費及び一般管理費,jpfr-t-cte_AmortizationOfLongTermPrepaidExpensesSGA,0,0,0
/損益計算書/販売費及び一般管理費/水道光熱費,水道光熱費,jpfr-t-cte_UtilitiesExpensesSGA,0,0,0
/損益計算書/販売費及び一般管理費/動力用水光熱費,動力用水光熱費,jpfr-t-cte_PowerUtilitiesExpensesSGA,0,0,0
/損益計算書/販売費及び一般管理費/衛生費,衛生費,jpfr-t-cte_MedicalExpensesSGA,0,0,0
/損益計算書/販売費及び一般管理費/事業所税,事業所税,jpfr-t-cte_OfficeTaxesSGA,0,0,0
/損益計算書/販売費及び一般管理費/事業税,事業税,jpfr-t-cte_EnterpriseTaxSGA,0,0,0
/損益計算書/販売費及び一般管理費/事務費,事務費,jpfr-t-cte_OfficeCostSGA,0,0,0
/損益計算書/販売費及び一般管理費/事務用品費,事務用品費,jpfr-t-cte_StationeryExpensesSGA,0,0,0
/損益計算書/販売費及び一般管理費/事務用消耗品費,事務用消耗品費,jpfr-t-cte_OfficeSuppliesExpensesSGA,0,0,0
/損益計算書/販売費及び一般管理費/車両費,車両費,jpfr-t-cte_VehicleExpensesSGA,0,0,0
/損益計算書/販売費及び一般管理費/会議費,会議費,jpfr-t-cte_ConferenceExpensesSGA,1,0,0
/損益計算書/販売費及び一般管理費/会議費,会議打合せ費,jpfr-t-cte_ConferenceExpensesSGA,1,0,0
/損益計算書/販売費及び一般管理費/会議費,会議会合費,jpfr-t-cte_ConferenceExpensesSGA,1,0,0
/損益計算書/販売費及び一般管理費/会議費,会　議　費,jpfr-t-cte_ConferenceExpensesSGA,1,0,0
/損益計算書/販売費及び一般管理費/会議費,会議諸会費,jpfr-t-cte_ConferenceExpensesSGA,1,0,0
/損益計算書/販売費及び一般管理費/会議費,会費・会議費,jpfr-t-cte_ConferenceExpensesSGA,1,0,0
/損益計算書/販売費及び一般管理費/諸会費,諸会費,jpfr-t-cte_MembershipFeeSGA,0,0,0
/損益計算書/販売費及び一般管理費/諸経費,諸経費,jpfr-t-cte_SundryExpensesSGA,0,0,0
/損益計算書/販売費及び一般管理費/図書費,図書費,jpfr-t-cte_BookExpensesSGA,0,0,0
/損益計算書/販売費及び一般管理費/印刷費,印刷費,jpfr-t-cte_PrintExpensesSGA,0,0,0
/損益計算書/販売費及び一般管理費/図書印刷費,図書印刷費,jpfr-t-cte_BookAndPrintingExpensesSGA,0,0,0
/損益計算書/販売費及び一般管理費/調査研究費,調査研究費,jpfr-t-cte_ResearchStudyExpensesSGA,0,0,0
/損益計算書/販売費及び一般管理費/調査費,調査費,jpfr-t-cte_InvestigationExpensesSGA,0,0,0
/損益計算書/販売費及び一般管理費/旅費交通費及び通信費,旅費交通費及び通信費,jpfr-t-cte_TransportationAndCommunicationExpensesSGA,0,0,0
/損益計算書/販売費及び一般管理費/旅費及び通信費,旅費及び通信費,jpfr-t-cte_TravelingAndCommunicationExpensesSGA,0,0,0
/損益計算書/販売費及び一般管理費/旅費及び交通費,旅費及び交通費,jpfr-t-cte_TravelingAndTransportationExpensesSGA,1,0,0
/損益計算書/販売費及び一般管理費/旅費及び交通費,旅費交通費,jpfr-t-cte_TravelingAndTransportationExpensesSGA,1,0,0
/損益計算書/販売費及び一般管理費/通信交通費,通信交通費,jpfr-t-cte_CorrespondenceAndTransportationExpensesSGA,0,0,0
/損益計算書/販売費及び一般管理費/取引関連費,取引関連費,jpfr-t-cte_TradingRelatedExpensesSGA,0,0,0
/損益計算書/販売費及び一般管理費/不動産関連費,不動産関連費,jpfr-t-cte_RealEstateRelatedExpensesSGA,0,0,0
/損益計算書/販売費及び一般管理費/雑費,雑費,jpfr-t-cte_MiscellaneousExpensesSGA,0,0,0
/損益計算書/販売費及び一般管理費/管理諸費,管理諸費,jpfr-etax-t-cte_AdministrativeMiscellaneousExpense,0,0,0
/損益計算書/販売費及び一般管理費/被服費,被服費,jpfr-etax-t-cte_ClothingExpense,0,0,0
/損益計算書/販売費及び一般管理費/販売費及び一般管理費合計,販売費及び一般管理費合計,jpfr-t-cte_SellingGeneralAndAdministrativeExpenses,0,0,0
/損益計算書/営業利益,営業利益,jpfr-t-cte_OperatingIncome,0,0,0
/損益計算書/営業利益/全事業営業利益,全事業営業利益,jpfr-t-cte_OperatingIncomeTotalBusiness,0,0,0
/損益計算書/営業外収益,営業外収益,jpfr-t-cte_NonOperatingIncomeAbstract,0,0,0
/損益計算書/営業外収益/受取利息,受取利息,jpfr-t-cte_InterestIncomeNOI,0,0,0
/損益計算書/営業外収益/有価証券利息,有価証券利息,jpfr-t-cte_InterestOnSecuritiesNOI,0,0,0
/損益計算書/営業外収益/受取配当金,受取配当金、営業外収益,jpfr-t-cte_DividendsIncomeNOI,0,0,0
/損益計算書/営業外収益/預貯金利息,預貯金利息,jpfr-etax-t-cte_InterestIncomeDeposit,0,0,0
/損益計算書/営業外収益/短期貸付金利息,短期貸付金利息,jpfr-etax-t-cte_InterestIncomeShortTermLoan,0,0,0
/損益計算書/営業外収益/仕入割引,仕入割引,jpfr-t-cte_PurchaseDiscountsNOI,0,0,0
/損益計算書/営業外収益/投資不動産賃貸料,投資不動産賃貸料,jpfr-t-cte_RentOfRealEstateForInvestmentNOI,0,0,0
/損益計算書/営業外収益/還付消費税等,還付消費税等,jpfr-t-cte_RefundedConsumptionTaxesNOI,0,0,0
/損益計算書/営業外収益/負ののれん償却額,負ののれん償却額,jpfr-t-cte_AmortizationOfNegativeGoodwillNOI,0,0,0
/損益計算書/営業外収益/持分法による投資利益,持分法による投資利益,jpfr-t-cte_EquityInEarningsOfAffiliatesNOI,0,0,0
/損益計算書/営業外収益/為替差益,為替差益、営業外収益,jpfr-t-cte_ForeignExchangeGainsNOI,1,0,0
/損益計算書/営業外収益/為替差益,為替換算益,jpfr-t-cte_ForeignExchangeGainsNOI,1,0,0
/損益計算書/営業外収益/為替差益,為替差損益,jpfr-t-cte_ForeignExchangeGainsNOI,1,0,0
/損益計算書/営業外収益/有価証券売却益,有価証券売却益、営業外収益,jpfr-t-cte_GainOnSalesOfSecuritiesNOI,0,0,0
/損益計算書/営業外収益/投資有価証券売却益,投資有価証券売却益、営業外収益,jpfr-t-cte_GainOnSalesOfInvestmentSecuritiesNOI,0,0,0
/損益計算書/営業外収益/有価証券償還益,有価証券償還益,jpfr-t-cte_GainOnRedemptionOfSecuritiesNOI,0,0,0
/損益計算書/営業外収益/有価証券運用益,有価証券運用益,jpfr-t-cte_GainOnInvestmentOfSecuritiesNOI,0,0,0
/損益計算書/営業外収益/有価証券評価益,有価証券評価益,jpfr-t-cte_GainOnValuationOfSecuritiesNOI,0,0,0
/損益計算書/営業外収益/投資有価証券評価損戻入益,投資有価証券評価損戻入益、営業外収益,jpfr-t-cte_GainOnReversalOfLossOnValuationOfInvestmentSecuritiesNOI,0,0,0
/損益計算書/営業外収益/出資金運用益,出資金運用益,jpfr-t-cte_GainOnInvestmentsInCapitalNOI,0,0,0
/損益計算書/営業外収益/投資事業組合運用益,投資事業組合運用益,jpfr-t-cte_GainOnInvestmentsInPartnershipNOI,0,0,0
/損益計算書/営業外収益/匿名組合投資利益,匿名組合投資利益、営業外収益,jpfr-t-cte_GainOnInvestmentsInSilentPartnershipNOI,0,0,0
/損益計算書/営業外収益/金銭の信託運用益,金銭の信託運用益,jpfr-t-cte_GainOnInvestmentsInMoneyHeldInTrustNOI,0,0,0
/損益計算書/営業外収益/デリバティブ評価益,デリバティブ評価益、営業外収益,jpfr-t-cte_GainOnValuationOfDerivativesNOI,0,0,0
/損益計算書/営業外収益/金利スワップ評価益,金利スワップ評価益,jpfr-t-cte_GainOnValuationOfInterestRateSwapsNOI,0,0,0
/損益計算書/営業外収益/複合金融商品評価益,複合金融商品評価益,jpfr-t-cte_GainOnValuationOfCompoundFinancialInstrumentsNOI,0,0,0
/損益計算書/営業外収益/経営指導料,経営指導料、営業外収益,jpfr-t-cte_BusinessAdvisoryFeeNOI,0,0,0
/損益計算書/営業外収益/技術指導料,技術指導料,jpfr-t-cte_TechnicalAdvisoryFeeNOI,0,0,0
/損益計算書/営業外収益/業務受託料,業務受託料,jpfr-t-cte_FiduciaryObligationFeeNOI,0,0,0
/損益計算書/営業外収益/業務受託手数料,業務受託手数料,jpfr-t-cte_OperationsConsignmentFeeNOI,0,0,0
/損益計算書/営業外収益/受取技術料,受取技術料,jpfr-t-cte_TechnicalSupportFeeNOI,0,0,0
/損益計算書/営業外収益/受取ロイヤリティー,受取ロイヤリティー,jpfr-t-cte_RoyaltyIncomeNOI,0,0,0
/損益計算書/営業外収益/貸付金利息,貸付金利息,jpfr-t-cte_InterestOnLoansNOI,0,0,0
/損益計算書/営業外収益/受取手数料,受取手数料,jpfr-t-cte_CommissionFeeNOI,0,0,0
/損益計算書/営業外収益/受取事務手数料,受取事務手数料,jpfr-t-cte_OfficeWorkFeeNOI,0,0,0
/損益計算書/営業外収益/受取賃貸料,受取賃貸料,jpfr-t-cte_RentIncomeNOI,0,0,0
/損益計算書/営業外収益/不動産賃貸料,不動産賃貸料,jpfr-t-cte_RealEstateRentNOI,0,0,0
/損益計算書/営業外収益/固定資産賃貸料,固定資産賃貸料,jpfr-t-cte_RentIncomeOnNoncurrentAssetsNOI,0,0,0
/損益計算書/営業外収益/設備賃貸料,設備賃貸料,jpfr-t-cte_RentIncomeOnFacilitiesNOI,0,0,0
/損益計算書/営業外収益/受取家賃,受取家賃,jpfr-t-cte_HouseRentIncomeNOI,0,0,0
/損益計算書/営業外収益/受取地代家賃,受取地代家賃,jpfr-t-cte_LandAndHouseRentReceivedNOI,0,0,0
/損益計算書/営業外収益/受取保険金,受取保険金、営業外収益,jpfr-t-cte_InsuranceIncomeNOI,0,0,0
/損益計算書/営業外収益/受取保険金及び配当金,受取保険金及び配当金,jpfr-t-cte_InsuranceAndDividendsIncomeNOI,0,0,0
/損益計算書/営業外収益/受取保険料,受取保険料,jpfr-t-cte_InsuranceFeeNOI,0,0,0
/損益計算書/営業外収益/受取保証料,受取保証料,jpfr-t-cte_GuaranteeCommissionReceivedNOI,0,0,0
/損益計算書/営業外収益/受取補償金,受取補償金、営業外収益,jpfr-t-cte_CompensationIncomeNOI,0,0,0
/損益計算書/営業外収益/受取利息及び配当金,受取利息及び配当金,jpfr-t-cte_InterestAndDividendsIncomeNOI,0,0,0
/損益計算書/営業外収益/助成金収入,助成金収入,jpfr-t-cte_SubsidyIncomeNOIBounty,0,0,0
/損益計算書/営業外収益/補助金収入,補助金収入、営業外収益,jpfr-t-cte_SubsidyIncomeNOI,0,0,0
/損益計算書/営業外収益/協賛金収入,協賛金収入,jpfr-t-cte_CoSponsorFeeNOI,0,0,0
/損益計算書/営業外収益/違約金収入,違約金収入,jpfr-t-cte_PenaltyIncomeNOI,0,0,0
/損益計算書/営業外収益/保険解約返戻金,保険解約返戻金、営業外収益,jpfr-t-cte_InsurancePremiumsRefundedCancellationNOI,0,0,0
/損益計算書/営業外収益/保険返戻金,保険返戻金,jpfr-t-cte_InsuranceReturnNOI,0,0,0
/損益計算書/営業外収益/生命保険配当金,生命保険配当金,jpfr-t-cte_DividendsIncomeOfLifeInsuranceNOI,0,0,0
/損益計算書/営業外収益/保険配当金,保険配当金,jpfr-t-cte_DividendsIncomeOfInsuranceNOI,0,0,0
/損益計算書/営業外収益/保険事務手数料,保険事務手数料,jpfr-t-cte_CommissionForInsuranceOfficeWorkNOI,0,0,0
/損益計算書/営業外収益/固定資産売却益,固定資産売却益、営業外収益,jpfr-t-cte_GainOnSalesOfNoncurrentAssetsNOI,0,0,0
/損益計算書/営業外収益/固定資産受贈益,固定資産受贈益、営業外収益,jpfr-t-cte_GainOnDonationOfNoncurrentAssetsNOI,0,0,0
/損益計算書/営業外収益/固定資産処分益,固定資産処分益、営業外収益,jpfr-t-cte_GainOnDisposalOfNoncurrentAssetsNOI,0,0,0
/損益計算書/営業外収益/投資損失引当金戻入額,投資損失引当金戻入額、営業外収益,jpfr-t-cte_ReversalOfAllowanceForInvestmentLossNOI,0,0,0
/損益計算書/営業外収益/退職給付会計基準変更時差異の処理額,退職給付会計基準変更時差異の処理額、営業外収益,jpfr-t-cte_AmortizationOfNetRetirementBenefitObligationAtTransitionNOI,0,0,0
/損益計算書/営業外収益/役員退職慰労引当金戻入額,役員退職慰労引当金戻入額、営業外収益,jpfr-t-cte_ReversalOfProvisionForDirectorsRetirementBenefitsNOI,0,0,0
/損益計算書/営業外収益/貸倒引当金戻入額,貸倒引当金戻入額、営業外収益,jpfr-t-cte_ReversalOfAllowanceForDoubtfulAccountsNOI,0,0,0
/損益計算書/営業外収益/償却債権取立益,償却債権取立益、営業外収益,jpfr-t-cte_GainOnBadDebtsRecoveredNOI,0,0,0
/損益計算書/営業外収益/物品売却益,物品売却益,jpfr-t-cte_GainOnSalesOfGoodsNOI,0,0,0
/損益計算書/営業外収益/作業くず売却益,作業くず売却益,jpfr-t-cte_GainOnSalesOfScraps1NOI,0,0,0
/損益計算書/営業外収益/スクラップ売却益,スクラップ売却益,jpfr-t-cte_GainOnSalesOfScraps2NOI,0,0,0
/損益計算書/営業外収益/債務勘定整理益,債務勘定整理益,jpfr-t-cte_GainOnAdjustmentOfAccountPayableNOI,0,0,0
/損益計算書/営業外収益/法人税等還付加算金,法人税等還付加算金,jpfr-t-cte_InterestOnRefundOfIncomeTaxesAndOtherNOI,0,0,0
/損益計算書/営業外収益/還付加算金,還付加算金,jpfr-t-cte_InterestOnRefundNOI,0,0,0
/損益計算書/営業外収益/雇用調整助成金,雇用調整助成金,jpfr-t-cte_SubsidiesForEmploymentAdjustmentNOI,0,0,0
/損益計算書/営業外収益/雑収入,雑収入,jpfr-t-cte_MiscellaneousIncomeNOI,0,0,0
/損益計算書/営業外収益/その他,その他、営業外収益,jpfr-t-cte_OtherNOI,0,0,0
/損益計算書/営業外収益/営業外収益合計,営業外収益合計,jpfr-t-cte_NonOperatingIncome,1,0,0
/損益計算書/営業外収益/営業外収益合計,他営業外収益,jpfr-t-cte_NonOperatingIncome,1,0,0
/損益計算書/営業外収益/保険金収入,保険金収入,jpfr-etax-t-cte_InsuranceBenefit,0,0,0
/損益計算書/営業外収益/転換社債買入消却益,転換社債買入消却益,jpfr-etax-t-cte_GainConvertibleBondRedemption,0,0,0
/損益計算書/営業外収益/賃貸料収入,賃貸料収入,jpfr-etax-t-cte_RentalIncome,0,0,0
/損益計算書/営業外収益/車両売却益,車両売却益,jpfr-etax-t-cte_GainSaleVehicles,0,0,0
/損益計算書/営業外収益/諸手数料,諸手数料,jpfr-etax-t-cte_OtherCommissionIncome,0,0,0
/損益計算書/営業外収益/のれん償却,のれん償却、営業外収益,jpfr-etax-t-cte_AmortizationNegativeGoodwill,0,0,0
/損益計算書/営業外収益/その他の金融収益,その他の金融収益,jpfr-etax-t-cte_OtherFinancialIncome,0,0,0
/損益計算書/営業外収益/流動資産等売却益,流動資産等売却益,jpfr-etax-t-cte_GainSaleCurrentAssets,0,0,0
/損益計算書/営業外費用,営業外費用,jpfr-t-cte_NonOperatingExpensesAbstract,0,0,0
/損益計算書/営業外費用/支払利息,支払利息,jpfr-t-cte_InterestExpensesNOE,0,0,0
/損益計算書/営業外費用/社債利息,社債利息,jpfr-t-cte_InterestOnBondsNOE,0,0,0
/損益計算書/営業外費用/有価証券売却損,有価証券売却損、営業外費用,jpfr-t-cte_LossOnSalesOfSecuritiesNOE,0,0,0
/損益計算書/営業外費用/有価証券評価損,有価証券評価損、営業外費用,jpfr-t-cte_LossOnValuationOfSecuritiesNOE,0,0,0
/損益計算書/営業外費用/有価証券償還損,有価証券償還損,jpfr-t-cte_LossOnRedemptionOfSecuritiesNOE,0,0,0
/損益計算書/営業外費用/有価証券運用損,有価証券運用損,jpfr-t-cte_LossOnInvestmentOfSecuritiesNOE,0,0,0
/損益計算書/営業外費用/投資有価証券売却損,投資有価証券売却損、営業外費用,jpfr-t-cte_LossOnSalesOfInvestmentSecuritiesNOE,0,0,0
/損益計算書/営業外費用/投資有価証券評価損,投資有価証券評価損、営業外費用,jpfr-t-cte_LossOnValuationOfInvestmentSecuritiesNOE,0,0,0
/損益計算書/営業外費用/持分法による投資損失,持分法による投資損失,jpfr-t-cte_EquityInLossesOfAffiliatesNOE,0,0,0
/損益計算書/営業外費用/出資金運用損,出資金運用損,jpfr-t-cte_LossOnInvestmentsInCapitalNOE,0,0,0
/損益計算書/営業外費用/投資事業組合運用損,投資事業組合運用損,jpfr-t-cte_LossOnInvestmentsInPartnershipNOE,0,0,0
/損益計算書/営業外費用/匿名組合投資損失,匿名組合投資損失、営業外費用,jpfr-t-cte_LossOnInvestmentsInSilentPartnershipNOE,0,0,0
/損益計算書/営業外費用/出資金評価損,出資金評価損、営業外費用,jpfr-t-cte_LossOnValuationOfInvestmentsInCapitalNOE,0,0,0
/損益計算書/営業外費用/金銭の信託運用損,金銭の信託運用損,jpfr-t-cte_LossOnInvestmentsInMoneyHeldInTrustNOE,0,0,0
/損益計算書/営業外費用/デリバティブ評価損,デリバティブ評価損、営業外費用,jpfr-t-cte_LossOnValuationOfDerivativesNOE,0,0,0
/損益計算書/営業外費用/ゴルフ会員権評価損,ゴルフ会員権評価損、営業外費用,jpfr-t-cte_LossOnValuationOfGolfClubMembershipNOE,0,0,0
/損益計算書/営業外費用/会員権評価損,会員権評価損、営業外費用,jpfr-t-cte_LossOnValuationOfMembershipNOE,0,0,0
/損益計算書/営業外費用/会員権売却損,会員権売却損、営業外費用,jpfr-t-cte_LossOnSaleOfMembershipNOE,0,0,0
/損益計算書/営業外費用/保険解約損,保険解約損、営業外費用,jpfr-t-cte_LossOnInsuranceCancellationNOE,0,0,0
/損益計算書/営業外費用/支払手形利息,支払手形利息,jpfr-etax-t-cte_InterestExpenseNotesPayable,0,0,0
/損益計算書/営業外費用/短期借入金利息,短期借入金利息,jpfr-etax-t-cte_InterestExpenseShortTermBorrowings,0,0,0
/損益計算書/営業外費用/社債発行費償却,社債発行費償却,jpfr-t-cte_AmortizationOfBondIssuanceCostNOE,1,0,0
/損益計算書/営業外費用/社債発行費償却,社債発行費等償却,jpfr-t-cte_AmortizationOfBondIssuanceCostNOE,1,0,0
/損益計算書/営業外費用/社債発行費償却,社会医療法人債発行費等償却,jpfr-t-cte_AmortizationOfBondIssuanceCostNOE,1,0,0
/損益計算書/営業外費用/株式交付費,株式交付費、営業外費用,jpfr-t-cte_StockIssuanceCostNOE,0,0,0
/損益計算書/営業外費用/株式交付費償却,株式交付費償却,jpfr-t-cte_AmortizationOfStockIssuanceCostNOE,0,0,0
/損益計算書/営業外費用/新株発行費,新株発行費,jpfr-t-cte_StockIssuanceCostPriorNOE,0,0,0
/損益計算書/営業外費用/新株発行費償却,新株発行費償却,jpfr-t-cte_AmortizationOfStockIssuanceCostPriorNOE,0,0,0
/損益計算書/営業外費用/社債償還損,社債償還損、営業外費用,jpfr-t-cte_LossOnBondRetirementNOE,0,0,0
/損益計算書/営業外費用/社債発行費,社債発行費,jpfr-t-cte_BondIssuanceCostNOE,0,0,0
/損益計算書/営業外費用/自己株式取得費用,自己株式取得費用,jpfr-t-cte_CommissionForPurchaseOfTreasuryStockNOE,0,0,0
/損益計算書/営業外費用/株式公開費用,株式公開費用,jpfr-t-cte_GoingPublicExpensesNOE,0,0,0
/損益計算書/営業外費用/資金調達費用,資金調達費用,jpfr-t-cte_FinancingExpensesNOE,0,0,0
/損益計算書/営業外費用/短期社債利息,短期社債利息,jpfr-t-cte_InterestOnShortTermBondsNOE,0,0,0
/損益計算書/営業外費用/コマーシャル・ペーパー利息,コマーシャル・ペーパー利息,jpfr-t-cte_InterestOnCommercialPapersNOE,1,0,0
/損益計算書/営業外費用/コマーシャル・ペーパー利息,コマーシャルペーパー利息,jpfr-t-cte_InterestOnCommercialPapersNOE,1,0,0
/損益計算書/営業外費用/為替差損,為替差損、営業外費用,jpfr-t-cte_ForeignExchangeLossesNOE,1,0,0
/損益計算書/営業外費用/為替差損,為替換算損,jpfr-t-cte_ForeignExchangeLossesNOE,1,0,0
/損益計算書/営業外費用/為替差損,為替換算差損,jpfr-t-cte_ForeignExchangeLossesNOE,1,0,0
/損益計算書/営業外費用/為替差損,為替評価損,jpfr-t-cte_ForeignExchangeLossesNOE,1,0,0
/損益計算書/営業外費用/金利スワップ評価損,金利スワップ評価損,jpfr-t-cte_LossOnValuationOfInterestSwapNOE,0,0,0
/損益計算書/営業外費用/複合金融商品評価損,複合金融商品評価損,jpfr-t-cte_LossOnValuationOfCompoundFinancialInstrumentsNOE,0,0,0
/損益計算書/営業外費用/手形売却損,手形売却損,jpfr-t-cte_LossOnSalesOfNotesPayableNOE,0,0,0
/損益計算書/営業外費用/電子記録債権売却損,電子記録債権売却損,jpfr-t-cte_LossOnSalesOfElectronicallyRecordedMonetaryClaimsNOE,0,0,0
/損益計算書/営業外費用/貸与資産減価償却費,貸与資産減価償却費,jpfr-t-cte_DepreciationOfAssetsForRentNOE,0,0,0
/損益計算書/営業外費用/休止固定資産減価償却費,休止固定資産減価償却費,jpfr-t-cte_DepreciationOfInactiveNoncurrentAssetsNOE,1,0,0
/損益計算書/営業外費用/休止固定資産減価償却費,遊休固定資産減価償却費,jpfr-t-cte_DepreciationOfInactiveNoncurrentAssetsNOE,1,0,0
/損益計算書/営業外費用/減価償却費,減価償却費、営業外費用,jpfr-t-cte_DepreciationNOE,0,0,0
/損益計算書/営業外費用/賃貸収入原価,賃貸収入原価,jpfr-t-cte_CostOfLeaseRevenueNOE,0,0,0
/損益計算書/営業外費用/賃貸費用,賃貸費用,jpfr-t-cte_RentExpensesNOE,0,0,0
/損益計算書/営業外費用/不動産賃貸費用,不動産賃貸費用、営業外費用,jpfr-t-cte_RentExpensesOnRealEstatesNOE,0,0,0
/損益計算書/営業外費用/不動産賃貸原価,不動産賃貸原価、営業外費用,jpfr-t-cte_RentCostOfRealEstateNOE,0,0,0
/損益計算書/営業外費用/固定資産賃貸費用,固定資産賃貸費用,jpfr-t-cte_RentExpensesOnNoncurrentAssetsNOE,0,0,0
/損益計算書/営業外費用/設備賃貸費用,設備賃貸費用,jpfr-t-cte_RentExpensesOnFacilitiesNOE,0,0,0
/損益計算書/営業外費用/リース解約損,リース解約損、営業外費用,jpfr-t-cte_LossOnCancelOfLeaseContractsNOE,0,0,0
/損益計算書/営業外費用/固定資産売却損,固定資産売却損、営業外費用,jpfr-t-cte_LossOnSalesOfNoncurrentAssetsNOE,0,0,0
/損益計算書/営業外費用/固定資産除却損,固定資産除却損、営業外費用,jpfr-t-cte_LossOnRetirementOfNoncurrentAssetsNOE,0,0,0
/損益計算書/営業外費用/固定資産除売却損,固定資産除売却損、営業外費用,jpfr-t-cte_LossOnSalesAndRetirementOfNoncurrentAssetsNOE,0,0,0
/損益計算書/営業外費用/固定資産廃棄損,固定資産廃棄損、営業外費用,jpfr-t-cte_LossOnAbandonmentOfNoncurrentAssetsNOE,0,0,0
/損益計算書/営業外費用/固定資産処分損,固定資産処分損、営業外費用,jpfr-t-cte_LossOnDisposalOfNoncurrentAssetsNOE,0,0,0
/損益計算書/営業外費用/固定資産圧縮損,固定資産圧縮損、営業外費用,jpfr-t-cte_LossOnReductionOfNoncurrentAssetsNOE,0,0,0
/損益計算書/営業外費用/固定資産評価損,固定資産評価損、営業外費用,jpfr-t-cte_LossOnValuationOfNoncurrentAssetsNOE,0,0,0
/損益計算書/営業外費用/たな卸資産評価損,たな卸資産評価損、営業外費用,jpfr-t-cte_LossOnValuationOfInventoriesNOE,0,0,0
/損益計算書/営業外費用/たな卸資産廃棄損,たな卸資産廃棄損、営業外費用,jpfr-t-cte_LossOnAbandonmentOfInventoriesNOE,0,0,0
/損益計算書/営業外費用/たな卸資産除却損,たな卸資産除却損、営業外費用,jpfr-t-cte_LossOnRetirementOfInventoriesNOE,0,0,0
/損益計算書/営業外費用/たな卸資産処分損,たな卸資産処分損、営業外費用,jpfr-t-cte_LossOnDisposalOfInventoriesNOE,0,0,0
/損益計算書/営業外費用/商品評価損,商品評価損、営業外費用,jpfr-t-cte_LossOnValuationOfGoodsNOE,0,0,0
/損益計算書/営業外費用/商品廃棄損,商品廃棄損、営業外費用,jpfr-t-cte_LossOnAbandonmentOfGoodsNOE,0,0,0
/損益計算書/営業外費用/原材料評価損,原材料評価損、営業外費用,jpfr-t-cte_LossOnValuationOfRawMaterialsNOE,0,0,0
/損益計算書/営業外費用/貸倒引当金繰入額,貸倒引当金繰入額、営業外費用,jpfr-t-cte_ProvisionOfAllowanceForDoubtfulAccountsNOE,0,0,0
/損益計算書/営業外費用/貸倒損失,貸倒損失、営業外費用,jpfr-t-cte_BadDebtsExpensesNOE,0,0,0
/損益計算書/営業外費用/退職給付費用,退職給付費用、営業外費用,jpfr-t-cte_RetirementBenefitExpensesNOE,0,0,0
/損益計算書/営業外費用/過年度退職給付費用,過年度退職給付費用、営業外費用,jpfr-t-cte_RetirementBenefitExpensesForPriorPeriodsNOE,0,0,0
/損益計算書/営業外費用/退職給付積立不足償却額,退職給付積立不足償却額,jpfr-t-cte_AmortizationOfShortageReserveForRetirementBenefitsNOE,0,0,0
/損益計算書/営業外費用/退職給付会計基準変更時差異の処理額,退職給付会計基準変更時差異の処理額、営業外費用,jpfr-t-cte_AmortizationOfNetRetirementBenefitObligationAtTransitionNOE,0,0,0
/損益計算書/営業外費用/割増退職金,割増退職金、営業外費用,jpfr-t-cte_ExtraRetirementPaymentsNOE,0,0,0
/損益計算書/営業外費用/創立費償却,創立費償却,jpfr-t-cte_AmortizationOfDeferredOrganizationExpensesNOE,1,0,0
/損益計算書/営業外費用/創立費償却,創立費,jpfr-t-cte_AmortizationOfDeferredOrganizationExpensesNOE,1,0,0
/損益計算書/営業外費用/開業費償却,開業費償却、営業外費用,jpfr-t-cte_AmortizationOfBusinessCommencementExpensesNOE,1,0,0
/損益計算書/営業外費用/開業費償却,開業費,jpfr-t-cte_AmortizationOfBusinessCommencementExpensesNOE,1,0,0
/損益計算書/営業外費用/長期前払費用償却,長期前払費用償却、営業外費用,jpfr-t-cte_AmortizationOfLongTermPrepaidExpensesNOE,0,0,0
/損益計算書/営業外費用/開発費償却,開発費償却、営業外費用,jpfr-t-cte_AmortizationOfDevelopmentExpensesNOE,0,0,0
/損益計算書/営業外費用/支払手数料,支払手数料、営業外費用,jpfr-t-cte_CommissionFeeNOE,0,0,0
/損益計算書/営業外費用/支払保証料,支払保証料,jpfr-t-cte_GuaranteeCommissionNOE,0,0,0
/損益計算書/営業外費用/支払補償費,支払補償費,jpfr-t-cte_CompensationExpensesNOE,0,0,0
/損益計算書/営業外費用/租税公課,租税公課、営業外費用,jpfr-t-cte_TaxesAndDuesNOE,0,0,0
/損益計算書/営業外費用/寄付金,寄付金、営業外費用,jpfr-t-cte_ContributionNOE,0,0,0
/損益計算書/営業外費用/売上債権売却損,売上債権売却損,jpfr-t-cte_LossOnSalesOfAccountsReceivableNOE,0,0,0
/損益計算書/営業外費用/債権売却損,債権売却損,jpfr-t-cte_LossOnTransferOfReceivablesNOE,0,0,0
/損益計算書/営業外費用/コミットメントフィー,コミットメントフィー,jpfr-t-cte_CommitmentFeeNOE,0,0,0
/損益計算書/営業外費用/シンジケートローン手数料,シンジケートローン手数料,jpfr-t-cte_CommissionForSyndicateLoanNOE,0,0,0
/損益計算書/営業外費用/事務所移転費用,事務所移転費用、営業外費用,jpfr-t-cte_OfficeTransferExpensesNOE,0,0,0
/損益計算書/営業外費用/和解金,和解金、営業外費用,jpfr-t-cte_SettlementPackageNOE,0,0,0
/損益計算書/営業外費用/訴訟和解金,訴訟和解金、営業外費用,jpfr-t-cte_LitigationSettlementNOE,0,0,0
/損益計算書/営業外費用/訴訟関連費用,訴訟関連費用,jpfr-t-cte_LitigationExpensesNOE,0,0,0
/損益計算書/営業外費用/雑支出,雑支出,jpfr-t-cte_MiscellaneousExpensesNOE,0,0,0
/損益計算書/営業外費用/雑損失,雑損失,jpfr-t-cte_MiscellaneousLossNOE,0,0,0
/損益計算書/営業外費用/転換社債利息,転換社債利息,jpfr-etax-t-cte_ConvertibleBondInterest,0,0,0
/損益計算書/営業外費用/売上割引,売上割引,jpfr-t-cte_SalesDiscountsNOE,0,0,0
/損益計算書/営業外費用/営業外費用合計,営業外費用合計,jpfr-t-cte_NonOperatingExpenses,0,0,0
/損益計算書/営業外費用/適格退職年金過去勤務費用,適格退職年金過去勤務費用、営業外費用,jpfr-etax-t-cte_PriorServicePensionCost,0,0,0
/損益計算書/営業外費用/上場関連費用,上場関連費用,jpfr-etax-t-cte_ListingExpense,0,0,0
/損益計算書/営業外費用/流動資産等売却損,流動資産等売却損,jpfr-etax-t-cte_LossSaleCurrentAssets,0,0,0
/損益計算書/営業外費用/車両売却損,車両売却損,jpfr-etax-t-cte_LossSaleVehicles,0,0,0
/損益計算書/営業外費用/車両除却損,車両除却損,jpfr-etax-t-cte_LossDisposalVehicles,0,0,0
/損益計算書/営業外費用/繰延資産償却,繰延資産償却,jpfr-etax-t-cte_AmortizationDeferredAssets,1,0,0
/損益計算書/営業外費用/繰延資産償却,繰延資産償却(外),jpfr-etax-t-cte_AmortizationDeferredAssets,1,0,0
/損益計算書/営業外費用/のれん償却,のれん償却,jpfr-etax-t-cte_NonoperatingExpensesAmortizationGoodwill,0,0,0
/損益計算書/経常利益,経常利益,jpfr-t-cte_OrdinaryIncome,1,0,0
/損益計算書/経常利益,経常利益金額,jpfr-t-cte_OrdinaryIncome,1,0,0
/損益計算書/特別利益,特別利益,jpfr-t-cte_ExtraordinaryIncomeAbstract,0,0,0
/損益計算書/特別利益/企業結合に係る特定勘定取崩益,企業結合に係る特定勘定取崩益,jpfr-t-cte_ReversalOfProvisionIncurredFromBusinessCombinationEI,0,0,0
/損益計算書/特別利益/企業結合における交換利益,企業結合における交換利益,jpfr-t-cte_GainOnExchangeFromBusinessCombinationEI,0,0,0
/損益計算書/特別利益/事業分離における移転利益,事業分離における移転利益,jpfr-t-cte_GainOnTransferFromBusinessDivestituresEI,0,0,0
/損益計算書/特別利益/段階取得に係る差益,段階取得に係る差益,jpfr-t-cte_GainOnStepAcquisitionsEI,0,0,0
/損益計算書/特別利益/前期損益修正益,前期損益修正益,jpfr-t-cte_GainOnPriorPeriodAdjustmentEI,0,0,0
/損益計算書/特別利益/固定資産売却益,固定資産売却益、特別利益,jpfr-t-cte_GainOnSalesOfNoncurrentAssetsEI,0,0,0
/損益計算書/特別利益/固定資産処分益,固定資産処分益、特別利益,jpfr-t-cte_GainOnDisposalOfNoncurrentAssetsEI,0,0,0
/損益計算書/特別利益/固定資産受贈益,固定資産受贈益、特別利益,jpfr-t-cte_GainOnDonationOfNoncurrentAssetsEI,0,0,0
/損益計算書/特別利益/有形固定資産売却益,有形固定資産売却益,jpfr-t-cte_GainOnSalesOfPropertyPlantAndEquipmentEI,0,0,0
/損益計算書/特別利益/土地売却益,土地売却益,jpfr-t-cte_GainOnSalesOfLandEI,0,0,0
/損益計算書/特別利益/投資有価証券売却益,投資有価証券売却益、特別利益,jpfr-t-cte_GainOnSalesOfInvestmentSecuritiesEI,0,0,0
/損益計算書/特別利益/投資有価証券償還益,投資有価証券償還益,jpfr-t-cte_GainOnRedemptionOfInvestmentSecuritiesEI,0,0,0
/損益計算書/特別利益/有価証券売却益,有価証券売却益、特別利益,jpfr-t-cte_GainOnSalesOfSecuritiesEI,0,0,0
/損益計算書/特別利益/投資有価証券評価損戻入益,投資有価証券評価損戻入益、特別利益,jpfr-t-cte_GainOnReversalOfLossOnValuationOfInvestmentSecuritiesEI,0,0,0
/損益計算書/特別利益/匿名組合投資利益,匿名組合投資利益、特別利益,jpfr-t-cte_GainOnInvestmentsInSilentPartnershipEI,0,0,0
/損益計算書/特別利益/ゴルフ会員権売却益,ゴルフ会員権売却益,jpfr-t-cte_GainOnSalesOfGolfMembershipsEI,0,0,0
/損益計算書/特別利益/会員権売却益,会員権売却益,jpfr-t-cte_GainOnSalesOfMembershipsEI,0,0,0
/損益計算書/特別利益/負ののれん発生益,負ののれん発生益,jpfr-t-cte_GainOnNegativeGoodwillEI,0,0,0
/損益計算書/特別利益/持分変動利益,持分変動利益,jpfr-t-cte_GainOnChangeInEquityEI,0,0,0
/損益計算書/特別利益/関係会社清算益,関係会社清算益,jpfr-t-cte_GainOnLiquidationOfSubsidiariesAndAffiliatesEI,0,0,0
/損益計算書/特別利益/子会社清算益,子会社清算益,jpfr-t-cte_GainOnLiquidationOfSubsidiariesEI,0,0,0
/損益計算書/特別利益/関係会社株式売却益,関係会社株式売却益,jpfr-t-cte_GainOnSalesOfSubsidiariesAndAffiliatesStocksEI,0,0,0
/損益計算書/特別利益/子会社株式売却益,子会社株式売却益,jpfr-t-cte_GainOnSalesOfSubsidiariesStocksEI,0,0,0
/損益計算書/特別利益/貸倒引当金戻入額,貸倒引当金戻入額、特別利益,jpfr-t-cte_ReversalOfAllowanceForDoubtfulAccountsEI,0,0,0
/損益計算書/特別利益/賞与引当金戻入額,賞与引当金戻入額,jpfr-t-cte_ReversalOfProvisionForBonusesEI,0,0,0
/損益計算書/特別利益/役員賞与引当金戻入額,役員賞与引当金戻入額,jpfr-t-cte_ReversalOfProvisionForDirectorsBonusesEI,0,0,0
/損益計算書/特別利益/退職給付引当金戻入額,退職給付引当金戻入額,jpfr-t-cte_ReversalOfProvisionForRetirementBenefitsEI,1,0,0
/損益計算書/特別利益/退職給付引当金戻入額,退職給与引当金戻入,jpfr-t-cte_ReversalOfProvisionForRetirementBenefitsEI,1,0,0
/損益計算書/特別利益/役員退職慰労引当金戻入額,役員退職慰労引当金戻入額、特別利益,jpfr-t-cte_ReversalOfProvisionForDirectorsRetirementBenefitsEI,0,0,0
/損益計算書/特別利益/投資損失引当金戻入額,投資損失引当金戻入額、特別利益,jpfr-t-cte_ReversalOfAllowanceForInvestmentLossEI,0,0,0
/損益計算書/特別利益/製品保証引当金戻入額,製品保証引当金戻入額,jpfr-t-cte_ReversalOfProvisionForProductWarrantiesEI,0,0,0
/損益計算書/特別利益/特別修繕引当金戻入額,特別修繕引当金戻入額,jpfr-t-cte_ReversalOfProvisionForSpecialRepairsEI,0,0,0
/損益計算書/特別利益/完成工事補償引当金戻入額,完成工事補償引当金戻入額,jpfr-t-cte_ReversalOfProvisionForWarrantiesForCompletedConstructionEI,0,0,0
/損益計算書/特別利益/債務保証損失引当金戻入額,債務保証損失引当金戻入額,jpfr-t-cte_ReversalOfProvisionForLossOnGuaranteesEI,0,0,0
/損益計算書/特別利益/関係会社整理損失引当金戻入額,関係会社整理損失引当金戻入額,jpfr-t-cte_ReversalOfProvisionForLossOnLiquidationOfSubsidiariesAndAffiliatesEI,0,0,0
/損益計算書/特別利益/事業整理損失引当金戻入額,事業整理損失引当金戻入額,jpfr-t-cte_ReversalOfProvisionForLossOnBusinessLiquidationEI,0,0,0
/損益計算書/特別利益/関係会社事業損失引当金戻入額,関係会社事業損失引当金戻入額,jpfr-t-cte_ReversalOfProvisionForLossOnBusinessOfSubsidiariesAndAffiliatesEI,0,0,0
/損益計算書/特別利益/事業構造改善引当金戻入額,事業構造改善引当金戻入額,jpfr-t-cte_ReversalOfProvisionForBusinessStructureImprovementEI,0,0,0
/損益計算書/特別利益/店舗閉鎖損失引当金戻入額,店舗閉鎖損失引当金戻入額,jpfr-t-cte_ReversalOfProvisionForLossOnStoreClosingEI,0,0,0
/損益計算書/特別利益/訴訟損失引当金戻入額,訴訟損失引当金戻入額,jpfr-t-cte_ReversalOfProvisionForLossOnLitigationEI,0,0,0
/損益計算書/特別利益/ポイント引当金戻入額,ポイント引当金戻入額,jpfr-t-cte_ReversalOfProvisionForPointCardCertificatesEI,0,0,0
/損益計算書/特別利益/退職給付信託設定益,退職給付信託設定益,jpfr-t-cte_GainOnContributionOfSecuritiesToRetirementBenefitTrustEI,0,0,0
/損益計算書/特別利益/厚生年金基金代行返上益,厚生年金基金代行返上益,jpfr-t-cte_GainOnTransferOfBenefitObligationRelatingToEmployeesPensionFundEI,0,0,0
/損益計算書/特別利益/退職給付会計基準変更時差異の処理額,退職給付会計基準変更時差異の処理額、特別利益,jpfr-t-cte_AmortizationOfNetRetirementBenefitObligationAtTransitionEI,0,0,0
/損益計算書/特別利益/退職給付制度改定益,退職給付制度改定益,jpfr-t-cte_GainOnRevisionOfRetirementBenefitPlanEI,0,0,0
/損益計算書/特別利益/退職給付制度終了益,退職給付制度終了益,jpfr-t-cte_GainOnAbolishmentOfRetirementBenefitPlanEI,0,0,0
/損益計算書/特別利益/為替差益,為替差益、特別利益,jpfr-t-cte_ForeignExchangeGainsEI,0,0,0
/損益計算書/特別利益/事業譲渡益,事業譲渡益,jpfr-t-cte_GainOnTransferOfBusinessEI,0,0,0
/損益計算書/特別利益/特別法上の準備金戻入額,特別法上の準備金戻入額,jpfr-t-cte_ReversalOfReservesUnderTheSpecialLawsEI,0,0,0
/損益計算書/特別利益/工事負担金等受入額,工事負担金等受入額,jpfr-t-cte_ContributionForConstructionEI,0,0,0
/損益計算書/特別利益/国庫補助金,国庫補助金,jpfr-t-cte_StateSubsidyEI,0,0,0
/損益計算書/特別利益/補助金収入,補助金収入、特別利益,jpfr-t-cte_SubsidyEI,0,0,0
/損益計算書/特別利益/新株予約権戻入益,新株予約権戻入益,jpfr-t-cte_GainOnReversalOfSubscriptionRightsToSharesEI,0,0,0
/損益計算書/特別利益/新株引受権戻入益,新株引受権戻入益,jpfr-t-cte_GainOnReversalOfSubscriptionRightsToSharesPriorEI,0,0,0
/損益計算書/特別利益/保険解約返戻金,保険解約返戻金、特別利益,jpfr-t-cte_SurrenderValueOfInsuranceEI,0,0,0
/損益計算書/特別利益/受取保険金,受取保険金、特別利益,jpfr-t-cte_InsuranceIncomeEI,0,0,0
/損益計算書/特別利益/保険差益,保険差益,jpfr-t-cte_GainOnInsuranceAdjustmentEI,0,0,0
/損益計算書/特別利益/受取補償金,受取補償金、特別利益,jpfr-t-cte_CompensationIncomeEI,0,0,0
/損益計算書/特別利益/収用補償金,収用補償金,jpfr-t-cte_CompensationIncomeForExpropriationEI,0,0,0
/損益計算書/特別利益/移転補償金,移転補償金,jpfr-t-cte_CompensationForTransferEI,0,0,0
/損益計算書/特別利益/受取和解金,受取和解金,jpfr-t-cte_SettlementReceivedEI,0,0,0
/損益計算書/特別利益/償却債権取立益,償却債権取立益、特別利益,jpfr-t-cte_GainOnBadDebtsRecoveredEI,0,0,0
/損益計算書/特別利益/債務免除益,債務免除益,jpfr-t-cte_GainOnForgivenessOfDebtsEI,0,0,0
/損益計算書/特別利益/過年度損益修正益,過年度損益修正益,jpfr-t-cte_GainOnPriorPeriodsAdjustmentEI,0,0,0
/損益計算書/特別利益/抱合せ株式消滅差益,抱合せ株式消滅差益,jpfr-t-cte_GainOnExtinguishmentOfTieInSharesEI,0,0,0
/損益計算書/特別利益/社債償還益,社債償還益,jpfr-etax-t-cte_GainRedemptionBond,0,0,0
/損益計算書/特別利益/デリバティブ評価益,デリバティブ評価益、特別利益,jpfr-etax-t-cte_GainAppreciationDerivatives,0,0,0
/損益計算書/特別利益/価格変動準備金戻入,価格変動準備金戻入,jpfr-etax-t-cte_ReversalPriceFluctuationReserve,0,0,0
/損益計算書/特別利益/リース会計基準の適用に伴う影響額,リース会計基準の適用に伴う影響額、特別利益,jpfr-t-cte_GainOnAdjustmentForChangesOfAccountingStandardForLeaseTransactionsEI,0,0,0
/損益計算書/特別利益/棚卸資産会計基準の適用に伴う影響額,棚卸資産会計基準の適用に伴う影響額、特別利益,jpfr-t-cte_GainOnAdjustmentForChangesOfAccountingStandardForMeasurementOfInventoriesEI,0,0,0
/損益計算書/特別利益/工事契約会計基準の適用に伴う影響額,工事契約会計基準の適用に伴う影響額、特別利益,jpfr-t-cte_GainOnAdjustmentForChangesOfAccountingStandardForConstructionContractsEI,0,0,0
/損益計算書/特別利益/特別利益合計,特別利益合計,jpfr-t-cte_ExtraordinaryIncome,0,0,0
/損益計算書/特別損失,特別損失,jpfr-t-cte_ExtraordinaryLossAbstract,0,0,0
/損益計算書/特別損失/企業結合における交換損失,企業結合における交換損失,jpfr-t-cte_LossOnExchangeFromBusinessCombinationEL,0,0,0
/損益計算書/特別損失/事業分離における移転損失,事業分離における移転損失,jpfr-t-cte_LossOnTransferFromBusinessDivestituresEL,0,0,0
/損益計算書/特別損失/段階取得に係る差損,段階取得に係る差損,jpfr-t-cte_LossOnStepAcquisitionsEL,0,0,0
/損益計算書/特別損失/前期損益修正損,前期損益修正損,jpfr-t-cte_LossOnPriorPeriodAdjustmentEL,0,0,0
/損益計算書/特別損失/固定資産売却損,固定資産売却損、特別損失,jpfr-t-cte_LossOnSalesOfNoncurrentAssetsEL,0,0,0
/損益計算書/特別損失/減損損失,減損損失,jpfr-t-cte_ImpairmentLossEL,0,0,0
/損益計算書/特別損失/災害による損失,災害による損失,jpfr-t-cte_LossOnDisasterEL,1,0,0
/損益計算書/特別損失/災害による損失,災害損失引,jpfr-t-cte_LossOnDisasterEL,1,0,0
/損益計算書/特別損失/災害による損失,災害損失,jpfr-t-cte_LossOnDisasterEL,1,0,0
/損益計算書/特別損失/固定資産除却損,固定資産除却損、特別損失,jpfr-t-cte_LossOnRetirementOfNoncurrentAssetsEL,0,0,0
/損益計算書/特別損失/固定資産除売却損,固定資産除売却損、特別損失,jpfr-t-cte_LossOnSalesAndRetirementOfNoncurrentAssetsEL,0,0,0
/損益計算書/特別損失/固定資産廃棄損,固定資産廃棄損、特別損失,jpfr-t-cte_LossOnAbandonmentOfNoncurrentAssetsEL,0,0,0
/損益計算書/特別損失/固定資産処分損,固定資産処分損、特別損失,jpfr-t-cte_LossOnDisposalOfNoncurrentAssetsEL,0,0,0
/損益計算書/特別損失/固定資産圧縮損,固定資産圧縮損、特別損失,jpfr-t-cte_LossOnReductionOfNoncurrentAssetsEL,0,0,0
/損益計算書/特別損失/固定資産評価損,固定資産評価損、特別損失,jpfr-t-cte_LossOnValuationOfNoncurrentAssetsEL,0,0,0
/損益計算書/特別損失/有形固定資産売却損,有形固定資産売却損,jpfr-t-cte_LossOnSalesOfPropertyPlantAndEquipmentEL,0,0,0
/損益計算書/特別損失/有形固定資産除却損,有形固定資産除却損,jpfr-t-cte_LossOnRetirementOfPropertyPlantAndEquipmentEL,0,0,0
/損益計算書/特別損失/有形固定資産処分損,有形固定資産処分損,jpfr-t-cte_LossOnDisposalOfPropertyPlantAndEquipmentEL,0,0,0
/損益計算書/特別損失/土地売却損,土地売却損,jpfr-t-cte_LossOnSalesOfLandEL,0,0,0
/損益計算書/特別損失/投資有価証券売却損,投資有価証券売却損、特別損失,jpfr-t-cte_LossOnSalesOfInvestmentSecuritiesEL,0,0,0
/損益計算書/特別損失/投資有価証券評価損,投資有価証券評価損、特別損失,jpfr-t-cte_LossOnValuationOfInvestmentSecuritiesEL,0,0,0
/損益計算書/特別損失/投資有価証券償還損,投資有価証券償還損,jpfr-t-cte_LossOnRedemptionOfInvestmentSecuritiesEL,0,0,0
/損益計算書/特別損失/有価証券売却損,有価証券売却損、特別損失,jpfr-t-cte_LossOnSalesOfSecuritiesEL,0,0,0
/損益計算書/特別損失/有価証券評価損,有価証券評価損、特別損失,jpfr-t-cte_LossOnValuationOfSecuritiesEL,0,0,0
/損益計算書/特別損失/匿名組合投資損失,匿名組合投資損失、特別損失,jpfr-t-cte_LossOnInvestmentsInSilentPartnershipEL,0,0,0
/損益計算書/特別損失/出資金評価損,出資金評価損、特別損失,jpfr-t-cte_LossOnValuationOfInvestmentsInCapitalEL,0,0,0
/損益計算書/特別損失/関係会社株式評価損,関係会社株式評価損,jpfr-t-cte_LossOnValuationOfStocksOfSubsidiariesAndAffiliatesEL,0,0,0
/損益計算書/特別損失/関係会社株式売却損,関係会社株式売却損,jpfr-t-cte_LossOnSalesOfStocksOfSubsidiariesAndAffiliatesEL,0,0,0
/損益計算書/特別損失/投資損失引当金繰入額,投資損失引当金繰入額,jpfr-t-cte_ProvisionOfAllowanceForInvestmentLossEL,0,0,0
/損益計算書/特別損失/関係会社出資金評価損,関係会社出資金評価損,jpfr-t-cte_LossOnValuationOfInvestmentsInCapitalOfSubsidiariesAndAffiliatesEL,0,0,0
/損益計算書/特別損失/持分変動損失,持分変動損失,jpfr-t-cte_LossOnChangeInEquityEL,0,0,0
/損益計算書/特別損失/子会社株式売却損,子会社株式売却損,jpfr-t-cte_LossOnSalesOfSubsidiariesStocksEL,0,0,0
/損益計算書/特別損失/子会社株式評価損,子会社株式評価損,jpfr-t-cte_LossOnValuationOfSubsidiariesStocksEL,0,0,0
/損益計算書/特別損失/関係会社整理損,関係会社整理損,jpfr-t-cte_LossOnLiquidationOfSubsidiariesAndAffiliatesGeneralEL,0,0,0
/損益計算書/特別損失/関係会社整理損失引当金繰入額,関係会社整理損失引当金繰入額,jpfr-t-cte_ProvisionForLossOnLiquidationOfSubsidiariesAndAffiliatesEL,0,0,0
/損益計算書/特別損失/事業整理損,事業整理損,jpfr-t-cte_LossOnLiquidationOfBusinessEL,0,0,0
/損益計算書/特別損失/事業整理損失引当金繰入額,事業整理損失引当金繰入額,jpfr-t-cte_ProvisionForLossOnBusinessLiquidationEL,0,0,0
/損益計算書/特別損失/関係会社事業損失,関係会社事業損失,jpfr-t-cte_LossOnBusinessOfSubsidiariesAndAffiliatesEL,0,0,0
/損益計算書/特別損失/関係会社事業損失引当金繰入額,関係会社事業損失引当金繰入額,jpfr-t-cte_ProvisionForLossOnBusinessOfSubsidiariesAndAffiliatesEL,0,0,0
/損益計算書/特別損失/事業構造改善費用,事業構造改善費用,jpfr-t-cte_BusinessStructureImprovementExpensesEL,0,0,0
/損益計算書/特別損失/事業構造改善引当金繰入額,事業構造改善引当金繰入額,jpfr-t-cte_ProvisionForBusinessStructureImprovementEL,0,0,0
/損益計算書/特別損失/関係会社清算損,関係会社清算損,jpfr-t-cte_LossOnLiquidationOfSubsidiariesAndAffiliatesEL,0,0,0
/損益計算書/特別損失/子会社整理損,子会社整理損,jpfr-t-cte_LossOnLiquidationOfSubsidiariesGeneralEL,0,0,0
/損益計算書/特別損失/子会社清算損,子会社清算損,jpfr-t-cte_LossOnLiquidationOfSubsidiariesEL,0,0,0
/損益計算書/特別損失/事業再編損,事業再編損,jpfr-t-cte_RestructuringLossEL,0,0,0
/損益計算書/特別損失/事業撤退損,事業撤退損,jpfr-t-cte_LossOnBusinessWithdrawalEL,0,0,0
/損益計算書/特別損失/事業譲渡損,事業譲渡損,jpfr-t-cte_LossOnTransferOfBusinessEL,0,0,0
/損益計算書/特別損失/関係会社支援損,関係会社支援損,jpfr-t-cte_LossOnSupportToSubsidiariesAndSubsidiariesAndAffiliatesEL,0,0,0
/損益計算書/特別損失/関係会社貸倒引当金繰入額,関係会社貸倒引当金繰入額,jpfr-t-cte_ProvisionOfAllowanceForDoubtfulAccountsForSubsidiariesAndAffiliatesEL,0,0,0
/損益計算書/特別損失/その他の投資評価損,その他の投資評価損,jpfr-t-cte_LossOnValuationOfOtherInvestmentsEL,1,0,0
/損益計算書/特別損失/その他の投資評価損,その他投資評価損,jpfr-t-cte_LossOnValuationOfOtherInvestmentsEL,1,0,0
/損益計算書/特別損失/ゴルフ会員権評価損,ゴルフ会員権評価損、特別損失,jpfr-t-cte_LossOnValuationOfGolfClubMembershipEL,0,0,0
/損益計算書/特別損失/ゴルフ会員権貸倒引当金繰入額,ゴルフ会員権貸倒引当金繰入額,jpfr-t-cte_ProvisionOfAllowanceForDoubtfulAccountsOfGolfClubMembershipEL,0,0,0
/損益計算書/特別損失/ゴルフ会員権売却損,ゴルフ会員権売却損,jpfr-t-cte_LossOnSalesOfGolfClubMembershipsEL,0,0,0
/損益計算書/特別損失/会員権評価損,会員権評価損、特別損失,jpfr-t-cte_LossOnValuationOfMembershipEL,0,0,0
/損益計算書/特別損失/会員権売却損,会員権売却損、特別損失,jpfr-t-cte_LossOnSalesOfMembershipEL,0,0,0
/損益計算書/特別損失/電話加入権評価損,電話加入権評価損,jpfr-t-cte_LossOnValuationOfTelephoneSubscriptionRightEL,0,0,0
/損益計算書/特別損失/施設利用権評価損,施設利用権評価損,jpfr-t-cte_LossOnValuationOfRightOfUsingFacilitiesEL,0,0,0
/損益計算書/特別損失/特別退職金,特別退職金,jpfr-t-cte_SpecialRetirementExpensesEL,0,0,0
/損益計算書/特別損失/割増退職金,割増退職金、特別損失,jpfr-t-cte_ExtraRetirementPaymentsEL,0,0,0
/損益計算書/特別損失/早期割増退職金,早期割増退職金,jpfr-t-cte_EarlyExtraRetirementPaymentsEL,0,0,0
/損益計算書/特別損失/退職特別加算金,退職特別加算金,jpfr-t-cte_SpecialExtraRetirementPaymentsEL,0,0,0
/損益計算書/特別損失/店舗閉鎖損失,店舗閉鎖損失,jpfr-t-cte_LossOnClosingOfStoresEL,0,0,0
/損益計算書/特別損失/店舗閉鎖損失引当金繰入額,店舗閉鎖損失引当金繰入額,jpfr-t-cte_ProvisionForLossOnStoreClosingEL,0,0,0
/損益計算書/特別損失/事務所移転費用,事務所移転費用、特別損失,jpfr-t-cte_OfficeTransferExpensesEL,0,0,0
/損益計算書/特別損失/本社移転費用,本社移転費用,jpfr-t-cte_HeadOfficeTransferCostEL,0,0,0
/損益計算書/特別損失/債務保証損失引当金繰入額,債務保証損失引当金繰入額,jpfr-t-cte_ProvisionForLossOnGuaranteesEL,0,0,0
/損益計算書/特別損失/工事損失引当金繰入額,工事損失引当金繰入額,jpfr-t-cte_ProvisionForLossOnConstructionContractsEL,1,0,0
/損益計算書/特別損失/工事損失引当金繰入額,工事損失引当金繰入,jpfr-t-cte_ProvisionForLossOnConstructionContractsEL,1,0,0
/損益計算書/特別損失/貸倒引当金繰入額,貸倒引当金繰入額、特別損失,jpfr-t-cte_ProvisionOfAllowanceForDoubtfulAccountsEL,0,0,0
/損益計算書/特別損失/貸倒損失,貸倒損失、特別損失,jpfr-t-cte_BadDebtsWrittenOffEL,0,0,0
/損益計算書/特別損失/たな卸資産評価損,たな卸資産評価損、特別損失,jpfr-t-cte_LossOnValuationOfInventoriesEL,0,0,0
/損益計算書/特別損失/たな卸資産処分損,たな卸資産処分損、特別損失,jpfr-t-cte_LossOnDisposalOfInventoriesEL,0,0,0
/損益計算書/特別損失/たな卸資産除却損,たな卸資産除却損、特別損失,jpfr-t-cte_LossOnRetirementOfInventoriesEL,0,0,0
/損益計算書/特別損失/たな卸資産廃棄損,たな卸資産廃棄損、特別損失,jpfr-t-cte_LossOnAbandonmentOfInventoriesEL,0,0,0
/損益計算書/特別損失/商品評価損,商品評価損、特別損失,jpfr-t-cte_LossOnValuationOfGoodsEL,0,0,0
/損益計算書/特別損失/商品廃棄損,商品廃棄損、特別損失,jpfr-t-cte_LossOnAbandonmentOfGoodsEL,0,0,0
/損益計算書/特別損失/販売用不動産評価損,販売用不動産評価損,jpfr-t-cte_LossOnValuationOfRealEstateForSaleEL,0,0,0
/損益計算書/特別損失/販売用土地評価損,販売用土地評価損,jpfr-t-cte_LossOnValuationOfLandForSaleEL,0,0,0
/損益計算書/特別損失/建物除却損,建物除却損,jpfr-t-cte_LossOnRetirementOfBuildingEL,0,0,0
/損益計算書/特別損失/為替差損,為替差損、特別損失,jpfr-t-cte_ForeignExchangeLossesEL,0,0,0
/損益計算書/特別損失/固定資産臨時償却費,固定資産臨時償却費,jpfr-t-cte_NonRecurringDepreciationOnNoncurrentAssetsEL,0,0,0
/損益計算書/特別損失/工事負担金等圧縮額,工事負担金等圧縮額,jpfr-t-cte_ReductionEntryOfLandContributionForConstructionEL,0,0,0
/損益計算書/特別損失/ソフトウエア除却損,ソフトウエア除却損,jpfr-t-cte_LossOnRetirementOfSoftwareEL,0,0,0
/損益計算書/特別損失/合併関連費用,合併関連費用,jpfr-t-cte_MergerExpensesEL,0,0,0
/損益計算書/特別損失/賃貸借契約解約損,賃貸借契約解約損,jpfr-t-cte_LossOnCancellationOfLeaseholdContractsEL,0,0,0
/損益計算書/特別損失/リース解約損,リース解約損、特別損失,jpfr-t-cte_LossOnCancellationOfLeaseContractsEL,1,0,0
/損益計算書/特別損失/リース解約損,リース契約解約損,jpfr-t-cte_LossOnCancellationOfLeaseContractsEL,1,0,0
/損益計算書/特別損失/保険解約損,保険解約損、特別損失,jpfr-t-cte_LossOnInsuranceCancellationEL,0,0,0
/損益計算書/特別損失/退職給付費用,退職給付費用、特別損失,jpfr-t-cte_RetirementBenefitExpensesEL,0,0,0
/損益計算書/特別損失/退職給付信託設定損,退職給付信託設定損,jpfr-t-cte_LossOnContributionOfSecuritiesToRetirementBenefitTrustEL,0,0,0
/損益計算書/特別損失/厚生年金基金代行返上損,厚生年金基金代行返上損,jpfr-t-cte_LossOnTransferOfBenefitObligationRelatingToEmployeesPensionFundEL,0,0,0
/損益計算書/特別損失/過年度退職給付費用,過年度退職給付費用、特別損失,jpfr-t-cte_RetirementBenefitExpensesForPriorPeriodsEL,0,0,0
/損益計算書/特別損失/退職給付引当金繰入額,退職給付引当金繰入額、特別損失,jpfr-t-cte_ProvisionForRetirementBenefitsEL,0,0,0
/損益計算書/特別損失/退職給付会計基準変更時差異の処理額,退職給付会計基準変更時差異の処理額、特別損失,jpfr-t-cte_AmortizationOfNetRetirementBenefitObligationAtTransitionEL,0,0,0
/損益計算書/特別損失/役員退職慰労金,役員退職慰労金、特別損失,jpfr-t-cte_DirectorsRetirementBenefitsEL,0,0,0
/損益計算書/特別損失/役員退職慰労引当金繰入額,役員退職慰労引当金繰入額、特別損失,jpfr-t-cte_ProvisionForDirectorsRetirementBenefitsEL,0,0,0
/損益計算書/特別損失/過年度役員退職慰労引当金繰入額,過年度役員退職慰労引当金繰入額,jpfr-t-cte_ProvisionForDirectorsRetirementBenefitsForPriorPeriodsEL,0,0,0
/損益計算書/特別損失/退職給付制度改定損,退職給付制度改定損,jpfr-t-cte_LossOnRevisionOfRetirementBenefitPlanEL,0,0,0
/損益計算書/特別損失/退職給付制度終了損,退職給付制度終了損,jpfr-t-cte_LossOnAbolishmentOfRetirementBenefitPlanEL,0,0,0
/損益計算書/特別損失/損害賠償金,損害賠償金,jpfr-t-cte_CompensationForDamageEL,0,0,0
/損益計算書/特別損失/和解金,和解金、特別損失,jpfr-t-cte_SettlementPackageEL,0,0,0
/損益計算書/特別損失/訴訟和解金,訴訟和解金、特別損失,jpfr-t-cte_LitigationSettlementEL,0,0,0
/損益計算書/特別損失/訴訟関連損失,訴訟関連損失,jpfr-t-cte_LossOnLitigationEL,0,0,0
/損益計算書/特別損失/訴訟損失引当金繰入額,訴訟損失引当金繰入額,jpfr-t-cte_ProvisionForLossOnLitigationEL,0,0,0
/損益計算書/特別損失/環境対策引当金繰入額,環境対策引当金繰入額,jpfr-t-cte_ProvisionForEnvironmentalMeasuresEL,0,0,0
/損益計算書/特別損失/環境対策費,環境対策費,jpfr-t-cte_EnvironmentalExpensesEL,0,0,0
/損益計算書/特別損失/利息返還損失引当金繰入額,利息返還損失引当金繰入額、特別損失,jpfr-t-cte_ProvisionForLossOnInterestRepaymentEL,0,0,0
/損益計算書/特別損失/偶発損失引当金繰入額,偶発損失引当金繰入額,jpfr-t-cte_ProvisionForContingentLossEL,0,0,0
/損益計算書/特別損失/災害損失引当金繰入額,災害損失引当金繰入額,jpfr-t-cte_ProvisionForLossOnDisasterEL,0,0,0
/損益計算書/特別損失/臨時損失,臨時損失,jpfr-t-cte_NonrecurringLossEL,0,0,0
/損益計算書/特別損失/特別法上の準備金繰入額,特別法上の準備金繰入額,jpfr-t-cte_ProvisionOfReservesUnderTheSpecialLawsEL,0,0,0
/損益計算書/特別損失/過年度損益修正損,過年度損益修正損,jpfr-t-cte_LossOnPriorPeriodsAdjustmentEL,0,0,0
/損益計算書/特別損失/リース会計基準の適用に伴う影響額,リース会計基準の適用に伴う影響額、特別損失,jpfr-t-cte_LossOnAdjustmentForChangesOfAccountingStandardForLeaseTransactionsEL,0,0,0
/損益計算書/特別損失/資産除去債務会計基準の適用に伴う影響額,資産除去債務会計基準の適用に伴う影響額,jpfr-t-cte_LossOnAdjustmentForChangesOfAccountingStandardForAssetRetirementObligationsEL,0,0,0
/損益計算書/特別損失/棚卸資産会計基準の適用に伴う影響額,棚卸資産会計基準の適用に伴う影響額、特別損失,jpfr-t-cte_LossOnAdjustmentForChangesOfAccountingStandardForMeasurementOfInventoriesEL,0,0,0
/損益計算書/特別損失/工事契約会計基準の適用に伴う影響額,工事契約会計基準の適用に伴う影響額、特別損失,jpfr-t-cte_LossOnAdjustmentForChangesOfAccountingStandardForConstructionContractsEL,0,0,0
/損益計算書/特別損失/抱合せ株式消滅差損,抱合せ株式消滅差損,jpfr-t-cte_LossOnExtinguishmentOfTieInSharesEL,0,0,0
/損益計算書/特別損失/特定金銭信託解約損,特定金銭信託解約損,jpfr-etax-t-cte_LossCancellationSpecifiedMoneyTrust,0,0,0
/損益計算書/特別損失/適格退職年金過去勤務費用,適格退職年金過去勤務費用、特別損失,jpfr-etax-t-cte_ExtraordinaryPriorServicePensionCost,0,0,0
/損益計算書/特別損失/社債償還損,社債償還損、特別損失,jpfr-etax-t-cte_ExtraordinaryLossRedemptionBond,0,0,0
/損益計算書/特別損失/デリバティブ評価損,デリバティブ評価損、特別損失,jpfr-etax-t-cte_ExtraordinaryLossDevaluationDerivatives,0,0,0
/損益計算書/特別損失/営業譲渡損,営業譲渡損,jpfr-etax-t-cte_LossTransferBusiness,0,0,0
/損益計算書/特別損失/価格変動準備金繰入,価格変動準備金繰入,jpfr-etax-t-cte_ProvisionPriceFluctuationReserve,0,0,0
/損益計算書/特別損失/特別損失合計,特別損失合計,jpfr-t-cte_ExtraordinaryLoss,0,0,0
/損益計算書/匿名組合損益分配前税引前当期純利益,匿名組合損益分配前税引前当期純利益,jpfr-t-cte_IncomeBeforeDividendsDistributionFromSilentPartnershipIncomeTaxes,0,0,0
/損益計算書/匿名組合損益分配額,匿名組合損益分配額,jpfr-t-cte_DividendsDistributionFromSilentPartnership,0,0,0
/損益計算書/税引前当期純利益,税引前当期純利益,jpfr-t-cte_IncomeBeforeIncomeTaxes,1,0,0
/損益計算書/税引前当期純利益,税引前当期純利益金額,jpfr-t-cte_IncomeBeforeIncomeTaxes,1,0,0
/損益計算書/法人税、住民税及び事業税,法人税、住民税及び事業税,jpfr-t-cte_IncomeTaxesCurrent,1,0,0
/損益計算書/法人税、住民税及び事業税,法人税及び住民税,jpfr-t-cte_IncomeTaxesCurrent,1,0,0
/損益計算書/法人税等の更正、決定等による納付税額又は還付税額,法人税等の更正、決定等による納付税額又は還付税額,jpfr-t-cte_IncomeTaxesCorrection,0,0,0
/損益計算書/法人税等の追徴税額,法人税等の追徴税額,jpfr-etax-t-cte_AdditionalIncomeTaxes,1,0,0
/損益計算書/法人税等の追徴税額,法人税等追徴税額,jpfr-etax-t-cte_AdditionalIncomeTaxes,1,0,0
/損益計算書/法人税等の追徴税額,法人税等追徴額,jpfr-etax-t-cte_AdditionalIncomeTaxes,1,0,0
/損益計算書/過年度法人税等,過年度法人税等,jpfr-t-cte_IncomeTaxesForPriorPeriodsIncomeTaxes,0,0,0
/損益計算書/過年度法人税等戻入額,過年度法人税等戻入額,jpfr-t-cte_RefundOfIncomeTaxesForPriorPeriodsIncomeTaxes,0,0,0
/損益計算書/その他税額,その他税額,jpfr-etax-t-cte_OtherIncomeTaxes,1,0,0
/損益計算書/その他税額,その他の税額,jpfr-etax-t-cte_OtherIncomeTaxes,1,0,0
/損益計算書/法人税等調整額,法人税等調整額,jpfr-t-cte_IncomeTaxesDeferred,1,0,0
/損益計算書/法人税等調整額,その他の税効果,jpfr-t-cte_IncomeTaxesDeferred,1,0,0
/損益計算書/法人税等還付税額,法人税等還付税額,jpfr-t-cte_RefundOfIncomeTaxesIncomeTaxes,1,0,0
/損益計算書/法人税等還付税額,法人税等還付額,jpfr-t-cte_RefundOfIncomeTaxesIncomeTaxes,1,0,0
/損益計算書/法人税等合計,法人税等合計,jpfr-t-cte_IncomeTaxes,0,0,0
/損益計算書/法人税等合計/法人税、住民税及び事業税,法人税、住民税及び事業税,jpfr-t-cte_IncomeTaxesCurrent,0,0,0
/損益計算書/法人税等合計/法人税等調整額,法人税等調整額,jpfr-t-cte_IncomeTaxesDeferred,0,0,0
/損益計算書/少数株主損益調整前当期純利益,少数株主損益調整前当期純利益,jpfr-t-cte_IncomeBeforeMinorityInterests,0,0,0
/損益計算書/少数株主利益,少数株主利益,jpfr-t-cte_MinorityInterestsInIncome,0,0,0
/損益計算書/当期純利益,当期純利益,jpfr-t-cte_NetIncome,0,0,0
