/貸借対照表,貸借対照表,jpfr-t-cte_BalanceSheetsAbstract,0,0,0
/貸借対照表/資産の部,資産の部,jpfr-t-cte_AssetsAbstract,0,0,0
/貸借対照表/資産の部/流動資産,流動資産,jpfr-t-cte_CurrentAssetsAbstract,0,0,0
/貸借対照表/資産の部/流動資産/当座資産,当座資産,jpfr-etax-t-cte_QuickAssets,0,0,0
/貸借対照表/資産の部/流動資産/現金及び預金,現金及び預金,jpfr-t-cte_CashAndDeposits,1,0,0
/貸借対照表/資産の部/流動資産/現金及び預金,現金・預金,jpfr-t-cte_CashAndDeposits,1,0,0
/貸借対照表/資産の部/流動資産/現金及び預金/現金,現金,jpfr-etax-t-cte_CashHand,0,0,0
/貸借対照表/資産の部/流動資産/現金及び預金/小口現金,小口現金,jpfr-etax-t-cte_PettyCash,0,0,0
/貸借対照表/資産の部/流動資産/現金及び預金/預金,預金,jpfr-etax-t-cte_Deposits       ,0,0,0
/貸借対照表/資産の部/流動資産/現金及び預金/預金/当座預金,当座預金,jpfr-etax-t-cte_CheckingAccounts,0,0,0
/貸借対照表/資産の部/流動資産/現金及び預金/預金/郵便振替貯金,郵便振替貯金,jpfr-etax-t-cte_PostalTransferSavings,0,0,0
/貸借対照表/資産の部/流動資産/現金及び預金/預金/普通預金,普通預金,jpfr-etax-t-cte_OrdinaryDeposit,0,0,0
/貸借対照表/資産の部/流動資産/現金及び預金/預金/郵便貯金,郵便貯金,jpfr-etax-t-cte_PostalSavings,0,0,0
/貸借対照表/資産の部/流動資産/現金及び預金/預金/通知預金,通知預金,jpfr-etax-t-cte_DepositsNotice,0,0,0
/貸借対照表/資産の部/流動資産/現金及び預金/預金/納税準備預金,納税準備預金,jpfr-etax-t-cte_DepositsPreparationTaxPayment,0,0,0
/貸借対照表/資産の部/流動資産/現金及び預金/預金/貯蓄預金,貯蓄預金,jpfr-etax-t-cte_SavingsDeposit,0,0,0
/貸借対照表/資産の部/流動資産/現金及び預金/預金/その他の流動性預金,その他の流動性預金,jpfr-etax-t-cte_OtherCurrentDeposit,0,0,0
/貸借対照表/資産の部/流動資産/現金及び預金/預金/定期預金,定期預金,jpfr-etax-t-cte_TimeDeposits,0,0,0
/貸借対照表/資産の部/流動資産/現金及び預金/預金/定期積金,定期積金,jpfr-etax-t-cte_PeriodicalDeposits,0,0,0
/貸借対照表/資産の部/流動資産/現金及び預金/預金/積立預金,積立預金,jpfr-etax-t-cte_InstallmentDeposit,0,0,0
/貸借対照表/資産の部/流動資産/現金及び預金/預金/別段預金,別段預金,jpfr-etax-t-cte_SpecialDeposits,0,0,0
/貸借対照表/資産の部/流動資産/現金及び預金/預金/特定金銭信託,特定金銭信託,jpfr-etax-t-cte_SpecifiedMoneyTrust,0,0,0
/貸借対照表/資産の部/流動資産/現金及び預金/預金/その他の固定性預金,その他の固定性預金,jpfr-etax-t-cte_OtherFixedDeposit,0,0,0
/貸借対照表/資産の部/流動資産/現金及び預金/預金/その他の預金,その他の預金,jpfr-etax-t-cte_OtherDeposits,0,0,0
/貸借対照表/資産の部/流動資産/受取手形及び売掛金,受取手形及び売掛金,jpfr-t-cte_NotesAndAccountsReceivableTrade,0,0,0
/貸借対照表/資産の部/流動資産/受取手形及び売掛金/貸倒引当金,貸倒引当金、受取手形及び売掛金,jpfr-t-cte_AllowanceForDoubtfulAccountsNotesAndAccountsReceivableTrade,0,0,0
/貸借対照表/資産の部/流動資産/受取手形及び売掛金/受取手形及び売掛金（純額）,受取手形及び売掛金（純額）,jpfr-t-cte_NotesAndAccountsReceivableTradeNet,0,0,0
/貸借対照表/資産の部/流動資産/受取手形,受取手形,jpfr-t-cte_NotesReceivableTrade,1,0,0
/貸借対照表/資産の部/流動資産/受取手形,関係会社受取手形,jpfr-t-cte_NotesReceivableTrade,1,0,0
/貸借対照表/資産の部/流動資産/受取手形/貸倒引当金,貸倒引当金、受取手形,jpfr-t-cte_AllowanceForDoubtfulAccountsNotesReceivableTrade,0,0,0
/貸借対照表/資産の部/流動資産/受取手形/受取手形（純額）,受取手形（純額）,jpfr-t-cte_NotesReceivableTradeNet,0,0,0
/貸借対照表/資産の部/流動資産/完成工事未収入金,完成工事未収入金,jpfr-t-cns_AccountsReceivableFromCompletedConstructionContractsCNS,1,0,0
/貸借対照表/資産の部/流動資産/完成工事未収入金,完成工事未収金,jpfr-t-cns_AccountsReceivableFromCompletedConstructionContractsCNS,1,0,0
/貸借対照表/資産の部/流動資産/完成工事未収入金,工事未収入金,jpfr-t-cns_AccountsReceivableFromCompletedConstructionContractsCNS,1,0,0
/貸借対照表/資産の部/流動資産/完成工事未収入金/貸倒引当金,貸倒引当金、完成工事未収入金,jpfr-etax-t-cte_AllowanceForDoubtfulAccountsAccountsReceivableFromCompletedConstructionContractsCNS,0,0,0
/貸借対照表/資産の部/流動資産/完成工事未収入金/完成工事未収入金(純額),完成工事未収入金(純額),jpfr-etax-t-cte_AccountsReceivableFromCompletedConstructionContractsCNSNet,0,0,0
/貸借対照表/資産の部/流動資産/売掛金,売掛金,jpfr-t-cte_AccountsReceivableTrade,0,0,0
/貸借対照表/資産の部/流動資産/売掛金/貸倒引当金,貸倒引当金、売掛金,jpfr-t-cte_AllowanceForDoubtfulAccountsAccountsReceivableTrade,0,0,0
/貸借対照表/資産の部/流動資産/売掛金/売掛金（純額）,売掛金（純額）,jpfr-t-cte_AccountsReceivableTradeNet,0,0,0
/貸借対照表/資産の部/流動資産/兼業事業売掛金(純額),兼業事業売掛金(純額),jpfr-etax-t-cte_AccountsReceivableOtherOperation,1,0,0
/貸借対照表/資産の部/流動資産/兼業事業売掛金(純額),兼業事業売掛金,jpfr-etax-t-cte_AccountsReceivableOtherOperation,1,0,0
/貸借対照表/資産の部/流動資産/その他の売上債権,その他の売上債権,jpfr-etax-t-cte_AccountReceivableOtherSales,1,0,0
/貸借対照表/資産の部/流動資産/その他の売上債権,他売上債権,jpfr-etax-t-cte_AccountReceivableOtherSales,1,0,0
/貸借対照表/資産の部/流動資産/その他の医業収益未収入金,その他の医業収益未収入金,jpfr-etax-t-cte_OtherAccountsReceivableMedicalRevenue,0,0,0
/貸借対照表/資産の部/流動資産/リース債権,リース債権,jpfr-t-cte_LeaseReceivablesCA,0,0,0
/貸借対照表/資産の部/流動資産/リース債権/貸倒引当金,貸倒引当金、リース債権、流動資産,jpfr-t-cte_AllowanceForDoubtfulAccountsLeaseReceivablesCA,0,0,0
/貸借対照表/資産の部/流動資産/リース債権/リース債権（純額）,リース債権（純額）,jpfr-t-cte_LeaseReceivablesNetCA,0,0,0
/貸借対照表/資産の部/流動資産/その他の当座資産,その他の当座資産,jpfr-etax-t-cte_OtherQuickAssets,1,0,0
/貸借対照表/資産の部/流動資産/その他の当座資産,その他当座資産,jpfr-etax-t-cte_OtherQuickAssets,1,0,0
/貸借対照表/資産の部/流動資産/リース投資資産,リース投資資産、流動資産,jpfr-t-cte_LeaseInvestmentAssetsCA,0,0,0
/貸借対照表/資産の部/流動資産/リース投資資産/貸倒引当金,貸倒引当金、リース投資資産、流動資産,jpfr-t-cte_AllowanceForDoubtfulAccountsLeaseInvestmentAssetsCA,0,0,0
/貸借対照表/資産の部/流動資産/リース投資資産/リース投資資産（純額）,リース投資資産（純額）,jpfr-t-cte_LeaseInvestmentAssetsNetCA,0,0,0
/貸借対照表/資産の部/流動資産/リース債権及びリース投資資産,リース債権及びリース投資資産,jpfr-t-cte_LeaseReceivablesAndInvestmentAssetsCA,0,0,0
/貸借対照表/資産の部/流動資産/リース債権及びリース投資資産/貸倒引当金,貸倒引当金、リース債権及びリース投資資産、流動資産,jpfr-t-cte_AllowanceForDoubtfulAccountsLeaseReceivablesAndInvestmentAssetsCA,0,0,0
/貸借対照表/資産の部/流動資産/リース債権及びリース投資資産/リース債権及びリース投資資産（純額）,リース債権及びリース投資資産（純額）,jpfr-t-cte_LeaseReceivablesAndInvestmentAssetsNetCA,0,0,0
/貸借対照表/資産の部/流動資産/仕掛品(半製品),仕掛品(半製品),jpfr-etax-t-cte_InventoriesWorkProcessSemiFinishedGoods,1,0,0
/貸借対照表/資産の部/流動資産/仕掛品(半製品),仕掛品（半成品）,jpfr-etax-t-cte_InventoriesWorkProcessSemiFinishedGoods,1,0,0
/貸借対照表/資産の部/流動資産/薬品,薬品,jpfr-etax-t-cte_InventoriesMedicine,0,0,0
/貸借対照表/資産の部/流動資産/診療材料,診療材料,jpfr-etax-t-cte_InventoriesMedicalInstruments,0,0,0
/貸借対照表/資産の部/流動資産/給食材料,給食材料,jpfr-etax-t-cte_InventoriesFoodsForService,1,0,0
/貸借対照表/資産の部/流動資産/給食材料,給食用材料,jpfr-etax-t-cte_InventoriesFoodsForService,1,0,0
/貸借対照表/資産の部/流動資産/医療消耗備品,医療消耗備品,jpfr-etax-t-cte_InventoriesMedicalSupplies,0,0,0
/貸借対照表/資産の部/流動資産/有価証券,有価証券,jpfr-t-cte_ShortTermInvestmentSecurities,1,0,0
/貸借対照表/資産の部/流動資産/有価証券,有価証券(現先),jpfr-t-cte_ShortTermInvestmentSecurities,1,0,0
/貸借対照表/資産の部/流動資産/たな卸資産,たな卸資産,jpfr-t-cte_Inventories,1,0,0
/貸借対照表/資産の部/流動資産/たな卸資産,棚卸資産,jpfr-t-cte_Inventories,1,0,0
/貸借対照表/資産の部/流動資産/たな卸資産/未成工事支出金,未成工事支出金、建設業,jpfr-t-cns_CostsOnUncompletedConstructionContractsCNS,0,0,0
/貸借対照表/資産の部/流動資産/建設業,建設業,jpfr-etax-t-cte_InventoriesOtherInventoriesConstruction,0,0,0
/貸借対照表/資産の部/流動資産/建設業/材料,材料,jpfr-etax-t-cte_InventoriesMaterialsConstruction,0,0,0
/貸借対照表/資産の部/流動資産/建設業/貯蔵品,貯蔵品、建設業,jpfr-etax-t-cte_InventoriesSuppliesConstruction,0,0,0
/貸借対照表/資産の部/流動資産/兼業事業,兼業事業,jpfr-etax-t-cte_InventoriesOtherOtherOperation,0,0,0
/貸借対照表/資産の部/流動資産/兼業事業/商品,商品、兼業事業,jpfr-etax-t-cte_InventoriesMaterialsOtherOperation,0,0,0
/貸借対照表/資産の部/流動資産/兼業事業/貯蔵品,貯蔵品、兼業事業,jpfr-etax-t-cte_InventoriesSuppliesOtherOperation,0,0,0
/貸借対照表/資産の部/流動資産/兼業事業/その他たな卸資産,その他たな卸資産,jpfr-etax-t-cte_InventoriesOtherInventoriesOtherOperation,1,0,0
/貸借対照表/資産の部/流動資産/兼業事業/その他たな卸資産,その他棚卸資産,jpfr-etax-t-cte_InventoriesOtherInventoriesOtherOperation,1,0,0
/貸借対照表/資産の部/流動資産/兼業事業/その他たな卸資産,他棚卸資産,jpfr-etax-t-cte_InventoriesOtherInventoriesOtherOperation,1,0,0
/貸借対照表/資産の部/流動資産/原価差額,原価差額,jpfr-etax-t-cte_CostVariance,0,0,0
/貸借対照表/資産の部/流動資産/商品及び製品,商品及び製品,jpfr-t-cte_MerchandiseAndFinishedGoods,1,0,0
/貸借対照表/資産の部/流動資産/商品及び製品,商品・製品,jpfr-t-cte_MerchandiseAndFinishedGoods,1,0,0
/貸借対照表/資産の部/流動資産/商品,商品,jpfr-t-cte_Merchandise,0,0,0
/貸借対照表/資産の部/流動資産/製品,製品,jpfr-t-cte_FinishedGoods,0,0,0
/貸借対照表/資産の部/流動資産/副産物,副産物,jpfr-t-cte_ByProduct,0,0,0
/貸借対照表/資産の部/流動資産/半製品,半製品,jpfr-t-cte_SemiFinishedGoods,0,0,0
/貸借対照表/資産の部/流動資産/原材料,原材料,jpfr-t-cte_RawMaterials,0,0,0
/貸借対照表/資産の部/流動資産/原材料及び貯蔵品,原材料及び貯蔵品,jpfr-t-cte_RawMaterialsAndSupplies,1,0,0
/貸借対照表/資産の部/流動資産/原材料及び貯蔵品,材料貯蔵品,jpfr-t-cte_RawMaterialsAndSupplies,1,0,0
/貸借対照表/資産の部/流動資産/未着原材料,未着原材料,jpfr-t-cte_RawMaterialsInTransit,0,0,0
/貸借対照表/資産の部/流動資産/未成工事支出金,未成工事支出金、建設業,jpfr-t-cns_CostsOnUncompletedConstructionContractsCNS,1,0,0
/貸借対照表/資産の部/流動資産/未成工事支出金,未成工事（未成振替）,jpfr-t-cns_CostsOnUncompletedConstructionContractsCNS,1,0,0
/貸借対照表/資産の部/流動資産/仕掛品,仕掛品,jpfr-t-cte_WorkInProcess,0,0,0
/貸借対照表/資産の部/流動資産/半成工事,半成工事,jpfr-t-cte_PartlyFinishedWork,0,0,0
/貸借対照表/資産の部/流動資産/貯蔵品,貯蔵品,jpfr-t-cte_Supplies,0,0,0
/貸借対照表/資産の部/流動資産/関係会社売掛金,関係会社売掛金,jpfr-t-cte_AccountsReceivableFromSubsidiariesAndAffiliatesTrade,0,0,0
/貸借対照表/資産の部/流動資産/積送品,積送品,jpfr-etax-t-cte_Consignment,0,0,0
/貸借対照表/資産の部/流動資産/販売用不動産,販売用不動産,jpfr-t-cte_RealEstateForSale,0,0,0
/貸借対照表/資産の部/流動資産/仕掛販売用不動産,仕掛販売用不動産,jpfr-t-cte_RealEstateForSaleInProcess,0,0,0
/貸借対照表/資産の部/流動資産/開発事業等支出金,開発事業等支出金,jpfr-t-cte_DevelopmentProjectsInProgress,0,0,0
/貸借対照表/資産の部/流動資産/不動産事業支出金,不動産事業支出金,jpfr-t-cte_CostsOnRealEstateBusiness,0,0,0
/貸借対照表/資産の部/流動資産/未成業務支出金,未成業務支出金,jpfr-t-cte_CostsOnUncompletedServices,0,0,0
/貸借対照表/資産の部/流動資産/分譲土地建物,分譲土地建物,jpfr-t-cte_LandAndBuildingsForSaleInLots,0,0,0
/貸借対照表/資産の部/流動資産/分譲土地,分譲土地,jpfr-t-cte_LandForSaleInLots,0,0,0
/貸借対照表/資産の部/流動資産/割賦売掛金,割賦売掛金,jpfr-t-cte_AccountsReceivableInstallment,0,0,0
/貸借対照表/資産の部/流動資産/開発事業未収入金,開発事業未収入金,jpfr-t-cte_AccountsReceivableDevelopmentBusiness,0,0,0
/貸借対照表/資産の部/流動資産/不動産事業未収入金,不動産事業未収入金,jpfr-t-cte_AccountsReceivableRealEstateBusiness,0,0,0
/貸借対照表/資産の部/流動資産/完成業務未収入金,完成業務未収入金,jpfr-t-cte_AccountsReceivableCompletedOperation,0,0,0
/貸借対照表/資産の部/流動資産/加盟店貸勘定,加盟店貸勘定,jpfr-t-cte_AccountsReceivableDueFromFranchisedStores,0,0,0
/貸借対照表/資産の部/流動資産/受取手形及び営業未収入金,受取手形及び営業未収入金,jpfr-t-cte_NotesAndOperatingAccountsReceivableCA,0,0,0
/貸借対照表/資産の部/流動資産/営業未収入金,営業未収入金,jpfr-t-cte_OperatingAccountsReceivableCA,0,0,0
/貸借対照表/資産の部/流動資産/電子記録債権,電子記録債権,jpfr-t-cte_ElectronicallyRecordedMonetaryClaimsOperatingCA,0,0,0
/貸借対照表/資産の部/流動資産/営業貸付金,営業貸付金,jpfr-t-cte_OperatingLoansCA,0,0,0
/貸借対照表/資産の部/流動資産/親会社株式,親会社株式、流動資産,jpfr-t-cte_StocksOfParentCompanyCA,0,0,0
/貸借対照表/資産の部/流動資産/金銭の信託,金銭の信託,jpfr-t-cte_MoneyHeldInTrustCA,0,0,0
/貸借対照表/資産の部/流動資産/営業投資有価証券,営業投資有価証券、流動資産,jpfr-t-cte_OperationalInvestmentSecuritiesCA,0,0,0
/貸借対照表/資産の部/流動資産/デリバティブ債権,デリバティブ債権、流動資産,jpfr-t-cte_DerivativesCA,0,0,0
/貸借対照表/資産の部/流動資産/デリバティブ債権/為替予約,為替予約、流動資産,jpfr-t-cte_ForwardExchangeContractsCA,0,0,0
/貸借対照表/資産の部/流動資産/デリバティブ債権/金利スワップ資産,金利スワップ資産、流動資産,jpfr-t-cte_InterestRateSwapAssetsCA,0,0,0
/貸借対照表/資産の部/流動資産/デリバティブ債権/金利スワップ,金利スワップ、流動資産,jpfr-t-cte_InterestRateSwapCA,0,0,0
/貸借対照表/資産の部/流動資産/デリバティブ債権/買建通貨オプション,買建通貨オプション、流動資産,jpfr-t-cte_PurchasedCurrencyOptionCA,0,0,0
/貸借対照表/資産の部/流動資産/デリバティブ債権/通貨オプション,通貨オプション、流動資産,jpfr-t-cte_CurrencyOptionCA,0,0,0
/貸借対照表/資産の部/流動資産/デリバティブ債権/オプション資産,オプション資産、流動資産,jpfr-t-cte_OptionCA,0,0,0
/貸借対照表/資産の部/流動資産/前払年金費用,前払年金費用、流動資産,jpfr-t-cte_PrepaidPensionCostCA,0,0,0
/貸借対照表/資産の部/流動資産/流動資産に属する資産に係る引当金,流動資産に属する資産に係る引当金,jpfr-t-cte_AllowanceCurrentAssetsAbstract,0,0,0
/貸借対照表/資産の部/流動資産/流動資産に属する資産に係る引当金/貸倒引当金,貸倒引当金、流動資産、一括控除,jpfr-t-cte_AllowanceForDoubtfulAccountsCA,0,0,0
/貸借対照表/資産の部/流動資産/寄託有価証券,寄託有価証券,jpfr-t-cte_SecuritiesInDepositCA,0,0,0
/貸借対照表/資産の部/流動資産/商業手形,商業手形,jpfr-t-cte_CommercialNotesCA,0,0,0
/貸借対照表/資産の部/流動資産/貸借取引貸付金,貸借取引貸付金,jpfr-t-cte_LoansOnMarginTransactionCA,0,0,0
/貸借対照表/資産の部/流動資産/一般貸付金,一般貸付金,jpfr-t-cte_GeneralLoansCA,0,0,0
/貸借対照表/資産の部/流動資産/公社債貸付金,公社債貸付金,jpfr-t-cte_BondFinancingCA,0,0,0
/貸借対照表/資産の部/流動資産/貸付有価証券,貸付有価証券,jpfr-t-cte_SecuritiesLentCA,0,0,0
/貸借対照表/資産の部/流動資産/借入有価証券代り金,借入有価証券代り金,jpfr-t-cte_CollateralMoneyForSecuritiesBorrowedCA,0,0,0
/貸借対照表/資産の部/流動資産/買取債権,買取債権,jpfr-t-cte_PurchasedReceivablesCA,0,0,0
/貸借対照表/資産の部/流動資産/前払金,前払金,jpfr-t-cte_AdvancePaymentsOther,0,0,0
/貸借対照表/資産の部/流動資産/前渡金,前渡金,jpfr-t-cte_AdvancePaymentsTrade,0,0,0
/貸借対照表/資産の部/流動資産/前払費用,前払費用,jpfr-t-cte_PrepaidExpenses,0,0,0
/貸借対照表/資産の部/流動資産/繰延税金資産,繰延税金資産、流動資産,jpfr-t-cte_DeferredTaxAssetsCA,0,0,0
/貸借対照表/資産の部/流動資産/未収収益,未収収益,jpfr-t-cte_AccruedIncome,0,0,0
/貸借対照表/資産の部/流動資産/未収収益/未収利息,未収利息,jpfr-t-cte_AccruedInterest,0,0,0
/貸借対照表/資産の部/流動資産/その他の前払費用,その他の前払費用,jpfr-etax-t-cte_OtherPrepaidExpenses,0,0,0
/貸借対照表/資産の部/流動資産/その他の未収収益,その他の未収収益,jpfr-etax-t-cte_AccruedIncomeOther,0,0,0
/貸借対照表/資産の部/流動資産/医業外受取手形,医業外受取手形、流動資産,jpfr-etax-t-cte_NotesReceivableNonMedical,0,0,0
/貸借対照表/資産の部/流動資産/仮払消費税等,仮払消費税等,jpfr-etax-t-cte_SuspenseAccountPaymentConsumptionTaxes,0,0,0
/貸借対照表/資産の部/流動資産/不渡手形,不渡手形,jpfr-etax-t-cte_DishonoredDraft,0,0,0
/貸借対照表/資産の部/流動資産/その他の資産で1年内に現金化できると認められるもの,その他の資産で1年内に現金化できると認められるもの,jpfr-t-cte_OtherAssetsEncashedWithinOneYearAbstract,0,0,0
/貸借対照表/資産の部/流動資産/その他の資産で1年内に現金化できると認められるもの/株主、役員又は従業員に対する短期債権,株主、役員又は従業員に対する短期債権,jpfr-t-cte_ShortTermClaimsOnShareholdersDirectorsOrEmployees,0,0,0
/貸借対照表/資産の部/流動資産/その他の資産で1年内に現金化できると認められるもの/株主、役員又は従業員に対する短期債権/貸倒引当金,貸倒引当金、株主、役員又は従業員に対する短期債権,jpfr-t-cte_AllowanceForDoubtfulAccountsShortTermClaimsOnShareholdersDirectorsOrEmployees,0,0,0
/貸借対照表/資産の部/流動資産/その他の資産で1年内に現金化できると認められるもの/株主、役員又は従業員に対する短期債権/株主、役員又は従業員に対する短期債権（純額）,株主、役員又は従業員に対する短期債権（純額）,jpfr-t-cte_ShortTermClaimsOnShareholdersDirectorsOrEmployeesNet,0,0,0
/貸借対照表/資産の部/流動資産/その他の資産で1年内に現金化できると認められるもの/短期貸付金,短期貸付金,jpfr-t-cte_ShortTermLoansReceivable,0,0,0
/貸借対照表/資産の部/流動資産/その他の資産で1年内に現金化できると認められるもの/短期貸付金/貸倒引当金,貸倒引当金、短期貸付金,jpfr-t-cte_AllowanceForDoubtfulAccountsShortTermLoans,0,0,0
/貸借対照表/資産の部/流動資産/その他の資産で1年内に現金化できると認められるもの/短期貸付金/短期貸付金（純額）,短期貸付金（純額）,jpfr-t-cte_ShortTermLoansReceivableNet,0,0,0
/貸借対照表/資産の部/流動資産/その他の資産で1年内に現金化できると認められるもの/関係会社短期貸付金,関係会社短期貸付金,jpfr-t-cte_ShortTermLoansReceivableToSubsidiariesAndAffiliates,0,0,0
/貸借対照表/資産の部/流動資産/その他の資産で1年内に現金化できると認められるもの/関係会社短期貸付金/貸倒引当金,貸倒引当金、関係会社短期貸付金,jpfr-t-cte_AllowanceForDoubtfulAccountsShortTermLoansReceivableFromSubsidiariesAndAffiliates,0,0,0
/貸借対照表/資産の部/流動資産/その他の資産で1年内に現金化できると認められるもの/関係会社短期貸付金/関係会社短期貸付金（純額）,関係会社短期貸付金（純額）,jpfr-t-cte_ShortTermLoansReceivableToSubsidiariesAndAffiliatesNet,0,0,0
/貸借対照表/資産の部/流動資産/その他の資産で1年内に現金化できると認められるもの/未収入金,未収入金,jpfr-t-cte_AccountsReceivableOther,1,0,0
/貸借対照表/資産の部/流動資産/その他の資産で1年内に現金化できると認められるもの/未収入金,未収金,jpfr-t-cte_AccountsReceivableOther,1,0,0
/貸借対照表/資産の部/流動資産/その他の資産で1年内に現金化できると認められるもの/関係会社未収入金,関係会社未収入金,jpfr-t-cte_AccountsReceivableOtherFromSubsidiariesAndAffiliates,0,0,0
/貸借対照表/資産の部/流動資産/その他の資産で1年内に現金化できると認められるもの/未収消費税等,未収消費税等,jpfr-t-cte_ConsumptionTaxesReceivable,0,0,0
/貸借対照表/資産の部/流動資産/その他の資産で1年内に現金化できると認められるもの/未収還付法人税等,未収還付法人税等,jpfr-t-cte_IncomeTaxesReceivable,0,0,0
/貸借対照表/資産の部/流動資産/その他の資産で1年内に現金化できると認められるもの/営業外受取手形,営業外受取手形,jpfr-t-cte_NonOperatingNotesReceivable,0,0,0
/貸借対照表/資産の部/流動資産/その他の資産で1年内に現金化できると認められるもの/営業外電子記録債権,営業外電子記録債権,jpfr-t-cte_ElectronicallyRecordedMonetaryClaimsNonOperatingCA,0,0,0
/貸借対照表/資産の部/流動資産/その他の資産で1年内に現金化できると認められるもの/1年内回収予定の長期貸付金,1年内回収予定の長期貸付金,jpfr-t-cte_CurrentPortionOfLongTermLoansReceivable,0,0,0
/貸借対照表/資産の部/流動資産/その他の資産で1年内に現金化できると認められるもの/1年内回収予定の関係会社長期貸付金,1年内回収予定の関係会社長期貸付金,jpfr-t-cte_CurrentPortionOfLongTermLoansReceivableFromSubsidiariesAndAffiliates,0,0,0
/貸借対照表/資産の部/流動資産/その他の資産で1年内に現金化できると認められるもの/1年内回収予定の差入保証金,1年内回収予定の差入保証金,jpfr-t-cte_CurrentPortionOfGuaranteeDeposits,0,0,0
/貸借対照表/資産の部/流動資産/その他の資産で1年内に現金化できると認められるもの/その他の未収入金,その他の未収入金,jpfr-t-cte_OtherAccountsReceivable,0,0,0
/貸借対照表/資産の部/流動資産/その他の資産で1年内に現金化できると認められるもの/関係会社預け金,関係会社預け金,jpfr-t-cte_DepositPaidInSubsidiariesAndAffiliates,0,0,0
/貸借対照表/資産の部/流動資産/その他の資産で1年内に現金化できると認められるもの/関係会社短期債権,関係会社短期債権,jpfr-t-cte_ShortTermReceivablesFromSubsidiariesAndAffiliates,0,0,0
/貸借対照表/資産の部/流動資産/その他の資産で1年内に現金化できると認められるもの/金銭債権信託受益権,金銭債権信託受益権,jpfr-t-cte_BeneficiaryRightOfAccountsReceivableInTrust,0,0,0
/貸借対照表/資産の部/流動資産/その他の資産で1年内に現金化できると認められるもの/差入保証金,差入保証金、流動資産,jpfr-t-cte_GuaranteeDepositsCA,0,0,0
/貸借対照表/資産の部/流動資産/その他の資産で1年内に現金化できると認められるもの/従業員に対する短期債権,従業員に対する短期債権,jpfr-t-cte_ShortTermClaimsOnEmployees,0,0,0
/貸借対照表/資産の部/流動資産/その他の資産で1年内に現金化できると認められるもの/従業員に対する短期貸付金,従業員に対する短期貸付金,jpfr-t-cte_ShortTermLoansToEmployees,1,0,0
/貸借対照表/資産の部/流動資産/その他の資産で1年内に現金化できると認められるもの/従業員に対する短期貸付金,従業員短期貸付金,jpfr-t-cte_ShortTermLoansToEmployees,1,0,0
/貸借対照表/資産の部/流動資産/その他の資産で1年内に現金化できると認められるもの/信託受益権,信託受益権、流動資産,jpfr-t-cte_TrustBeneficiaryRightCA,0,0,0
/貸借対照表/資産の部/流動資産/その他の資産で1年内に現金化できると認められるもの/立替金,立替金,jpfr-t-cte_AdvancesPaid,0,0,0
/貸借対照表/資産の部/流動資産/その他の資産で1年内に現金化できると認められるもの/仮払金,仮払金,jpfr-t-cte_SuspensePayments,0,0,0
/貸借対照表/資産の部/流動資産/その他の資産で1年内に現金化できると認められるもの/預け金,預け金,jpfr-t-cte_DepositsPaid,0,0,0
/貸借対照表/資産の部/流動資産/未収入金,未収入金,jpfr-t-cte_AccountsReceivableOther,1,0,0
/貸借対照表/資産の部/流動資産/未収入金,未収金,jpfr-t-cte_AccountsReceivableOther,1,0,0
/貸借対照表/資産の部/流動資産/その他,その他、流動資産,jpfr-t-cte_OtherCA,0,0,0
/貸借対照表/資産の部/流動資産/流動資産合計,流動資産合計,jpfr-t-cte_CurrentAssets,0,0,0
/貸借対照表/資産の部/固定資産,固定資産,jpfr-t-cte_NoncurrentAssetsAbstract,0,0,0
/貸借対照表/資産の部/固定資産/有形固定資産,有形固定資産、タイトル項目,jpfr-t-cte_PropertyPlantAndEquipmentAbstract,0,0,0
/貸借対照表/資産の部/固定資産/有形固定資産/建物,建物,jpfr-t-cte_Buildings,1,0,0
/貸借対照表/資産の部/固定資産/有形固定資産/建物,建　　物,jpfr-t-cte_Buildings,1,0,0
/貸借対照表/資産の部/固定資産/有形固定資産/建物/減価償却累計額,減価償却累計額、建物,jpfr-t-cte_AccumulatedDepreciationBuildings,0,0,0
/貸借対照表/資産の部/固定資産/有形固定資産/建物/減損損失累計額,減損損失累計額、建物,jpfr-t-cte_AccumulatedImpairmentLossBuildings,0,0,0
/貸借対照表/資産の部/固定資産/有形固定資産/建物/減価償却累計額及び減損損失累計額,減価償却累計額及び減損損失累計額、建物,jpfr-t-cte_AccumulatedDepreciationAndImpairmentLossBuildings,0,0,0
/貸借対照表/資産の部/固定資産/有形固定資産/建物/建物（純額）,建物（純額）,jpfr-t-cte_BuildingsNet,0,0,0
/貸借対照表/資産の部/固定資産/有形固定資産/建物附属設備,建物附属設備,jpfr-t-cte_BuildingsAndAccompanyingFacilities,1,0,0
/貸借対照表/資産の部/固定資産/有形固定資産/建物附属設備,建物･付属設備,jpfr-t-cte_BuildingsAndAccompanyingFacilities,1,0,0
/貸借対照表/資産の部/固定資産/有形固定資産/建物附属設備,建物付属設備,jpfr-t-cte_BuildingsAndAccompanyingFacilities,1,0,0
/貸借対照表/資産の部/固定資産/有形固定資産/建物附属設備,建物付属設備・造作,jpfr-t-cte_BuildingsAndAccompanyingFacilities,1,0,0
/貸借対照表/資産の部/固定資産/有形固定資産/建物附属設備/減価償却累計額,減価償却累計額、建物附属設備,jpfr-t-cte_AccumulatedDepreciationBuildingsAndAccompanyingFacilities,0,0,0
/貸借対照表/資産の部/固定資産/有形固定資産/建物附属設備/減損損失累計額,減損損失累計額、建物附属設備,jpfr-t-cte_AccumulatedImpairmentLossBuildingsAndAccompanyingFacilities,0,0,0
/貸借対照表/資産の部/固定資産/有形固定資産/建物附属設備/減価償却累計額及び減損損失累計額,減価償却累計額及び減損損失累計額、建物附属設備,jpfr-t-cte_AccumulatedDepreciationAndImpairmentLossBuildingsAndAccompanyingFacilities,0,0,0
/貸借対照表/資産の部/固定資産/有形固定資産/建物附属設備/建物附属設備（純額）,建物附属設備（純額）,jpfr-t-cte_BuildingsAndAccompanyingFacilitiesNet,0,0,0
/貸借対照表/資産の部/固定資産/有形固定資産/構築物,構築物,jpfr-t-cte_Structures,0,0,0
/貸借対照表/資産の部/固定資産/有形固定資産/構築物/減価償却累計額,減価償却累計額、構築物,jpfr-t-cte_AccumulatedDepreciationStructures,0,0,0
/貸借対照表/資産の部/固定資産/有形固定資産/構築物/減損損失累計額,減損損失累計額、構築物,jpfr-t-cte_AccumulatedImpairmentLossStructures,0,0,0
/貸借対照表/資産の部/固定資産/有形固定資産/構築物/減価償却累計額及び減損損失累計額,減価償却累計額及び減損損失累計額、構築物,jpfr-t-cte_AccumulatedDepreciationAndImpairmentLossStructures,0,0,0
/貸借対照表/資産の部/固定資産/有形固定資産/構築物/構築物（純額）,構築物（純額）,jpfr-t-cte_StructuresNet,0,0,0
/貸借対照表/資産の部/固定資産/有形固定資産/建物及び構築物,建物及び構築物,jpfr-t-cte_BuildingsAndStructures,0,0,0
/貸借対照表/資産の部/固定資産/有形固定資産/建物及び構築物/減価償却累計額,減価償却累計額、建物及び構築物,jpfr-t-cte_AccumulatedDepreciationBuildingsAndStructures,0,0,0
/貸借対照表/資産の部/固定資産/有形固定資産/建物及び構築物/減損損失累計額,減損損失累計額、建物及び構築物,jpfr-t-cte_AccumulatedImpairmentLossBuildingsAndStructures,0,0,0
/貸借対照表/資産の部/固定資産/有形固定資産/建物及び構築物/減価償却累計額及び減損損失累計額,減価償却累計額及び減損損失累計額、建物及び構築物,jpfr-t-cte_AccumulatedDepreciationAndImpairmentLossBuildingsAndStructures,0,0,0
/貸借対照表/資産の部/固定資産/有形固定資産/建物及び構築物/建物及び構築物（純額）,建物及び構築物（純額）,jpfr-t-cte_BuildingsAndStructuresNet,0,0,0
/貸借対照表/資産の部/固定資産/有形固定資産/機械及び装置,機械及び装置,jpfr-t-cte_MachineryAndEquipment,1,0,0
/貸借対照表/資産の部/固定資産/有形固定資産/機械及び装置,機械・装置,jpfr-t-cte_MachineryAndEquipment,1,0,0
/貸借対照表/資産の部/固定資産/有形固定資産/機械及び装置,機械装置,jpfr-t-cte_MachineryAndEquipment,1,0,0
/貸借対照表/資産の部/固定資産/有形固定資産/機械及び装置/減価償却累計額,減価償却累計額、機械及び装置,jpfr-t-cte_AccumulatedDepreciationMachineryAndEquipment,0,0,0
/貸借対照表/資産の部/固定資産/有形固定資産/機械及び装置/減損損失累計額,減損損失累計額、機械及び装置,jpfr-t-cte_AccumulatedImpairmentLossMachineryAndEquipment,0,0,0
/貸借対照表/資産の部/固定資産/有形固定資産/機械及び装置/減価償却累計額及び減損損失累計額,減価償却累計額及び減損損失累計額、機械及び装置,jpfr-t-cte_AccumulatedDepreciationAndImpairmentLossMachineryAndEquipment,0,0,0
/貸借対照表/資産の部/固定資産/有形固定資産/機械及び装置/機械及び装置（純額）,機械及び装置（純額）,jpfr-t-cte_MachineryAndEquipmentNet,0,0,0
/貸借対照表/資産の部/固定資産/有形固定資産/機械装置及び運搬具,機械装置及び運搬具,jpfr-t-cte_MachineryEquipmentAndVehicles,0,0,0
/貸借対照表/資産の部/固定資産/有形固定資産/機械装置及び運搬具/減価償却累計額,減価償却累計額、機械装置及び運搬具,jpfr-t-cte_AccumulatedDepreciationMachineryEquipmentAndVehicles,0,0,0
/貸借対照表/資産の部/固定資産/有形固定資産/機械装置及び運搬具/減損損失累計額,減損損失累計額、機械装置及び運搬具,jpfr-t-cte_AccumulatedImpairmentLossMachineryEquipmentAndVehicles,0,0,0
/貸借対照表/資産の部/固定資産/有形固定資産/機械装置及び運搬具/減価償却累計額及び減損損失累計額,減価償却累計額及び減損損失累計額、機械装置及び運搬具,jpfr-t-cte_AccumulatedDepreciationAndImpairmentLossMachineryEquipmentAndVehicles,0,0,0
/貸借対照表/資産の部/固定資産/有形固定資産/機械装置及び運搬具/機械装置及び運搬具（純額）,機械装置及び運搬具（純額）,jpfr-t-cte_MachineryEquipmentAndVehiclesNet,0,0,0
/貸借対照表/資産の部/固定資産/有形固定資産/船舶,船舶,jpfr-t-cte_Vessels,0,0,0
/貸借対照表/資産の部/固定資産/有形固定資産/船舶/減価償却累計額,減価償却累計額、船舶,jpfr-t-cte_AccumulatedDepreciationVessels,0,0,0
/貸借対照表/資産の部/固定資産/有形固定資産/船舶/減損損失累計額,減損損失累計額、船舶,jpfr-t-cte_AccumulatedImpairmentLossVessels,0,0,0
/貸借対照表/資産の部/固定資産/有形固定資産/船舶/減価償却累計額及び減損損失累計額,減価償却累計額及び減損損失累計額、船舶,jpfr-t-cte_AccumulatedDepreciationAndImpairmentLossVessels,0,0,0
/貸借対照表/資産の部/固定資産/有形固定資産/船舶/船舶（純額）,船舶（純額）,jpfr-t-cte_VesselsNet,0,0,0
/貸借対照表/資産の部/固定資産/有形固定資産/車両運搬具,車両運搬具,jpfr-t-cte_Vehicles,1,0,0
/貸借対照表/資産の部/固定資産/有形固定資産/車両運搬具,車両・運搬具,jpfr-t-cte_Vehicles,1,0,0
/貸借対照表/資産の部/固定資産/有形固定資産/車両運搬具,車両,jpfr-t-cte_Vehicles,1,0,0
/貸借対照表/資産の部/固定資産/有形固定資産/車両運搬具,車両及び運搬具,jpfr-t-cte_Vehicles,1,0,0
/貸借対照表/資産の部/固定資産/有形固定資産/車両運搬具,車輌,jpfr-t-cte_Vehicles,1,0,0
/貸借対照表/資産の部/固定資産/有形固定資産/車両運搬具,車輌・運搬具,jpfr-t-cte_Vehicles,1,0,0
/貸借対照表/資産の部/固定資産/有形固定資産/車両運搬具,車輛運搬具,jpfr-t-cte_Vehicles,1,0,0
/貸借対照表/資産の部/固定資産/有形固定資産/車両運搬具,車両運搬具(自),jpfr-t-cte_Vehicles,1,0,0
/貸借対照表/資産の部/固定資産/有形固定資産/車両運搬具/減価償却累計額,減価償却累計額、車両運搬具,jpfr-t-cte_AccumulatedDepreciationVehicles,0,0,0
/貸借対照表/資産の部/固定資産/有形固定資産/車両運搬具/減損損失累計額,減損損失累計額、車両運搬具,jpfr-t-cte_AccumulatedImpairmentLossVehicles,0,0,0
/貸借対照表/資産の部/固定資産/有形固定資産/車両運搬具/減価償却累計額及び減損損失累計額,減価償却累計額及び減損損失累計額、車両運搬具,jpfr-t-cte_AccumulatedDepreciationAndImpairmentLossVehicles,0,0,0
/貸借対照表/資産の部/固定資産/有形固定資産/車両運搬具/車両運搬具（純額）,車両運搬具（純額）,jpfr-t-cte_VehiclesNet,0,0,0
/貸借対照表/資産の部/固定資産/有形固定資産/車両及び船舶,車両及び船舶,jpfr-etax-t-cte_VehiclesVessels,0,0,0
/貸借対照表/資産の部/固定資産/有形固定資産/車両運搬具及び工具器具備品,車両運搬具及び工具器具備品,jpfr-t-cte_VehiclesToolsFurnitureAndFixtures,0,0,0
/貸借対照表/資産の部/固定資産/有形固定資産/車両運搬具及び工具器具備品/減価償却累計額,減価償却累計額、車両運搬具及び工具器具備品,jpfr-t-cte_AccumulatedDepreciationVehiclesToolsFurnitureAndFixtures,0,0,0
/貸借対照表/資産の部/固定資産/有形固定資産/車両運搬具及び工具器具備品/減損損失累計額,減損損失累計額、車両運搬具及び工具器具備品,jpfr-t-cte_AccumulatedImpairmentLossVehiclesToolsFurnitureAndFixtures,0,0,0
/貸借対照表/資産の部/固定資産/有形固定資産/車両運搬具及び工具器具備品/減価償却累計額及び減損損失累計額,減価償却累計額及び減損損失累計額、車両運搬具及び工具器具備品,jpfr-t-cte_AccumulatedDepreciationAndImpairmentLossVehiclesToolsFurnitureAndFixtures,0,0,0
/貸借対照表/資産の部/固定資産/有形固定資産/車両運搬具及び工具器具備品/車両運搬具及び工具器具備品（純額）,車両運搬具及び工具器具備品（純額）,jpfr-t-cte_VehiclesToolsFurnitureAndFixturesNet,0,0,0
/貸借対照表/資産の部/固定資産/有形固定資産/工具、器具及び備品,工具、器具及び備品,jpfr-t-cte_ToolsFurnitureAndFixtures,1,0,0
/貸借対照表/資産の部/固定資産/有形固定資産/工具、器具及び備品,工具・器具・備品,jpfr-t-cte_ToolsFurnitureAndFixtures,1,0,0
/貸借対照表/資産の部/固定資産/有形固定資産/工具、器具及び備品,工具器具備品,jpfr-t-cte_ToolsFurnitureAndFixtures,1,0,0
/貸借対照表/資産の部/固定資産/有形固定資産/工具、器具及び備品,工具器具及び備品,jpfr-t-cte_ToolsFurnitureAndFixtures,1,0,0
/貸借対照表/資産の部/固定資産/有形固定資産/工具、器具及び備品/減価償却累計額,減価償却累計額、工具、器具及び備品,jpfr-t-cte_AccumulatedDepreciationToolsFurnitureAndFixtures,0,0,0
/貸借対照表/資産の部/固定資産/有形固定資産/工具、器具及び備品/減損損失累計額,減損損失累計額、工具、器具及び備品,jpfr-t-cte_AccumulatedImpairmentLossToolsFurnitureAndFixtures,0,0,0
/貸借対照表/資産の部/固定資産/有形固定資産/工具、器具及び備品/減価償却累計額及び減損損失累計額,減価償却累計額及び減損損失累計額、工具、器具及び備品,jpfr-t-cte_AccumulatedDepreciationAndImpairmentLossToolsFurnitureAndFixtures,0,0,0
/貸借対照表/資産の部/固定資産/有形固定資産/工具、器具及び備品/工具、器具及び備品（純額）,工具、器具及び備品（純額）,jpfr-t-cte_ToolsFurnitureAndFixturesNet,0,0,0
/貸借対照表/資産の部/固定資産/有形固定資産/工具,工具,jpfr-etax-t-cte_ToolsGross,0,0,0
/貸借対照表/資産の部/固定資産/有形固定資産/工具/減価償却累計額,減価償却累計額、工具,jpfr-etax-t-cte_ToolsAccumulatedDepreciation,0,0,0
/貸借対照表/資産の部/固定資産/有形固定資産/工具/減損損失累計額,減損損失累計額、工具,jpfr-etax-t-cte_ToolsAccumulatedImpairment,0,0,0
/貸借対照表/資産の部/固定資産/有形固定資産/工具/減価償却累計額及び減損損失累計額,減価償却累計額及び減損損失累計額、工具,jpfr-etax-t-cte_AccumulatedDepreciationAndImpairmentTools,0,0,0
/貸借対照表/資産の部/固定資産/有形固定資産/工具/工具(純額),工具(純額),jpfr-etax-t-cte_ToolsNet,0,0,0
/貸借対照表/資産の部/固定資産/有形固定資産/機械、運搬具及び工具器具備品,機械、運搬具及び工具器具備品,jpfr-t-cte_MachineryVehiclesToolsFurnitureAndFixtures,1,0,0
/貸借対照表/資産の部/固定資産/有形固定資産/機械、運搬具及び工具器具備品,機械・器具,jpfr-t-cte_MachineryVehiclesToolsFurnitureAndFixtures,1,0,0
/貸借対照表/資産の部/固定資産/有形固定資産/機械、運搬具及び工具器具備品/減価償却累計額,減価償却累計額、機械、運搬具及び工具器具備品,jpfr-t-cte_AccumulatedDepreciationMachineryVehiclesToolsFurnitureAndFixtures,0,0,0
/貸借対照表/資産の部/固定資産/有形固定資産/機械、運搬具及び工具器具備品/減損損失累計額,減損損失累計額、機械、運搬具及び工具器具備品,jpfr-t-cte_AccumulatedImpairmentLossMachineryVehiclesToolsFurnitureAndFixtures,0,0,0
/貸借対照表/資産の部/固定資産/有形固定資産/機械、運搬具及び工具器具備品/減価償却累計額及び減損損失累計額,減価償却累計額及び減損損失累計額、機械、運搬具及び工具器具備品,jpfr-t-cte_AccumulatedDepreciationAndImpairmentLossMachineryVehiclesToolsFurnitureAndFixtures,0,0,0
/貸借対照表/資産の部/固定資産/有形固定資産/機械、運搬具及び工具器具備品/機械、運搬具及び工具器具備品（純額）,機械、運搬具及び工具器具備品（純額）,jpfr-t-cte_MachineryVehiclesToolsFurnitureAndFixturesNet,0,0,0
/貸借対照表/資産の部/固定資産/有形固定資産/器具備品,器具備品,jpfr-etax-t-cte_FurnitureFixturesGross,1,0,0
/貸借対照表/資産の部/固定資産/有形固定資産/器具備品,器具・備品,jpfr-etax-t-cte_FurnitureFixturesGross,1,0,0
/貸借対照表/資産の部/固定資産/有形固定資産/器具備品,器具 備品,jpfr-etax-t-cte_FurnitureFixturesGross,1,0,0
/貸借対照表/資産の部/固定資産/有形固定資産/器具備品,器具及び備品,jpfr-etax-t-cte_FurnitureFixturesGross,1,0,0
/貸借対照表/資産の部/固定資産/有形固定資産/器具備品/減価償却累計額,減価償却累計額、器具備品,jpfr-etax-t-cte_FurnitureFixturesAccumulatedDepreciation,0,0,0
/貸借対照表/資産の部/固定資産/有形固定資産/器具備品/減損損失累計額,減損損失累計額、器具備品,jpfr-etax-t-cte_FurnitureFixturesAccumulatedImpairment,0,0,0
/貸借対照表/資産の部/固定資産/有形固定資産/器具備品/減価償却累計額及び減損損失累計額,減価償却累計額及び減損損失累計額、器具備品,jpfr-etax-t-cte_AccumulatedDepreciationAndImpairmentFurnitureFixtures,0,0,0
/貸借対照表/資産の部/固定資産/有形固定資産/器具備品/器具備品(純額),器具備品(純額),jpfr-etax-t-cte_FurnitureFixturesNet,0,0,0
/貸借対照表/資産の部/固定資産/有形固定資産/医療用器械備品,医療用器械備品,jpfr-etax-t-cte_MedicalEquipmentFurnishings,0,0,0
/貸借対照表/資産の部/固定資産/有形固定資産/放射性同位元素,放射性同位元素,jpfr-etax-t-cte_Radioisotope,0,0,0
/貸借対照表/資産の部/固定資産/有形固定資産/一括償却資産,一括償却資産,jpfr-etax-t-cte_LumpsumDepreciableAssetsGross,0,0,0
/貸借対照表/資産の部/固定資産/有形固定資産/一括償却資産/減価償却累計額,減価償却累計額、一括償却資産,jpfr-etax-t-cte_LumpsumDepreciableAssetsAccumulatedDepreciation,0,0,0
/貸借対照表/資産の部/固定資産/有形固定資産/一括償却資産/減価償却累計額及び減損損失累計額,減価償却累計額及び減損損失累計額、一括償却資産,jpfr-etax-t-cte_AccumulatedDepreciationAndImpairmentLumpsumDepreciableAssets,0,0,0
/貸借対照表/資産の部/固定資産/有形固定資産/一括償却資産/一括償却資産(純額),一括償却資産(純額),jpfr-etax-t-cte_LumpsumDepreciableAssetsNet,0,0,0
/貸借対照表/資産の部/固定資産/有形固定資産/リース資産,リース資産、有形固定資産,jpfr-t-cte_LeaseAssetsPPE,0,0,0
/貸借対照表/資産の部/固定資産/有形固定資産/リース資産/減価償却累計額,減価償却累計額、リース資産、有形固定資産,jpfr-t-cte_AccumulatedDepreciationLeaseAssetsPPE,0,0,0
/貸借対照表/資産の部/固定資産/有形固定資産/リース資産/減損損失累計額,減損損失累計額、リース資産、有形固定資産,jpfr-t-cte_AccumulatedImpairmentLossLeaseAssetsPPE,0,0,0
/貸借対照表/資産の部/固定資産/有形固定資産/リース資産/減価償却累計額及び減損損失累計額,減価償却累計額及び減損損失累計額、リース資産、有形固定資産,jpfr-t-cte_AccumulatedDepreciationAndImpairmentLossLeaseAssetsPPE,0,0,0
/貸借対照表/資産の部/固定資産/有形固定資産/リース資産/リース資産（純額）,リース資産（純額）,jpfr-t-cte_LeaseAssetsNetPPE,0,0,0
/貸借対照表/資産の部/固定資産/有形固定資産/土地,土地,jpfr-t-cte_Land,0,0,0
/貸借対照表/資産の部/固定資産/有形固定資産/その他の非減価償却資産,その他の非減価償却資産,jpfr-etax-t-cte_NonDepreciableAssetsOther,0,0,0
/貸借対照表/資産の部/固定資産/有形固定資産/建設仮勘定,建設仮勘定,jpfr-t-cte_ConstructionInProgress,0,0,0
/貸借対照表/資産の部/固定資産/有形固定資産/その他,その他、有形固定資産,jpfr-t-cte_OtherPPE,0,0,0
/貸借対照表/資産の部/固定資産/有形固定資産/その他/減価償却累計額,減価償却累計額、その他、有形固定資産,jpfr-t-cte_AccumulatedDepreciationOtherPPE,0,0,0
/貸借対照表/資産の部/固定資産/有形固定資産/その他/減損損失累計額,減損損失累計額、その他、有形固定資産,jpfr-t-cte_AccumulatedImpairmentLossOtherPPE,0,0,0
/貸借対照表/資産の部/固定資産/有形固定資産/その他/減価償却累計額及び減損損失累計額,減価償却累計額及び減損損失累計額、その他、有形固定資産,jpfr-t-cte_AccumulatedDepreciationAndImpairmentLossOtherPPE,0,0,0
/貸借対照表/資産の部/固定資産/有形固定資産/その他/その他（純額）,その他（純額）,jpfr-t-cte_OtherNetPPE,0,0,0
/貸借対照表/資産の部/固定資産/有形固定資産/その他の有形固定資産で流動資産または投資たる資産に属しないもの,その他の有形固定資産で流動資産または投資たる資産に属しないもの,jpfr-t-cte_OtherTangibleAssetsNotCurrentOrInvestmentsAbstract,0,0,0
/貸借対照表/資産の部/固定資産/有形固定資産/その他の有形固定資産で流動資産または投資たる資産に属しないもの/航空機,航空機,jpfr-t-cte_Aircraft,0,0,0
/貸借対照表/資産の部/固定資産/有形固定資産/その他の有形固定資産で流動資産または投資たる資産に属しないもの/航空機/減価償却累計額,減価償却累計額、航空機,jpfr-t-cte_AccumulatedDepreciationAircraft,0,0,0
/貸借対照表/資産の部/固定資産/有形固定資産/その他の有形固定資産で流動資産または投資たる資産に属しないもの/航空機/航空機（純額）,航空機（純額）,jpfr-t-cte_AircraftNet,0,0,0
/貸借対照表/資産の部/固定資産/有形固定資産/その他の有形固定資産で流動資産または投資たる資産に属しないもの/山林,山林,jpfr-t-cte_MountainForests,0,0,0
/貸借対照表/資産の部/固定資産/有形固定資産/その他の有形固定資産で流動資産または投資たる資産に属しないもの/貸与資産,貸与資産,jpfr-t-cte_AssetsForRent,0,0,0
/貸借対照表/資産の部/固定資産/有形固定資産/その他の有形固定資産で流動資産または投資たる資産に属しないもの/貸与資産/減価償却累計額,減価償却累計額、貸与資産,jpfr-t-cte_AccumulatedDepreciationAssetsForRent,0,0,0
/貸借対照表/資産の部/固定資産/有形固定資産/その他の有形固定資産で流動資産または投資たる資産に属しないもの/貸与資産/貸与資産（純額）,貸与資産（純額）,jpfr-t-cte_AssetsForRentNet,0,0,0
/貸借対照表/資産の部/固定資産/有形固定資産/その他の有形固定資産で流動資産または投資たる資産に属しないもの/賃貸不動産,賃貸不動産,jpfr-t-cte_RealEstateForRent,0,0,0
/貸借対照表/資産の部/固定資産/有形固定資産/その他の有形固定資産で流動資産または投資たる資産に属しないもの/賃貸不動産/減価償却累計額,減価償却累計額、賃貸不動産,jpfr-t-cte_AccumulatedDepreciationRealEstateForRent,0,0,0
/貸借対照表/資産の部/固定資産/有形固定資産/その他の有形固定資産で流動資産または投資たる資産に属しないもの/賃貸不動産/賃貸不動産（純額）,賃貸不動産（純額）,jpfr-t-cte_RealEstateForRentNet,0,0,0
/貸借対照表/資産の部/固定資産/有形固定資産/その他の有形固定資産で流動資産または投資たる資産に属しないもの/立木,立木,jpfr-t-cte_TreesPPE,0,0,0
/貸借対照表/資産の部/固定資産/有形固定資産/その他の有形固定資産で流動資産または投資たる資産に属しないもの/その他の設備,その他の設備,jpfr-t-cte_OtherFacilitiesPPE,0,0,0
/貸借対照表/資産の部/固定資産/有形固定資産/その他の有形固定資産で流動資産または投資たる資産に属しないもの/コース勘定,コース勘定,jpfr-t-cte_GolfCourses,0,0,0
/貸借対照表/資産の部/固定資産/有形固定資産/減価償却累計額,減価償却累計額、有形固定資産、一括控除,jpfr-t-cte_AccumulatedDepreciationPPEByGroup,0,0,0
/貸借対照表/資産の部/固定資産/有形固定資産/減損損失累計額,減損損失累計額、有形固定資産、一括控除,jpfr-t-cte_AccumulatedImpairmentLossPPEByGroup,0,0,0
/貸借対照表/資産の部/固定資産/有形固定資産/減価償却累計額及び減損損失累計額,減価償却累計額及び減損損失累計額、有形固定資産、一括控除,jpfr-t-cte_AccumulatedDepreciationAndImpairmentLossPPEByGroup,0,0,0
/貸借対照表/資産の部/固定資産/有形固定資産/有形固定資産合計,有形固定資産合計,jpfr-t-cte_PropertyPlantAndEquipment,0,0,0
/貸借対照表/資産の部/固定資産/無形固定資産,無形固定資産、タイトル項目,jpfr-t-cte_IntangibleAssetsAbstract,0,0,0
/貸借対照表/資産の部/固定資産/無形固定資産/のれん,のれん,jpfr-t-cte_Goodwill,0,0,0
/貸借対照表/資産の部/固定資産/無形固定資産/工業所有権,工業所有権,jpfr-t-cte_IndustrialProperty,0,0,0
/貸借対照表/資産の部/固定資産/無形固定資産/特許権,特許権,jpfr-t-cte_PatentRight,0,0,0
/貸借対照表/資産の部/固定資産/無形固定資産/借地権,借地権,jpfr-t-cte_LeaseholdRight,0,0,0
/貸借対照表/資産の部/固定資産/無形固定資産/商標権,商標権,jpfr-t-cte_RightOfTrademark,0,0,0
/貸借対照表/資産の部/固定資産/無形固定資産/実用新案権,実用新案権,jpfr-t-cte_UtilityModelRight,0,0,0
/貸借対照表/資産の部/固定資産/無形固定資産/意匠権,意匠権,jpfr-t-cte_DesignRight,0,0,0
/貸借対照表/資産の部/固定資産/無形固定資産/鉱業権,鉱業権,jpfr-t-cte_MiningRight,0,0,0
/貸借対照表/資産の部/固定資産/無形固定資産/漁業権,漁業権,jpfr-t-cte_FisheryRight,0,0,0
/貸借対照表/資産の部/固定資産/無形固定資産/ダム使用権,ダム使用権,jpfr-etax-t-cte_RightUseDam,0,0,0
/貸借対照表/資産の部/固定資産/無形固定資産/ソフトウエア,ソフトウエア,jpfr-t-cte_Software,1,0,0
/貸借対照表/資産の部/固定資産/無形固定資産/ソフトウエア,ソフトウェア－,jpfr-t-cte_Software,1,0,0
/貸借対照表/資産の部/固定資産/無形固定資産/ソフトウエア,ソフトウエア-,jpfr-t-cte_Software,1,0,0
/貸借対照表/資産の部/固定資産/無形固定資産/ソフトウエア,ソフトウエアー,jpfr-t-cte_Software,1,0,0
/貸借対照表/資産の部/固定資産/無形固定資産/ソフトウエア,ソフトウェア,jpfr-t-cte_Software,1,0,0
/貸借対照表/資産の部/固定資産/無形固定資産/ソフトウエア,ソフトウェア料,jpfr-t-cte_Software,1,0,0
/貸借対照表/資産の部/固定資産/無形固定資産/ソフトウエア,ソフトウエア料,jpfr-t-cte_Software,1,0,0
/貸借対照表/資産の部/固定資産/無形固定資産/ソフトウエア,ソフトウェア費,jpfr-t-cte_Software,1,0,0
/貸借対照表/資産の部/固定資産/無形固定資産/ソフトウエア,ソフトウエア費用,jpfr-t-cte_Software,1,0,0
/貸借対照表/資産の部/固定資産/無形固定資産/ソフトウエア,ソフト費用,jpfr-t-cte_Software,1,0,0
/貸借対照表/資産の部/固定資産/無形固定資産/ソフトウエア,ソフト料,jpfr-t-cte_Software,1,0,0
/貸借対照表/資産の部/固定資産/無形固定資産/ソフトウエア仮勘定,ソフトウエア仮勘定,jpfr-t-cte_SoftwareInProgress,0,0,0
/貸借対照表/資産の部/固定資産/無形固定資産/育成者権,育成者権,jpfr-etax-t-cte_RaiserRights,0,0,0
/貸借対照表/資産の部/固定資産/無形固定資産/専用側線利用権,専用側線利用権,jpfr-etax-t-cte_RightUseExclusiveSidetrack,0,0,0
/貸借対照表/資産の部/固定資産/無形固定資産/鉄道軌道連絡通行施設利用権,鉄道軌道連絡通行施設利用権,jpfr-etax-t-cte_RightUseRailroadConnectingFacility,0,0,0
/貸借対照表/資産の部/固定資産/無形固定資産/電気ガス供給施設利用権,電気ガス供給施設利用権,jpfr-etax-t-cte_RightUseElectricityGasSupplyFacility,0,0,0
/貸借対照表/資産の部/固定資産/無形固定資産/熱供給施設利用権,熱供給施設利用権,jpfr-etax-t-cte_RightUseHeatSupplyFacility,0,0,0
/貸借対照表/資産の部/固定資産/無形固定資産/工業用水道施設利用権,工業用水道施設利用権,jpfr-etax-t-cte_RightUseIndustrialWaterSupplySystem,0,0,0
/貸借対照表/資産の部/固定資産/無形固定資産/リース資産,リース資産、無形固定資産,jpfr-t-cte_LeaseAssetsIA,0,0,0
/貸借対照表/資産の部/固定資産/無形固定資産/仕掛研究開発,仕掛研究開発,jpfr-t-cte_InProcessResearchAndDevelopmentIA,0,0,0
/貸借対照表/資産の部/固定資産/無形固定資産/その他の無形資産で流動資産又は投資たる資産に属しないもの,その他の無形資産で流動資産又は投資たる資産に属しないもの,jpfr-t-cte_OtherIntangibleAssetsIAAbstract,0,0,0
/貸借対照表/資産の部/固定資産/無形固定資産/その他の無形資産で流動資産又は投資たる資産に属しないもの/施設利用権,施設利用権,jpfr-t-cte_RightOfUsingFacilitiesIA,0,0,0
/貸借対照表/資産の部/固定資産/無形固定資産/その他の無形資産で流動資産又は投資たる資産に属しないもの/電話加入権,電話加入権,jpfr-t-cte_TelephoneSubscriptionRight,0,0,0
/貸借対照表/資産の部/固定資産/無形固定資産/その他の無形資産で流動資産又は投資たる資産に属しないもの/電気供給施設利用権,電気供給施設利用権,jpfr-t-cte_RightOfUsingElectricSupplyFacilities,0,0,0
/貸借対照表/資産の部/固定資産/無形固定資産/その他の無形資産で流動資産又は投資たる資産に属しないもの/電気通信施設利用権,電気通信施設利用権,jpfr-t-cte_RightOfUsingTelecommunicationFacilities,0,0,0
/貸借対照表/資産の部/固定資産/無形固定資産/その他の無形資産で流動資産又は投資たる資産に属しないもの/電信電話専用施設利用権,電信電話専用施設利用権,jpfr-t-cte_RightOfUsingTelephoneAndTelegraphFacilities,0,0,0
/貸借対照表/資産の部/固定資産/無形固定資産/その他の無形資産で流動資産又は投資たる資産に属しないもの/公共施設利用権,公共施設利用権,jpfr-t-cte_RightOfUsingPublicFacilities,0,0,0
/貸借対照表/資産の部/固定資産/無形固定資産/その他の無形資産で流動資産又は投資たる資産に属しないもの/水道施設利用権,水道施設利用権,jpfr-t-cte_RightOfUsingWaterFacilities,0,0,0
/貸借対照表/資産の部/固定資産/無形固定資産/その他の無形資産で流動資産又は投資たる資産に属しないもの/その他の施設利用権,その他の施設利用権,jpfr-t-cte_RightOfUsingOtherFacilities,0,0,0
/貸借対照表/資産の部/固定資産/無形固定資産/その他の無形資産で流動資産又は投資たる資産に属しないもの/特許実施権,特許実施権,jpfr-t-cte_RightOfUsingPatent,0,0,0
/貸借対照表/資産の部/固定資産/無形固定資産/その他の無形資産で流動資産又は投資たる資産に属しないもの/水利権,水利権,jpfr-t-cte_WaterRight,0,0,0
/貸借対照表/資産の部/固定資産/無形固定資産/その他の無形資産で流動資産又は投資たる資産に属しないもの/版権,版権,jpfr-t-cte_CopyrightPublishing,0,0,0
/貸借対照表/資産の部/固定資産/無形固定資産/その他の無形資産で流動資産又は投資たる資産に属しないもの/著作権,著作権,jpfr-t-cte_Copyright,0,0,0
/貸借対照表/資産の部/固定資産/無形固定資産/その他,その他、無形固定資産,jpfr-t-cte_OtherIA,0,0,0
/貸借対照表/資産の部/固定資産/無形固定資産/無形固定資産合計,無形固定資産合計,jpfr-t-cte_IntangibleAssets,0,0,0
/貸借対照表/資産の部/固定資産/投資その他の資産,投資その他の資産、タイトル項目,jpfr-t-cte_InvestmentsAndOtherAssetsAbstract,0,0,0
/貸借対照表/資産の部/固定資産/投資その他の資産/投資有価証券,投資有価証券,jpfr-t-cte_InvestmentSecurities,0,0,0
/貸借対照表/資産の部/固定資産/投資その他の資産/投資公債,投資公債,jpfr-etax-t-cte_InvestmentSecuritiesPublicBond,0,0,0
/貸借対照表/資産の部/固定資産/投資その他の資産/貸付信託,貸付信託,jpfr-etax-t-cte_InvestmentSecuritiesLoanTrust,0,0,0
/貸借対照表/資産の部/固定資産/投資その他の資産/投資信託,投資信託,jpfr-etax-t-cte_InvestmentSecuritiesInvestmentTrust,0,0,0
/貸借対照表/資産の部/固定資産/投資その他の資産/子会社株式・子会社出資金,子会社株式・子会社出資金,jpfr-etax-t-cte_EquitySecuritiesInvestmentsSubsidiaries,0,0,0
/貸借対照表/資産の部/固定資産/投資その他の資産/関係会社株式,関係会社株式,jpfr-t-cte_StocksOfSubsidiariesAndAffiliates,0,0,0
/貸借対照表/資産の部/固定資産/投資その他の資産/関係会社社債,関係会社社債,jpfr-t-cte_BondsOfSubsidiariesAndAffiliates,0,0,0
/貸借対照表/資産の部/固定資産/投資その他の資産/関係会社株式その他流動資産に属しない有価証券,関係会社株式その他流動資産に属しない有価証券,jpfr-t-cte_StocksOfSubsidiariesAndAffiliatesAndOtherNoncurrentSecuritiesIOAAbstract,0,0,0
/貸借対照表/資産の部/固定資産/投資その他の資産/関係会社株式その他流動資産に属しない有価証券/営業投資有価証券,営業投資有価証券,jpfr-t-cte_OperationalInvestmentSecuritiesIOA,0,0,0
/貸借対照表/資産の部/固定資産/投資その他の資産/関係会社株式その他流動資産に属しない有価証券/関係会社長期投資,関係会社長期投資,jpfr-etax-t-cte_LongTermInvestmentForSubsidiariesAndAffiliates,0,0,0
/貸借対照表/資産の部/固定資産/投資その他の資産/その他の関係会社有価証券,その他の関係会社有価証券,jpfr-t-cte_InvestmentsInOtherSecuritiesOfSubsidiariesAndAffiliates,0,0,0
/貸借対照表/資産の部/固定資産/投資その他の資産/出資金,出資金,jpfr-t-cte_InvestmentsInCapital,0,0,0
/貸借対照表/資産の部/固定資産/投資その他の資産/営業出資金,営業出資金,jpfr-t-cte_OperatingInvestmentsInCapital,0,0,0
/貸借対照表/資産の部/固定資産/投資その他の資産/匿名組合出資金,匿名組合出資金,jpfr-t-cte_InvestmentsInSilentPartnership,0,0,0
/貸借対照表/資産の部/固定資産/投資その他の資産/関係会社出資金,関係会社出資金,jpfr-t-cte_InvestmentsInCapitalOfSubsidiariesAndAffiliates,0,0,0
/貸借対照表/資産の部/固定資産/投資その他の資産/長期貸付金,長期貸付金,jpfr-t-cte_LongTermLoansReceivable,0,0,0
/貸借対照表/資産の部/固定資産/投資その他の資産/長期貸付金/貸倒引当金,貸倒引当金、長期貸付金,jpfr-t-cte_AllowanceForDoubtfulAccountsLongTermLoansReceivable,0,0,0
/貸借対照表/資産の部/固定資産/投資その他の資産/長期貸付金/長期貸付金（純額）,長期貸付金（純額）,jpfr-t-cte_LongTermLoansReceivableNet,0,0,0
/貸借対照表/資産の部/固定資産/投資その他の資産/関係会社長期貸付金,関係会社長期貸付金,jpfr-t-cte_LongTermLoansReceivableFromSubsidiariesAndAffiliates,0,0,0
/貸借対照表/資産の部/固定資産/投資その他の資産/関係会社長期貸付金/貸倒引当金,貸倒引当金、関係会社長期貸付金,jpfr-t-cte_AllowanceForDoubtfulAccountsLongTermLoansReceivableFromSubsidiariesAndAffiliates,0,0,0
/貸借対照表/資産の部/固定資産/投資その他の資産/関係会社長期貸付金/関係会社長期貸付金（純額）,関係会社長期貸付金（純額）,jpfr-t-cte_LongTermLoansReceivableFromSubsidiariesAndAffiliatesNet,0,0,0
/貸借対照表/資産の部/固定資産/投資その他の資産/株主、役員又は従業員に対する長期貸付金,株主、役員又は従業員に対する長期貸付金,jpfr-t-cte_LongTermLoansReceivableFromShareholdersDirectorsOrEmployees,0,0,0
/貸借対照表/資産の部/固定資産/投資その他の資産/株主、役員又は従業員に対する長期貸付金/貸倒引当金,貸倒引当金、株主、役員又は従業員に対する長期貸付金,jpfr-t-cte_AllowanceForDoubtfulAccountsLongTermLoansReceivableFromShareholdersDirectorsOrEmployees,0,0,0
/貸借対照表/資産の部/固定資産/投資その他の資産/株主、役員又は従業員に対する長期貸付金/株主、役員又は従業員に対する長期貸付金（純額）,株主、役員又は従業員に対する長期貸付金（純額）,jpfr-t-cte_LongTermLoansReceivableFromShareholdersDirectorsOrEmployeesNet,0,0,0
/貸借対照表/資産の部/固定資産/投資その他の資産/従業員に対する長期貸付金,従業員に対する長期貸付金,jpfr-t-cte_LongTermLoansReceivableFromEmployees,1,0,0
/貸借対照表/資産の部/固定資産/投資その他の資産/従業員に対する長期貸付金,従業員長期貸付金,jpfr-t-cte_LongTermLoansReceivableFromEmployees,1,0,0
/貸借対照表/資産の部/固定資産/投資その他の資産/従業員に対する長期貸付金/貸倒引当金,貸倒引当金、従業員に対する長期貸付金,jpfr-t-cte_AllowanceForDoubtfulAccountsLongTermLoansReceivableFromEmployees,0,0,0
/貸借対照表/資産の部/固定資産/投資その他の資産/従業員に対する長期貸付金/従業員に対する長期貸付金（純額）,従業員に対する長期貸付金（純額）,jpfr-t-cte_LongTermLoansReceivableFromEmployeesNet,0,0,0
/貸借対照表/資産の部/固定資産/投資その他の資産/長期営業外受取手形,長期営業外受取手形,jpfr-etax-t-cte_LongTermNotesReceivableOtherGross,0,0,0
/貸借対照表/資産の部/固定資産/投資その他の資産/長期営業外受取手形/貸倒引当金,貸倒引当金、長期営業外受取手形,jpfr-etax-t-cte_LongTermNotesReceivableOtherAllowanceDoubtfulAccounts,0,0,0
/貸借対照表/資産の部/固定資産/投資その他の資産/長期営業外受取手形/長期営業外受取手形(純額),長期営業外受取手形(純額),jpfr-etax-t-cte_LongTermNotesReceivableOtherNet,0,0,0
/貸借対照表/資産の部/固定資産/投資その他の資産/長期貸付金,長期貸付金、タイトル項目,jpfr-t-cte_LongTermLoansReceivableAbstract,0,0,0
/貸借対照表/資産の部/固定資産/投資その他の資産/長期貸付金/役員及び従業員に対する長期貸付金,役員及び従業員に対する長期貸付金,jpfr-t-cte_LongTermLoansReceivableFromDirectorsAndEmployees,0,0,0
/貸借対照表/資産の部/固定資産/投資その他の資産/長期貸付金/役員に対する長期貸付金,役員に対する長期貸付金,jpfr-t-cte_LongTermLoansReceivableFromDirectors,0,0,0
/貸借対照表/資産の部/固定資産/投資その他の資産/医業外受取手形,医業外受取手形、投資その他の資産,jpfr-etax-t-cte_LongTermNotesReceivableNonMedical,0,0,0
/貸借対照表/資産の部/固定資産/投資その他の資産/長期前払費用,長期前払費用,jpfr-t-cte_LongTermPrepaidExpenses,0,0,0
/貸借対照表/資産の部/固定資産/投資その他の資産/その他の長期前払費用,その他の長期前払費用,jpfr-etax-t-cte_OtherLongTermPrepaidExpenses,0,0,0
/貸借対照表/資産の部/固定資産/投資その他の資産/長期未収収益,長期未収収益,jpfr-etax-t-cte_LongTermAccruedRevenue,0,0,0
/貸借対照表/資産の部/固定資産/投資その他の資産/繰延税金資産,繰延税金資産、投資その他の資産,jpfr-t-cte_DeferredTaxAssetsIOA,0,0,0
/貸借対照表/資産の部/固定資産/投資その他の資産/投資固定資産,投資固定資産,jpfr-etax-t-cte_FixedAssetsInvestment,0,0,0
/貸借対照表/資産の部/固定資産/投資その他の資産/権利金,権利金,jpfr-etax-t-cte_Foregift,0,0,0
/貸借対照表/資産の部/固定資産/投資その他の資産/リサイクル預託金,リサイクル預託金,jpfr-etax-t-cte_DepositRecycling,0,0,0
/貸借対照表/資産の部/固定資産/投資その他の資産/その他の保険積立金,その他の保険積立金,jpfr-etax-t-cte_OtherPrepaidInsurance,0,0,0
/貸借対照表/資産の部/固定資産/投資その他の資産/繰延ヘッジ損失,繰延ヘッジ損失,jpfr-etax-t-cte_LongTermInvestmentsDeferredHedgeAssets,0,0,0
/貸借対照表/資産の部/固定資産/投資その他の資産/前各号に掲げられるものの外、流動資産、有形固定資産、無形固定資産又は繰延資産に属するもの以外の長期資産,前各号に掲げられるものの外、流動資産、有形固定資産、無形固定資産又は繰延資産に属するもの以外の長期資産,jpfr-t-cte_OtherLongTermAssetsIOAAbstract,0,0,0
/貸借対照表/資産の部/固定資産/投資その他の資産/前各号に掲げられるものの外、流動資産、有形固定資産、無形固定資産又は繰延資産に属するもの以外の長期資産/親会社株式,親会社株式、投資その他の資産,jpfr-t-cte_StocksOfParentCompanyIOA,0,0,0
/貸借対照表/資産の部/固定資産/投資その他の資産/前各号に掲げられるものの外、流動資産、有形固定資産、無形固定資産又は繰延資産に属するもの以外の長期資産/破産更生債権等,破産更生債権等,jpfr-t-cte_ClaimsProvableInBankruptcyClaimsProvableInRehabilitationAndOther,1,0,0
/貸借対照表/資産の部/固定資産/投資その他の資産/前各号に掲げられるものの外、流動資産、有形固定資産、無形固定資産又は繰延資産に属するもの以外の長期資産/破産更生債権等,破産更正等債権,jpfr-t-cte_ClaimsProvableInBankruptcyClaimsProvableInRehabilitationAndOther,1,0,0
/貸借対照表/資産の部/固定資産/投資その他の資産/前各号に掲げられるものの外、流動資産、有形固定資産、無形固定資産又は繰延資産に属するもの以外の長期資産/破産更生債権等,破産更生債権,jpfr-t-cte_ClaimsProvableInBankruptcyClaimsProvableInRehabilitationAndOther,1,0,0
/貸借対照表/資産の部/固定資産/投資その他の資産/前各号に掲げられるものの外、流動資産、有形固定資産、無形固定資産又は繰延資産に属するもの以外の長期資産/破産更生債権等,破産更生再生債権,jpfr-t-cte_ClaimsProvableInBankruptcyClaimsProvableInRehabilitationAndOther,1,0,0
/貸借対照表/資産の部/固定資産/投資その他の資産/前各号に掲げられるものの外、流動資産、有形固定資産、無形固定資産又は繰延資産に属するもの以外の長期資産/破産更生債権等/貸倒引当金,貸倒引当金、破産更生債権等,jpfr-t-cte_AllowanceForDoubtfulAccountsClaimsInBankruptcyReorganizationClaimsAndOther,0,0,0
/貸借対照表/資産の部/固定資産/投資その他の資産/前各号に掲げられるものの外、流動資産、有形固定資産、無形固定資産又は繰延資産に属するもの以外の長期資産/破産更生債権等/破産更生債権等（純額）,破産更生債権等（純額）,jpfr-t-cte_ClaimsProvableInBankruptcyClaimsProvableInRehabilitationAndOtherNet,0,0,0
/貸借対照表/資産の部/固定資産/投資その他の資産/前各号に掲げられるものの外、流動資産、有形固定資産、無形固定資産又は繰延資産に属するもの以外の長期資産/長期前払消費税等,長期前払消費税等,jpfr-t-cte_LongTermPrepaidConsumptionTaxes,0,0,0
/貸借対照表/資産の部/固定資産/投資その他の資産/前各号に掲げられるものの外、流動資産、有形固定資産、無形固定資産又は繰延資産に属するもの以外の長期資産/前払年金費用,前払年金費用、投資その他の資産,jpfr-t-cte_PrepaidPensionCostIOA,0,0,0
/貸借対照表/資産の部/固定資産/投資その他の資産/前各号に掲げられるものの外、流動資産、有形固定資産、無形固定資産又は繰延資産に属するもの以外の長期資産/繰延税金資産,繰延税金資産、投資その他の資産,jpfr-t-cte_DeferredTaxAssetsIOA,0,0,0
/貸借対照表/資産の部/固定資産/投資その他の資産/前各号に掲げられるものの外、流動資産、有形固定資産、無形固定資産又は繰延資産に属するもの以外の長期資産/再評価に係る繰延税金資産,再評価に係る繰延税金資産,jpfr-t-cte_DeferredTaxAssetsForLandRevaluation,0,0,0
/貸借対照表/資産の部/固定資産/投資その他の資産/前各号に掲げられるものの外、流動資産、有形固定資産、無形固定資産又は繰延資産に属するもの以外の長期資産/投資不動産,投資不動産,jpfr-t-cte_RealEstateForInvestment,0,0,0
/貸借対照表/資産の部/固定資産/投資その他の資産/前各号に掲げられるものの外、流動資産、有形固定資産、無形固定資産又は繰延資産に属するもの以外の長期資産/投資不動産/減価償却累計額,減価償却累計額、投資不動産,jpfr-t-cte_AccumulatedDepreciationRealEstateForInvestment,0,0,0
/貸借対照表/資産の部/固定資産/投資その他の資産/前各号に掲げられるものの外、流動資産、有形固定資産、無形固定資産又は繰延資産に属するもの以外の長期資産/投資不動産/減損損失累計額,減損損失累計額、投資不動産,jpfr-t-cte_AccumulatedImpairmentLossRealEstateForInvestment,0,0,0
/貸借対照表/資産の部/固定資産/投資その他の資産/前各号に掲げられるものの外、流動資産、有形固定資産、無形固定資産又は繰延資産に属するもの以外の長期資産/投資不動産/減価償却累計額及び減損損失累計額,減価償却累計額及び減損損失累計額、投資不動産,jpfr-t-cte_AccumulatedDepreciationAndImpairmentLossRealEstateForInvestment,0,0,0
/貸借対照表/資産の部/固定資産/投資その他の資産/前各号に掲げられるものの外、流動資産、有形固定資産、無形固定資産又は繰延資産に属するもの以外の長期資産/投資不動産/投資不動産（純額）,投資不動産（純額）,jpfr-t-cte_RealEstateForInvestmentNet,0,0,0
/貸借対照表/資産の部/固定資産/投資その他の資産/前各号に掲げられるものの外、流動資産、有形固定資産、無形固定資産又は繰延資産に属するもの以外の長期資産/不動産信託受益権,不動産信託受益権,jpfr-t-cte_BeneficiaryRightOfRealEstateInTrust,0,0,0
/貸借対照表/資産の部/固定資産/投資その他の資産/前各号に掲げられるものの外、流動資産、有形固定資産、無形固定資産又は繰延資産に属するもの以外の長期資産/信託土地,信託土地,jpfr-t-cte_LandInTrust,0,0,0
/貸借対照表/資産の部/固定資産/投資その他の資産/前各号に掲げられるものの外、流動資産、有形固定資産、無形固定資産又は繰延資産に属するもの以外の長期資産/信託建物,信託建物,jpfr-t-cte_BuildingsInTrust,0,0,0
/貸借対照表/資産の部/固定資産/投資その他の資産/前各号に掲げられるものの外、流動資産、有形固定資産、無形固定資産又は繰延資産に属するもの以外の長期資産/リース投資資産,リース投資資産、投資その他の資産,jpfr-t-cte_LeaseInvestmentAssetsIOA,0,0,0
/貸借対照表/資産の部/固定資産/投資その他の資産/前各号に掲げられるものの外、流動資産、有形固定資産、無形固定資産又は繰延資産に属するもの以外の長期資産/デリバティブ債権,デリバティブ債権、投資その他の資産,jpfr-t-cte_DerivativesIOA,0,0,0
/貸借対照表/資産の部/固定資産/投資その他の資産/前各号に掲げられるものの外、流動資産、有形固定資産、無形固定資産又は繰延資産に属するもの以外の長期資産/デリバティブ債権/為替予約,為替予約、投資その他の資産,jpfr-t-cte_ForwardExchangeContractsIOA,0,0,0
/貸借対照表/資産の部/固定資産/投資その他の資産/前各号に掲げられるものの外、流動資産、有形固定資産、無形固定資産又は繰延資産に属するもの以外の長期資産/デリバティブ債権/金利スワップ資産,金利スワップ資産、投資その他の資産,jpfr-t-cte_InterestRateSwapAssetsIOA,0,0,0
/貸借対照表/資産の部/固定資産/投資その他の資産/前各号に掲げられるものの外、流動資産、有形固定資産、無形固定資産又は繰延資産に属するもの以外の長期資産/デリバティブ債権/金利スワップ,金利スワップ、投資その他の資産,jpfr-t-cte_InterestRateSwapIOA,0,0,0
/貸借対照表/資産の部/固定資産/投資その他の資産/前各号に掲げられるものの外、流動資産、有形固定資産、無形固定資産又は繰延資産に属するもの以外の長期資産/デリバティブ債権/買建通貨オプション,買建通貨オプション、投資その他の資産,jpfr-t-cte_PurchasedCurrencyOptionIOA,0,0,0
/貸借対照表/資産の部/固定資産/投資その他の資産/前各号に掲げられるものの外、流動資産、有形固定資産、無形固定資産又は繰延資産に属するもの以外の長期資産/デリバティブ債権/通貨オプション,通貨オプション、投資その他の資産,jpfr-t-cte_CurrencyOptionIOA,0,0,0
/貸借対照表/資産の部/固定資産/投資その他の資産/前各号に掲げられるものの外、流動資産、有形固定資産、無形固定資産又は繰延資産に属するもの以外の長期資産/デリバティブ債権/オプション資産,オプション資産、投資その他の資産,jpfr-t-cte_OptionIOA,0,0,0
/貸借対照表/資産の部/固定資産/投資その他の資産/前各号に掲げられるものの外、流動資産、有形固定資産、無形固定資産又は繰延資産に属するもの以外の長期資産/長期預け金,長期預け金,jpfr-t-cte_LongTermDeposits,0,0,0
/貸借対照表/資産の部/固定資産/投資その他の資産/前各号に掲げられるものの外、流動資産、有形固定資産、無形固定資産又は繰延資産に属するもの以外の長期資産/長期預金,長期預金,jpfr-t-cte_LongTermTimeDeposits,0,0,0
/貸借対照表/資産の部/固定資産/投資その他の資産/前各号に掲げられるものの外、流動資産、有形固定資産、無形固定資産又は繰延資産に属するもの以外の長期資産/保険積立金,保険積立金,jpfr-t-cte_InsuranceFunds,0,0,0
/貸借対照表/資産の部/固定資産/投資その他の資産/前各号に掲げられるものの外、流動資産、有形固定資産、無形固定資産又は繰延資産に属するもの以外の長期資産/生命保険積立金,生命保険積立金,jpfr-t-cte_LifeInsuranceFunds,0,0,0
/貸借対照表/資産の部/固定資産/投資その他の資産/前各号に掲げられるものの外、流動資産、有形固定資産、無形固定資産又は繰延資産に属するもの以外の長期資産/団体生命保険金,団体生命保険金,jpfr-t-cte_GroupLifeInsurance,0,0,0
/貸借対照表/資産の部/固定資産/投資その他の資産/前各号に掲げられるものの外、流動資産、有形固定資産、無形固定資産又は繰延資産に属するもの以外の長期資産/会員権,会員権,jpfr-t-cte_Membership,0,0,0
/貸借対照表/資産の部/固定資産/投資その他の資産/前各号に掲げられるものの外、流動資産、有形固定資産、無形固定資産又は繰延資産に属するもの以外の長期資産/会員権/ゴルフ会員権,ゴルフ会員権,jpfr-t-cte_GolfClubMembership,0,0,0
/貸借対照表/資産の部/固定資産/投資その他の資産/前各号に掲げられるものの外、流動資産、有形固定資産、無形固定資産又は繰延資産に属するもの以外の長期資産/会員権/施設利用会員権,施設利用会員権,jpfr-t-cte_FacilityMembership,0,0,0
/貸借対照表/資産の部/固定資産/投資その他の資産/前各号に掲げられるものの外、流動資産、有形固定資産、無形固定資産又は繰延資産に属するもの以外の長期資産/差入保証金,差入保証金、投資その他の資産,jpfr-t-cte_GuaranteeDepositsIOA,0,0,0
/貸借対照表/資産の部/固定資産/投資その他の資産/前各号に掲げられるものの外、流動資産、有形固定資産、無形固定資産又は繰延資産に属するもの以外の長期資産/関係会社長期未収入金,関係会社長期未収入金,jpfr-t-cte_LongTermAccountsReceivableFromSubsidiariesAndAffiliates,0,0,0
/貸借対照表/資産の部/固定資産/投資その他の資産/前各号に掲げられるものの外、流動資産、有形固定資産、無形固定資産又は繰延資産に属するもの以外の長期資産/敷金,敷金,jpfr-t-cte_LeaseDepositsIOA,1,0,0
/貸借対照表/資産の部/固定資産/投資その他の資産/前各号に掲げられるものの外、流動資産、有形固定資産、無形固定資産又は繰延資産に属するもの以外の長期資産/敷金,敷      金,jpfr-t-cte_LeaseDepositsIOA,1,0,0
/貸借対照表/資産の部/固定資産/投資その他の資産/前各号に掲げられるものの外、流動資産、有形固定資産、無形固定資産又は繰延資産に属するもの以外の長期資産/敷金,敷　　金,jpfr-t-cte_LeaseDepositsIOA,1,0,0
/貸借対照表/資産の部/固定資産/投資その他の資産/前各号に掲げられるものの外、流動資産、有形固定資産、無形固定資産又は繰延資産に属するもの以外の長期資産/敷金,敷　金,jpfr-t-cte_LeaseDepositsIOA,1,0,0
/貸借対照表/資産の部/固定資産/投資その他の資産/前各号に掲げられるものの外、流動資産、有形固定資産、無形固定資産又は繰延資産に属するもの以外の長期資産/敷金及び保証金,敷金及び保証金,jpfr-t-cte_LeaseAndGuaranteeDeposits,1,0,0
/貸借対照表/資産の部/固定資産/投資その他の資産/前各号に掲げられるものの外、流動資産、有形固定資産、無形固定資産又は繰延資産に属するもの以外の長期資産/敷金及び保証金,敷金・差入保証金,jpfr-t-cte_LeaseAndGuaranteeDeposits,1,0,0
/貸借対照表/資産の部/固定資産/投資その他の資産/前各号に掲げられるものの外、流動資産、有形固定資産、無形固定資産又は繰延資産に属するもの以外の長期資産/敷金及び保証金,敷金及び差入保証金,jpfr-t-cte_LeaseAndGuaranteeDeposits,1,0,0
/貸借対照表/資産の部/固定資産/投資その他の資産/前各号に掲げられるものの外、流動資産、有形固定資産、無形固定資産又は繰延資産に属するもの以外の長期資産/敷金及び保証金,敷金差入保証金,jpfr-t-cte_LeaseAndGuaranteeDeposits,1,0,0
/貸借対照表/資産の部/固定資産/投資その他の資産/前各号に掲げられるものの外、流動資産、有形固定資産、無形固定資産又は繰延資産に属するもの以外の長期資産/敷金及び保証金,敷金・保証金,jpfr-t-cte_LeaseAndGuaranteeDeposits,1,0,0
/貸借対照表/資産の部/固定資産/投資その他の資産/前各号に掲げられるものの外、流動資産、有形固定資産、無形固定資産又は繰延資産に属するもの以外の長期資産/敷金及び保証金,敷金保証金,jpfr-t-cte_LeaseAndGuaranteeDeposits,1,0,0
/貸借対照表/資産の部/固定資産/投資その他の資産/前各号に掲げられるものの外、流動資産、有形固定資産、無形固定資産又は繰延資産に属するもの以外の長期資産/敷金及び保証金,保証金・敷金,jpfr-t-cte_LeaseAndGuaranteeDeposits,1,0,0
/貸借対照表/資産の部/固定資産/投資その他の資産/前各号に掲げられるものの外、流動資産、有形固定資産、無形固定資産又は繰延資産に属するもの以外の長期資産/敷金及び保証金,保証敷金,jpfr-t-cte_LeaseAndGuaranteeDeposits,1,0,0
/貸借対照表/資産の部/固定資産/投資その他の資産/前各号に掲げられるものの外、流動資産、有形固定資産、無形固定資産又は繰延資産に属するもの以外の長期資産/敷金及び保証金,保証金敷金,jpfr-t-cte_LeaseAndGuaranteeDeposits,1,0,0
/貸借対照表/資産の部/固定資産/投資その他の資産/前各号に掲げられるものの外、流動資産、有形固定資産、無形固定資産又は繰延資産に属するもの以外の長期資産/固定化営業債権,固定化営業債権,jpfr-t-cte_BadDebts,0,0,0
/貸借対照表/資産の部/固定資産/投資その他の資産/前各号に掲げられるものの外、流動資産、有形固定資産、無形固定資産又は繰延資産に属するもの以外の長期資産/事業保険積立金,事業保険積立金,jpfr-t-cte_BusinessInsuranceFunds,0,0,0
/貸借対照表/資産の部/固定資産/投資その他の資産/前各号に掲げられるものの外、流動資産、有形固定資産、無形固定資産又は繰延資産に属するもの以外の長期資産/事業保険金,事業保険金,jpfr-t-cte_BusinessInsurance,0,0,0
/貸借対照表/資産の部/固定資産/投資その他の資産/前各号に掲げられるものの外、流動資産、有形固定資産、無形固定資産又は繰延資産に属するもの以外の長期資産/入会金,入会金,jpfr-t-cte_AdmissionFeeIOA,0,0,0
/貸借対照表/資産の部/固定資産/投資その他の資産/前各号に掲げられるものの外、流動資産、有形固定資産、無形固定資産又は繰延資産に属するもの以外の長期資産/入会保証金,入会保証金,jpfr-t-cte_DepositsOnAdmission,0,0,0
/貸借対照表/資産の部/固定資産/投資その他の資産/前各号に掲げられるものの外、流動資産、有形固定資産、無形固定資産又は繰延資産に属するもの以外の長期資産/信託受益権,信託受益権,jpfr-t-cte_TrustBeneficiaryRightIOA,0,0,0
/貸借対照表/資産の部/固定資産/投資その他の資産/前各号に掲げられるものの外、流動資産、有形固定資産、無形固定資産又は繰延資産に属するもの以外の長期資産/長期営業外未収入金,長期営業外未収入金,jpfr-t-cte_LongTermNonOperatingAccountsReceivable,0,0,0
/貸借対照表/資産の部/固定資産/投資その他の資産/前各号に掲げられるものの外、流動資産、有形固定資産、無形固定資産又は繰延資産に属するもの以外の長期資産/長期未収入金,長期未収入金,jpfr-t-cte_LongTermAccountsReceivableOther,1,0,0
/貸借対照表/資産の部/固定資産/投資その他の資産/前各号に掲げられるものの外、流動資産、有形固定資産、無形固定資産又は繰延資産に属するもの以外の長期資産/長期未収入金,長期未収金,jpfr-t-cte_LongTermAccountsReceivableOther,1,0,0
/貸借対照表/資産の部/固定資産/投資その他の資産/前各号に掲げられるものの外、流動資産、有形固定資産、無形固定資産又は繰延資産に属するもの以外の長期資産/建設協力金,建設協力金,jpfr-t-cte_ConstructionAssistanceFundReceivables,0,0,0
/貸借対照表/資産の部/固定資産/投資その他の資産/前各号に掲げられるものの外、流動資産、有形固定資産、無形固定資産又は繰延資産に属するもの以外の長期資産/店舗賃借仮勘定,店舗賃借仮勘定,jpfr-t-cte_DepositsForStoresInPreparation,0,0,0
/貸借対照表/資産の部/固定資産/投資その他の資産/前各号に掲げられるものの外、流動資産、有形固定資産、無形固定資産又は繰延資産に属するもの以外の長期資産/役員退職積立金,役員退職積立金、投資その他の資産,jpfr-t-cte_FundForRetirementBenefitsForDirectorsIOA,0,0,0
/貸借対照表/資産の部/固定資産/投資その他の資産/前各号に掲げられるものの外、流動資産、有形固定資産、無形固定資産又は繰延資産に属するもの以外の長期資産/役員に対する保険積立金,役員に対する保険積立金,jpfr-t-cte_InsuranceFundsForDirectors,0,0,0
/貸借対照表/資産の部/固定資産/投資その他の資産/前各号に掲げられるものの外、流動資産、有形固定資産、無形固定資産又は繰延資産に属するもの以外の長期資産/長期投資,長期投資,jpfr-t-cte_LongTermInvestments,0,0,0
/貸借対照表/資産の部/固定資産/投資その他の資産/前各号に掲げられるものの外、流動資産、有形固定資産、無形固定資産又は繰延資産に属するもの以外の長期資産/その他,その他、投資その他の資産,jpfr-t-cte_OtherIOA,0,0,0
/貸借対照表/資産の部/固定資産/投資その他の資産/前各号に掲げられるものの外、流動資産、有形固定資産、無形固定資産又は繰延資産に属するもの以外の長期資産/投資その他の資産に属する資産に係る引当金,投資その他の資産に属する資産に係る引当金,jpfr-t-cte_AllowanceInvestmentAndOtherAssetsAbstract,0,0,0
/貸借対照表/資産の部/固定資産/投資その他の資産/前各号に掲げられるものの外、流動資産、有形固定資産、無形固定資産又は繰延資産に属するもの以外の長期資産/投資その他の資産に属する資産に係る引当金/貸倒引当金,貸倒引当金、投資その他の資産、一括控除,jpfr-t-cte_AllowanceForDoubtfulAccountsIOAByGroup,1,0,0
/貸借対照表/資産の部/固定資産/投資その他の資産/前各号に掲げられるものの外、流動資産、有形固定資産、無形固定資産又は繰延資産に属するもの以外の長期資産/投資その他の資産に属する資産に係る引当金/貸倒引当金,貸倒引当金(投),jpfr-t-cte_AllowanceForDoubtfulAccountsIOAByGroup,1,0,0
/貸借対照表/資産の部/固定資産/投資その他の資産/前各号に掲げられるものの外、流動資産、有形固定資産、無形固定資産又は繰延資産に属するもの以外の長期資産/投資その他の資産に属する資産に係る引当金/投資損失引当金,投資損失引当金,jpfr-t-cte_AllowanceForInvestmentLoss,0,0,0
/貸借対照表/資産の部/固定資産/投資その他の資産/投資その他の資産,投資その他の資産,jpfr-t-cte_InvestmentsAndOtherAssetsGross,1,0,0
/貸借対照表/資産の部/固定資産/投資その他の資産/投資その他の資産,他投資等,jpfr-t-cte_InvestmentsAndOtherAssetsGross,1,0,0
/貸借対照表/資産の部/固定資産/投資その他の資産/その他,その他、投資その他の資産,jpfr-t-cte_OtherIOA,0,0,0
/貸借対照表/資産の部/固定資産/投資その他の資産/減価償却累計額,減価償却累計額、投資その他の資産、一括控除,jpfr-t-cte_AccumulatedDepreciationIOAByGroup,0,0,0
/貸借対照表/資産の部/固定資産/投資その他の資産/減損損失累計額,減損損失累計額、投資その他の資産、一括控除,jpfr-t-cte_AccumulatedImpairmentLossIOAByGroup,0,0,0
/貸借対照表/資産の部/固定資産/投資その他の資産/減価償却累計額及び減損損失累計額,減価償却累計額及び減損損失累計額、投資その他の資産、一括控除,jpfr-t-cte_AccumulatedDepreciationAndImpairmentLossIOAByGroup,0,0,0
/貸借対照表/資産の部/固定資産/投資その他の資産/投資その他の資産合計,投資その他の資産合計,jpfr-t-cte_InvestmentsAndOtherAssets,0,0,0
/貸借対照表/資産の部/固定資産/固定資産合計,固定資産合計,jpfr-t-cte_NoncurrentAssets,0,0,0
/貸借対照表/資産の部/繰延資産,繰延資産,jpfr-t-cte_DeferredAssetsAbstract,0,0,0
/貸借対照表/資産の部/繰延資産/創立費,創立費,jpfr-t-cte_DeferredOrganizationExpensesDA,0,0,0
/貸借対照表/資産の部/繰延資産/開業費,開業費,jpfr-t-cte_BusinessCommencementExpensesDA,0,0,0
/貸借対照表/資産の部/繰延資産/株式交付費,株式交付費,jpfr-t-cte_StockIssuanceCostDA,0,0,0
/貸借対照表/資産の部/繰延資産/新株発行費,新株発行費,jpfr-t-cte_StockIssuanceCost,0,0,0
/貸借対照表/資産の部/繰延資産/社債発行費,社債発行費,jpfr-t-cte_BondIssuanceCostDA,0,0,0
/貸借対照表/資産の部/繰延資産/開発費,開発費,jpfr-t-cte_DevelopmentExpensesDA,0,0,0
/貸借対照表/資産の部/繰延資産/その他,その他、繰延資産,jpfr-t-cte_OtherDA,0,0,0
/貸借対照表/資産の部/繰延資産/繰延資産合計,繰延資産合計,jpfr-t-cte_DeferredAssets,0,0,0
/貸借対照表/資産の部/資産合計,資産合計,jpfr-t-cte_Assets,0,0,0
/貸借対照表/負債の部,負債の部,jpfr-t-cte_LiabilitiesAbstract,0,0,0
/貸借対照表/負債の部/流動負債,流動負債,jpfr-t-cte_CurrentLiabilitiesAbstract,0,0,0
/貸借対照表/負債の部/流動負債/支払手形,支払手形,jpfr-t-cte_NotesPayableTrade,0,0,0
/貸借対照表/負債の部/流動負債/買掛金,買掛金,jpfr-t-cte_AccountsPayableTrade,0,0,0
/貸借対照表/負債の部/流動負債/工事未払金,工事未払金,jpfr-t-cns_AccountsPayableForConstructionContractsCNS,0,0,0
/貸借対照表/負債の部/流動負債/兼業事業買掛金,兼業事業買掛金,jpfr-etax-t-cte_AccountsPayableOtherOperation,0,0,0
/貸借対照表/負債の部/流動負債/その他の買入債務,その他の買入債務,jpfr-etax-t-cte_OtherAccountsPayableTrade,0,0,0
/貸借対照表/負債の部/流動負債/短期借入金,短期借入金,jpfr-t-cte_ShortTermLoansPayable,0,0,0
/貸借対照表/負債の部/流動負債/リース債務,リース債務、流動負債,jpfr-t-cte_LeaseObligationsCL,0,0,0
/貸借対照表/負債の部/流動負債/資産除去債務,資産除去債務、流動負債,jpfr-t-cte_AssetRetirementObligationsCL,0,0,0
/貸借対照表/負債の部/流動負債/未払金,未払金,jpfr-t-cte_AccountsPayableOther,0,0,0
/貸借対照表/負債の部/流動負債/未払費用,未払費用,jpfr-t-cte_AccruedExpenses,0,0,0
/貸借対照表/負債の部/流動負債/未払法人税等,未払法人税等,jpfr-t-cte_IncomeTaxesPayable,0,0,0
/貸借対照表/負債の部/流動負債/繰延税金負債,繰延税金負債、流動負債,jpfr-t-cte_DeferredTaxLiabilitiesCL,1,0,0
/貸借対照表/負債の部/流動負債/繰延税金負債,繰延税金負債(流),jpfr-t-cte_DeferredTaxLiabilitiesCL,1,0,0
/貸借対照表/負債の部/流動負債/未成工事受入金,未成工事受入金,jpfr-t-cns_AdvancesReceivedOnUncompletedConstructionContractsCNS,0,0,0
/貸借対照表/負債の部/流動負債/前受金,前受金,jpfr-t-cte_AdvancesReceived,0,0,0
/貸借対照表/負債の部/流動負債/預り金,預り金,jpfr-t-cte_DepositsReceived,1,0,0
/貸借対照表/負債の部/流動負債/預り金,預かり金　,jpfr-t-cte_DepositsReceived,1,0,0
/貸借対照表/負債の部/流動負債/前受収益,前受収益,jpfr-t-cte_UnearnedRevenue,0,0,0
/貸借対照表/負債の部/流動負債/１年以内償還予定の新株引受権付社債,１年以内償還予定の新株引受権付社債,jpfr-etax-t-cte_BondsWarrantsCurrentPortion,1,0,0
/貸借対照表/負債の部/流動負債/１年以内償還予定の新株引受権付社債,一年内償還新株引受権付社債,jpfr-etax-t-cte_BondsWarrantsCurrentPortion,1,0,0
/貸借対照表/負債の部/流動負債/１年以内償還予定の新株予約権付社債,１年以内償還予定の新株予約権付社債,jpfr-etax-t-cte_BondsStockPurchaseWarrantCurrentPortion,1,0,0
/貸借対照表/負債の部/流動負債/１年以内償還予定の新株予約権付社債,一年内償還新株予約権付社債,jpfr-etax-t-cte_BondsStockPurchaseWarrantCurrentPortion,1,0,0
/貸借対照表/負債の部/流動負債/１年以内返済予定のリース債務,１年以内返済予定のリース債務,jpfr-etax-t-cte_LeaseLiabilitiesCurrentPortion,1,0,0
/貸借対照表/負債の部/流動負債/１年以内返済予定のリース債務,１年以内返済リース債務,jpfr-etax-t-cte_LeaseLiabilitiesCurrentPortion,1,0,0
/貸借対照表/負債の部/流動負債/１年以内返済予定のリース債務,1年内支払リース債務,jpfr-etax-t-cte_LeaseLiabilitiesCurrentPortion,1,0,0
/貸借対照表/負債の部/流動負債/１年以内返済予定のリース債務,１年以内リース負債,jpfr-etax-t-cte_LeaseLiabilitiesCurrentPortion,1,0,0
/貸借対照表/負債の部/流動負債/１年以内返済予定のリース債務,１年以内リース債務,jpfr-etax-t-cte_LeaseLiabilitiesCurrentPortion,1,0,0
/貸借対照表/負債の部/流動負債/１年以内返済予定のリース債務,一年内返済リース債務,jpfr-etax-t-cte_LeaseLiabilitiesCurrentPortion,1,0,0
/貸借対照表/負債の部/流動負債/医業外支払手形,医業外支払手形、流動負債,jpfr-etax-t-cte_NotesPayableNonMedical,0,0,0
/貸借対照表/負債の部/流動負債/未払役員賞与,未払役員賞与,jpfr-etax-t-cte_BonusPayableOfficers,0,0,0
/貸借対照表/負債の部/流動負債/未払給与,未払給与,jpfr-etax-t-cte_AccruedSalaries,0,0,0
/貸借対照表/負債の部/流動負債/未払利息,未払利息,jpfr-etax-t-cte_AccruedAccruedExpensesInterest,0,0,0
/貸借対照表/負債の部/流動負債/その他の未払費用,その他の未払費用,jpfr-etax-t-cte_AccruedAccruedExpensesOther,0,0,0
/貸借対照表/負債の部/流動負債/未払事業税,未払事業税,jpfr-etax-t-cte_EnterpriseTaxPayable,0,0,0
/貸借対照表/負債の部/流動負債/その他の未払税金,その他の未払税金,jpfr-etax-t-cte_OtherTaxesPayable,0,0,0
/貸借対照表/負債の部/流動負債/預り保証金,預り保証金,jpfr-etax-t-cte_GuaranteeDepositsReceived,0,0,0
/貸借対照表/負債の部/流動負債/入院保証金,入院保証金,jpfr-etax-t-cte_HospitalizationGuaranteeDepositsReceived,0,0,0
/貸借対照表/負債の部/流動負債/割賦売上未実現利益,割賦売上未実現利益,jpfr-etax-t-cte_DeferredRevenueInstallmentSales,0,0,0
/貸借対照表/負債の部/流動負債/引当金,引当金、流動負債、タイトル項目,jpfr-t-cte_ProvisionCLAbstract,0,0,0
/貸借対照表/負債の部/流動負債/引当金/製品保証引当金,製品保証引当金,jpfr-t-cte_ProvisionForProductWarranties,0,0,0
/貸借対照表/負債の部/流動負債/引当金/賞与引当金,賞与引当金,jpfr-t-cte_ProvisionForBonuses,0,0,0
/貸借対照表/負債の部/流動負債/引当金/修繕引当金,修繕引当金,jpfr-t-cte_ProvisionForRepairs,0,0,0
/貸借対照表/負債の部/流動負債/引当金/役員賞与引当金,役員賞与引当金,jpfr-t-cte_ProvisionForDirectorsBonuses,0,0,0
/貸借対照表/負債の部/流動負債/引当金/債務保証損失引当金,債務保証損失引当金、流動負債,jpfr-t-cte_ProvisionForLossOnGuaranteesCL,0,0,0
/貸借対照表/負債の部/流動負債/引当金/ポイント引当金,ポイント引当金、流動負債,jpfr-t-cte_ProvisionForPointCardCertificatesCL,0,0,0
/貸借対照表/負債の部/流動負債/引当金/売上割戻引当金,売上割戻引当金,jpfr-t-cte_ProvisionForSalesRebates,0,0,0
/貸借対照表/負債の部/流動負債/引当金/工事損失引当金,工事損失引当金,jpfr-t-cte_ProvisionForLossOnConstructionContracts,0,0,0
/貸借対照表/負債の部/流動負債/引当金/完成工事補償引当金,完成工事補償引当金,jpfr-t-cte_ProvisionForWarrantiesForCompletedConstruction,0,0,0
/貸借対照表/負債の部/流動負債/引当金/店舗閉鎖損失引当金,店舗閉鎖損失引当金,jpfr-t-cte_ProvisionForLossOnStoreClosing,0,0,0
/貸借対照表/負債の部/流動負債/引当金/販売促進引当金,販売促進引当金,jpfr-t-cte_ProvisionForSalesPromotionExpenses,0,0,0
/貸借対照表/負債の部/流動負債/引当金/返品調整引当金,返品調整引当金,jpfr-t-cte_ProvisionForSalesReturns,0,0,0
/貸借対照表/負債の部/流動負債/引当金/受注損失引当金,受注損失引当金,jpfr-t-cte_ProvisionForLossOnOrderReceivedCL,0,0,0
/貸借対照表/負債の部/流動負債/引当金/関係会社整理損失引当金,関係会社整理損失引当金、流動負債,jpfr-t-cte_ProvisionForLossOnLiquidationOfSubsidiariesAndAffiliatesCL,0,0,0
/貸借対照表/負債の部/流動負債/引当金/事業整理損失引当金,事業整理損失引当金、流動負債,jpfr-t-cte_ProvisionForLossOnBusinessLiquidationCL,0,0,0
/貸借対照表/負債の部/流動負債/引当金/関係会社事業損失引当金,関係会社事業損失引当金、流動負債,jpfr-t-cte_ProvisionForLossOnBusinessOfSubsidiariesAndAffiliatesCL,0,0,0
/貸借対照表/負債の部/流動負債/引当金/事業構造改善引当金,事業構造改善引当金、流動負債,jpfr-t-cte_ProvisionForBusinessStructureImprovementCL,0,0,0
/貸借対照表/負債の部/流動負債/引当金/環境対策引当金,環境対策引当金、流動負債,jpfr-t-cte_ProvisionForEnvironmentalMeasuresCL,0,0,0
/貸借対照表/負債の部/流動負債/引当金/訴訟損失引当金,訴訟損失引当金、流動負債,jpfr-t-cte_ProvisionForLossOnLitigationCL,0,0,0
/貸借対照表/負債の部/流動負債/引当金/利息返還損失引当金,利息返還損失引当金、流動負債,jpfr-t-cte_ProvisionForLossOnInterestRepaymentCL,0,0,0
/貸借対照表/負債の部/流動負債/引当金/偶発損失引当金,偶発損失引当金、流動負債,jpfr-t-cte_ProvisionForContingentLossCL,0,0,0
/貸借対照表/負債の部/流動負債/引当金/ローン保証引当金,ローン保証引当金,jpfr-t-cte_ProvisionForGuaranteeForLoansCL,0,0,0
/貸借対照表/負債の部/流動負債/引当金/災害損失引当金,災害損失引当金、流動負債,jpfr-t-cte_ProvisionForLossOnDisasterCL,0,0,0
/貸借対照表/負債の部/流動負債/引当金/損害補償損失引当金,損害補償損失引当金,jpfr-etax-t-cte_ReserveGuaranteeLoss,0,0,0
/貸借対照表/負債の部/流動負債/引当金/景品費引当金,景品費引当金,jpfr-etax-t-cte_ReserveGiveawayExpense,0,0,0
/貸借対照表/負債の部/流動負債/引当金/その他の引当金,その他の引当金、流動負債,jpfr-t-cte_OtherProvisionCL,1,0,0
/貸借対照表/負債の部/流動負債/引当金/その他の引当金,その他引当金,jpfr-t-cte_OtherProvisionCL,1,0,0
/貸借対照表/負債の部/流動負債/引当金/引当金,引当金、流動負債,jpfr-t-cte_ProvisionCL,0,0,0
/貸借対照表/負債の部/流動負債/修繕引当金,修繕引当金,jpfr-t-cte_ProvisionForRepairs,0,0,0
/貸借対照表/負債の部/流動負債/株主、役員又は従業員からの短期借入金,株主、役員又は従業員からの短期借入金,jpfr-t-cte_ShortTermLoansPayableToShareholdersDirectorsOrEmployees,0,0,0
/貸借対照表/負債の部/流動負債/従業員預り金,従業員預り金,jpfr-t-cte_DepositsReceivedFromEmployees,0,0,0
/貸借対照表/負債の部/流動負債/源泉預り金,源泉預り金,jpfr-etax-t-cte_DepositsReceivedTaxesWithheld,1,0,0
/貸借対照表/負債の部/流動負債/源泉預り金,源泉税預り金,jpfr-etax-t-cte_DepositsReceivedTaxesWithheld,1,0,0
/貸借対照表/負債の部/流動負債/特別預り金,特別預り金,jpfr-etax-t-cte_DepositsReceivedSpecialDepositReceived,0,0,0
/貸借対照表/負債の部/流動負債/社保預り金,社保預り金,jpfr-etax-t-cte_DepositsReceivedSocialInsuranceWithheld,1,0,0
/貸借対照表/負債の部/流動負債/社保預り金,社会保険料預り金,jpfr-etax-t-cte_DepositsReceivedSocialInsuranceWithheld,1,0,0
/貸借対照表/負債の部/流動負債/支払手形及び買掛金,支払手形及び買掛金,jpfr-t-cte_NotesAndAccountsPayableTrade,0,0,0
/貸借対照表/負債の部/流動負債/営業未払金,営業未払金,jpfr-t-cte_OperatingAccountsPayable,0,0,0
/貸借対照表/負債の部/流動負債/支払手形及び営業未払金,支払手形及び営業未払金,jpfr-t-cte_NotesAndOperatingAccountsPayableTrade,0,0,0
/貸借対照表/負債の部/流動負債/電子記録債務,電子記録債務,jpfr-t-cte_ElectronicallyRecordedObligationsOperatingCL,0,0,0
/貸借対照表/負債の部/流動負債/業務未払金,業務未払金,jpfr-t-cte_AccountsPayableOperatingSpecific,0,0,0
/貸借対照表/負債の部/流動負債/受託販売未払金,受託販売未払金,jpfr-t-cte_AccountsPayableConsignment,0,0,0
/貸借対照表/負債の部/流動負債/不動産事業未払金,不動産事業未払金,jpfr-t-cte_AccountsPayableRealEstate,0,0,0
/貸借対照表/負債の部/流動負債/加盟店借勘定,加盟店借勘定,jpfr-t-cte_DueToFranchisedStores,0,0,0
/貸借対照表/負債の部/流動負債/商品券,商品券,jpfr-t-cte_GiftCertificates,0,0,0
/貸借対照表/負債の部/流動負債/未成業務受入金,未成業務受入金,jpfr-t-cte_AdvancesReceivedOnUncompletedContracts,0,0,0
/貸借対照表/負債の部/流動負債/不動産事業受入金,不動産事業受入金,jpfr-t-cte_DepositReceivedRealEstate,0,0,0
/貸借対照表/負債の部/流動負債/未払金及び未払費用,未払金及び未払費用,jpfr-t-cte_AccountsPayableOtherAndAccruedExpenses,0,0,0
/貸借対照表/負債の部/流動負債/デリバティブ債務,デリバティブ債務、流動負債,jpfr-t-cte_DerivativesLiabilitiesCL,0,0,0
/貸借対照表/負債の部/流動負債/デリバティブ債務/為替予約,為替予約、流動負債,jpfr-t-cte_ForwardExchangeContractsCL,0,0,0
/貸借対照表/負債の部/流動負債/デリバティブ債務/金利スワップ負債,金利スワップ負債、流動負債,jpfr-t-cte_InterestRateSwapLiabilitiesCL,0,0,0
/貸借対照表/負債の部/流動負債/デリバティブ債務/金利スワップ,金利スワップ、流動負債,jpfr-t-cte_InterestRateSwapCL,0,0,0
/貸借対照表/負債の部/流動負債/デリバティブ債務/売建通貨オプション,売建通貨オプション、流動負債,jpfr-t-cte_SoldCurrencyOptionCL,0,0,0
/貸借対照表/負債の部/流動負債/デリバティブ債務/通貨オプション,通貨オプション、流動負債,jpfr-t-cte_CurrencyOptionCL,0,0,0
/貸借対照表/負債の部/流動負債/デリバティブ債務/オプション負債,オプション負債、流動負債,jpfr-t-cte_OptionCL,0,0,0
/貸借対照表/負債の部/流動負債/通常の取引に関連して発生する未払金又は預り金で一般の取引慣行として発生後短期間に支払われるもの,通常の取引に関連して発生する未払金又は預り金で一般の取引慣行として発生後短期間に支払われるもの,jpfr-t-cte_AccountsPayableOrdinaryTransactionsPaidInShortTermCLAbstract,0,0,0
/貸借対照表/負債の部/流動負債/通常の取引に関連して発生する未払金又は預り金で一般の取引慣行として発生後短期間に支払われるもの/未払事業所税,未払事業所税,jpfr-t-cte_AccruedBusinessOfficeTaxes,0,0,0
/貸借対照表/負債の部/流動負債/通常の取引に関連して発生する未払金又は預り金で一般の取引慣行として発生後短期間に支払われるもの/未払消費税等,未払消費税等,jpfr-t-cte_AccruedConsumptionTaxes,0,0,0
/貸借対照表/負債の部/流動負債/通常の取引に関連して発生する未払金又は預り金で一般の取引慣行として発生後短期間に支払われるもの/未払税金,未払税金,jpfr-t-cte_AccruedTaxes,0,0,0
/貸借対照表/負債の部/流動負債/通常の取引に関連して発生する未払金又は預り金で一般の取引慣行として発生後短期間に支払われるもの/未払酒税,未払酒税,jpfr-t-cte_AccruedAlcoholTax,0,0,0
/貸借対照表/負債の部/流動負債/通常の取引に関連して発生する未払金又は預り金で一般の取引慣行として発生後短期間に支払われるもの/関係会社預り金,関係会社預り金,jpfr-t-cte_DepositsReceivedFromSubsidiariesAndAffiliates,0,0,0
/貸借対照表/負債の部/流動負債/通常の取引に関連して発生する未払金又は預り金で一般の取引慣行として発生後短期間に支払われるもの/未払代理店手数料,未払代理店手数料,jpfr-t-cte_AccruedAgencyCommission,0,0,0
/貸借対照表/負債の部/流動負債/通常の取引に関連して発生する未払金又は預り金で一般の取引慣行として発生後短期間に支払われるもの/1年内返還予定の預り保証金,1年内返還予定の預り保証金,jpfr-t-cte_CurrentPortionOfGuaranteeDepositsReceived,0,0,0
/貸借対照表/負債の部/流動負債/その他の負債で1年内に支払又は返済されると認められるもの,その他の負債で1年内に支払又は返済されると認められるもの,jpfr-t-cte_OtherLiabilitiesPayableWithinOneYearAbstract,0,0,0
/貸借対照表/負債の部/流動負債/その他の負債で1年内に支払又は返済されると認められるもの/設備関係支払手形,設備関係支払手形,jpfr-t-cte_NotesPayableFacilities,1,0,0
/貸借対照表/負債の部/流動負債/その他の負債で1年内に支払又は返済されると認められるもの/設備関係支払手形,設備支払手形,jpfr-t-cte_NotesPayableFacilities,1,0,0
/貸借対照表/負債の部/流動負債/その他の負債で1年内に支払又は返済されると認められるもの/設備関係未払金,設備関係未払金,jpfr-t-cte_AccountsPayableFacilities,0,0,0
/貸借対照表/負債の部/流動負債/その他の負債で1年内に支払又は返済されると認められるもの/営業外支払手形,営業外支払手形,jpfr-t-cte_NotesPayableNonOperating,0,0,0
/貸借対照表/負債の部/流動負債/その他の負債で1年内に支払又は返済されると認められるもの/営業外電子記録債務,営業外電子記録債務,jpfr-t-cte_ElectronicallyRecordedObligationsNonOperatingCL,0,0,0
/貸借対照表/負債の部/流動負債/その他の負債で1年内に支払又は返済されると認められるもの/短期社債,短期社債,jpfr-t-cte_ShortTermBondsPayable,0,0,0
/貸借対照表/負債の部/流動負債/その他の負債で1年内に支払又は返済されると認められるもの/短期借入金,短期借入金,jpfr-t-cte_ShortTermLoansPayable,0,0,0
/貸借対照表/負債の部/流動負債/その他の負債で1年内に支払又は返済されると認められるもの/関係会社短期借入金,関係会社短期借入金,jpfr-t-cte_ShortTermLoansPayableToSubsidiariesAndAffiliates,0,0,0
/貸借対照表/負債の部/流動負債/その他の負債で1年内に支払又は返済されると認められるもの/コマーシャル・ペーパー,コマーシャル・ペーパー,jpfr-t-cte_CommercialPapersLiabilities,1,0,0
/貸借対照表/負債の部/流動負債/その他の負債で1年内に支払又は返済されると認められるもの/コマーシャル・ペーパー,コマーシャルペーパー,jpfr-t-cte_CommercialPapersLiabilities,1,0,0
/貸借対照表/負債の部/流動負債/その他の負債で1年内に支払又は返済されると認められるもの/1年内償還予定の社債,1年内償還予定の社債,jpfr-t-cte_CurrentPortionOfBonds,1,0,0
/貸借対照表/負債の部/流動負債/その他の負債で1年内に支払又は返済されると認められるもの/1年内償還予定の社債,1年以内償還社債,jpfr-t-cte_CurrentPortionOfBonds,1,0,0
/貸借対照表/負債の部/流動負債/その他の負債で1年内に支払又は返済されると認められるもの/1年内償還予定の社債,１年以内償還予定社債,jpfr-t-cte_CurrentPortionOfBonds,1,0,0
/貸借対照表/負債の部/流動負債/その他の負債で1年内に支払又は返済されると認められるもの/1年内償還予定の社債,１年償還社債,jpfr-t-cte_CurrentPortionOfBonds,1,0,0
/貸借対照表/負債の部/流動負債/その他の負債で1年内に支払又は返済されると認められるもの/1年内償還予定の社債,１年内償還社債,jpfr-t-cte_CurrentPortionOfBonds,1,0,0
/貸借対照表/負債の部/流動負債/その他の負債で1年内に支払又は返済されると認められるもの/1年内償還予定の社債,一年内償還社債,jpfr-t-cte_CurrentPortionOfBonds,1,0,0
/貸借対照表/負債の部/流動負債/その他の負債で1年内に支払又は返済されると認められるもの/1年内償還予定の社債,一年内償還社会医療法人債,jpfr-t-cte_CurrentPortionOfBonds,1,0,0
/貸借対照表/負債の部/流動負債/その他の負債で1年内に支払又は返済されると認められるもの/1年内返済予定の長期借入金,1年内返済予定の長期借入金,jpfr-t-cte_CurrentPortionOfLongTermLoansPayable,1,0,0
/貸借対照表/負債の部/流動負債/その他の負債で1年内に支払又は返済されると認められるもの/1年内返済予定の長期借入金,1年以内返済長期借入金,jpfr-t-cte_CurrentPortionOfLongTermLoansPayable,1,0,0
/貸借対照表/負債の部/流動負債/その他の負債で1年内に支払又は返済されると認められるもの/1年内返済予定の長期借入金,1年内支払長期借入,jpfr-t-cte_CurrentPortionOfLongTermLoansPayable,1,0,0
/貸借対照表/負債の部/流動負債/その他の負債で1年内に支払又は返済されると認められるもの/1年内返済予定の長期借入金,１年内返済長期借入,jpfr-t-cte_CurrentPortionOfLongTermLoansPayable,1,0,0
/貸借対照表/負債の部/流動負債/その他の負債で1年内に支払又は返済されると認められるもの/1年内返済予定の長期借入金,１年内返済長期借入金,jpfr-t-cte_CurrentPortionOfLongTermLoansPayable,1,0,0
/貸借対照表/負債の部/流動負債/その他の負債で1年内に支払又は返済されると認められるもの/1年内返済予定の長期借入金,一年以内返済長期借入金,jpfr-t-cte_CurrentPortionOfLongTermLoansPayable,1,0,0
/貸借対照表/負債の部/流動負債/その他の負債で1年内に支払又は返済されると認められるもの/1年内返済予定の長期借入金,一年内返済長期借入金,jpfr-t-cte_CurrentPortionOfLongTermLoansPayable,1,0,0
/貸借対照表/負債の部/流動負債/その他の負債で1年内に支払又は返済されると認められるもの/1年内返済予定の長期借入金,一年内償還医療機関債,jpfr-t-cte_CurrentPortionOfLongTermLoansPayable,1,0,0
/貸借対照表/負債の部/流動負債/その他の負債で1年内に支払又は返済されると認められるもの/1年内返済予定の関係会社長期借入金,1年内返済予定の関係会社長期借入金,jpfr-t-cte_CurrentPortionOfLongTermLoansPayableToSubsidiariesAndAffiliates,1,0,0
/貸借対照表/負債の部/流動負債/その他の負債で1年内に支払又は返済されると認められるもの/1年内返済予定の関係会社長期借入金,関係会社一年以内返済長期借入金,jpfr-t-cte_CurrentPortionOfLongTermLoansPayableToSubsidiariesAndAffiliates,1,0,0
/貸借対照表/負債の部/流動負債/その他の負債で1年内に支払又は返済されると認められるもの/1年内償還予定の転換社債,1年内償還予定の転換社債,jpfr-t-cte_CurrentPortionOfConvertibleBonds,1,0,0
/貸借対照表/負債の部/流動負債/その他の負債で1年内に支払又は返済されると認められるもの/1年内償還予定の転換社債,一年内償還転換社債,jpfr-t-cte_CurrentPortionOfConvertibleBonds,1,0,0
/貸借対照表/負債の部/流動負債/その他の負債で1年内に支払又は返済されると認められるもの/1年内償還予定の新株予約権付社債,1年内償還予定の新株予約権付社債,jpfr-t-cte_CurrentPortionOfBondsWithSubscriptionRightsToShares,0,0,0
/貸借対照表/負債の部/流動負債/その他の負債で1年内に支払又は返済されると認められるもの/1年内期限到来予定のその他の固定負債,1年内期限到来予定のその他の固定負債,jpfr-t-cte_CurrentPortionOfOtherNoncurrentLiabilities,0,0,0
/貸借対照表/負債の部/流動負債/その他の負債で1年内に支払又は返済されると認められるもの/仮受金,仮受金,jpfr-t-cte_SuspenseReceipt,1,0,0
/貸借対照表/負債の部/流動負債/その他の負債で1年内に支払又は返済されると認められるもの/仮受金,仮　受　金,jpfr-t-cte_SuspenseReceipt,1,0,0
/貸借対照表/負債の部/流動負債/その他の負債で1年内に支払又は返済されると認められるもの/仮受消費税等,仮受消費税等,jpfr-t-cte_SuspenseReceiptOfConsumptionTaxes,0,0,0
/貸借対照表/負債の部/流動負債/その他の負債で1年内に支払又は返済されると認められるもの/未払賞与,未払賞与,jpfr-t-cte_AccruedBonuses,0,0,0
/貸借対照表/負債の部/流動負債/その他の負債で1年内に支払又は返済されると認められるもの/未払役員報酬,未払役員報酬,jpfr-t-cte_DirectorsCompensationPayable,0,0,0
/貸借対照表/負債の部/流動負債/その他の負債で1年内に支払又は返済されると認められるもの/未払配当金,未払配当金,jpfr-t-cte_DividendsPayable,0,0,0
/貸借対照表/負債の部/流動負債/その他の負債で1年内に支払又は返済されると認められるもの/株主、役員又は従業員からの短期借入金,株主、役員又は従業員からの短期借入金,jpfr-t-cte_ShortTermLoansPayableToShareholdersDirectorsOrEmployees,0,0,0
/貸借対照表/負債の部/流動負債/その他の負債で1年内に支払又は返済されると認められるもの/株主、役員又は従業員からの預り金,株主、役員又は従業員からの預り金,jpfr-t-cte_DepositsReceivedFromShareholdersDirectorsOrEmployees,0,0,0
/貸借対照表/負債の部/流動負債/その他の負債で1年内に支払又は返済されると認められるもの/従業員預り金,従業員預り金,jpfr-t-cte_DepositsReceivedFromEmployees,0,0,0
/貸借対照表/負債の部/流動負債/圧縮未決算特別勘定,圧縮未決算特別勘定,jpfr-t-cte_SpecialSuspenseAccountForReductionEntry,0,0,0
/貸借対照表/負債の部/流動負債/新株引受権,新株引受権,jpfr-t-cte_SubscriptionRightsToSharesPrior,0,0,0
/貸借対照表/負債の部/流動負債/リース資産減損勘定,リース資産減損勘定,jpfr-t-cte_AccumulatedImpairmentLossOnLeasedAssetsCL,0,0,0
/貸借対照表/負債の部/流動負債/持分法適用に伴う負債,持分法適用に伴う負債、流動負債,jpfr-t-cte_LiabilitiesFromApplicationOfEquityMethodCL,0,0,0
/貸借対照表/負債の部/流動負債/企業結合に係る特定勘定,企業結合に係る特定勘定、流動負債,jpfr-t-cte_ProvisionIncurredFromABusinessCombinationCL,0,0,0
/貸借対照表/負債の部/流動負債/組織再編により生じた株式の特別勘定,組織再編により生じた株式の特別勘定、流動負債,jpfr-t-cte_StockSpecialAccountCausedByRestructuringCL,0,0,0
/貸借対照表/負債の部/流動負債/割賦利益繰延,割賦利益繰延,jpfr-t-cte_DeferredInstallmentIncomeCL,0,0,0
/貸借対照表/負債の部/流動負債/借入有価証券,借入有価証券,jpfr-t-cte_SecuritiesBorrowedCL,0,0,0
/貸借対照表/負債の部/流動負債/信用保証買掛金,信用保証買掛金,jpfr-t-cte_AccountsPayableCreditGuaranteeCL,0,0,0
/貸借対照表/負債の部/流動負債/貸借取引担保金,貸借取引担保金,jpfr-t-cte_CollateralMoneyReceivedForLoanTransactionsCL,0,0,0
/貸借対照表/負債の部/流動負債/貸付有価証券代り金,貸付有価証券代り金,jpfr-t-cte_CollateralMoneyReceivedForSecuritiesLentCL,0,0,0
/貸借対照表/負債の部/流動負債/その他の従業員預り金,その他の従業員預り金,jpfr-etax-t-cte_DepositsReceivedEmployeeOther,0,0,0
/貸借対照表/負債の部/流動負債/その他預り金,その他預り金,jpfr-etax-t-cte_DepositsReceivedOther,1,0,0
/貸借対照表/負債の部/流動負債/その他預り金,その他の預り金,jpfr-etax-t-cte_DepositsReceivedOther,1,0,0
/貸借対照表/負債の部/流動負債/その他,その他、流動負債,jpfr-t-cte_OtherCL,0,0,0
/貸借対照表/負債の部/流動負債/流動負債合計,流動負債合計,jpfr-t-cte_CurrentLiabilities,0,0,0
/貸借対照表/負債の部/固定負債,固定負債,jpfr-t-cte_NoncurrentLiabilitiesAbstract,0,0,0
/貸借対照表/負債の部/固定負債/社債,社債,jpfr-t-cte_BondsPayable,0,0,0
/貸借対照表/負債の部/固定負債/新株引受権,新株引受権、固定負債,jpfr-etax-t-cte_NoncurrentLiabilitiesStockWarrant,0,0,0
/貸借対照表/負債の部/固定負債/長期借入金,長期借入金,jpfr-t-cte_LongTermLoansPayable,0,0,0
/貸借対照表/負債の部/固定負債/関係会社長期借入金,関係会社長期借入金,jpfr-t-cte_LongTermLoansPayableToSubsidiariesAndAffiliates,0,0,0
/貸借対照表/負債の部/固定負債/株主、役員又は従業員からの長期借入金,株主、役員又は従業員からの長期借入金,jpfr-t-cte_LongTermLoansPayableToShareholdersDirectorsOrEmployees,0,0,0
/貸借対照表/負債の部/固定負債/リース債務,リース債務、固定負債,jpfr-t-cte_LeaseObligationsNCL,0,0,0
/貸借対照表/負債の部/固定負債/資産除去債務,資産除去債務、固定負債,jpfr-t-cte_AssetRetirementObligationsNCL,0,0,0
/貸借対照表/負債の部/固定負債/長期営業外支払手形,長期営業外支払手形,jpfr-etax-t-cte_LongTermNotesPayableOther,0,0,0
/貸借対照表/負債の部/固定負債/医業外支払手形,医業外支払手形、固定負債,jpfr-etax-t-cte_LongTermNotesPayableNonMedical,0,0,0
/貸借対照表/負債の部/固定負債/長期未払費用,長期未払費用,jpfr-etax-t-cte_LongTermAccruedExpenses,0,0,0
/貸借対照表/負債の部/固定負債/長期未払金,長期未払金,jpfr-t-cte_LongTermAccountsPayableOther,0,0,0
/貸借対照表/負債の部/固定負債/繰延ヘッジ利益,繰延ヘッジ利益,jpfr-etax-t-cte_NoncurrentLiabilitiesDeferredHedgeLiabilities,0,0,0
/貸借対照表/負債の部/固定負債/繰延税金負債,繰延税金負債、固定負債,jpfr-t-cte_DeferredTaxLiabilitiesNCL,0,0,0
/貸借対照表/負債の部/固定負債/退職給付引当金,退職給付引当金,jpfr-t-cte_ProvisionForRetirementBenefits,1,0,0
/貸借対照表/負債の部/固定負債/退職給付引当金,退職給与引当金,jpfr-t-cte_ProvisionForRetirementBenefits,1,0,0
/貸借対照表/負債の部/固定負債/引当金,引当金、固定負債、タイトル項目,jpfr-t-cte_ProvisionNCLAbstract,0,0,0
/貸借対照表/負債の部/固定負債/引当金/役員退職慰労引当金,役員退職慰労引当金,jpfr-t-cte_ProvisionForDirectorsRetirementBenefits,0,0,0
/貸借対照表/負債の部/固定負債/引当金/債務保証損失引当金,債務保証損失引当金,jpfr-t-cte_ProvisionForLossOnGuarantees,0,0,0
/貸借対照表/負債の部/固定負債/引当金/ポイント引当金,ポイント引当金、固定負債,jpfr-t-cte_ProvisionForPointCardCertificatesNCL,0,0,0
/貸借対照表/負債の部/固定負債/引当金/特別修繕引当金,特別修繕引当金,jpfr-t-cte_ProvisionForSpecialRepairs,0,0,0
/貸借対照表/負債の部/固定負債/引当金/修繕引当金,修繕引当金、固定負債,jpfr-t-cte_ProvisionForRepairsNCL,0,0,0
/貸借対照表/負債の部/固定負債/引当金/製品保証引当金,製品保証引当金、固定負債,jpfr-t-cte_ProvisionForProductWarrantiesNCL,0,0,0
/貸借対照表/負債の部/固定負債/引当金/関係会社整理損失引当金,関係会社整理損失引当金、固定負債,jpfr-t-cte_ProvisionForLossOnLiquidationOfSubsidiariesAndAffiliatesNCL,0,0,0
/貸借対照表/負債の部/固定負債/引当金/事業整理損失引当金,事業整理損失引当金、固定負債,jpfr-t-cte_ProvisionForLossOnBusinessLiquidationNCL,0,0,0
/貸借対照表/負債の部/固定負債/引当金/関係会社事業損失引当金,関係会社事業損失引当金、固定負債,jpfr-t-cte_ProvisionForLossOnBusinessOfSubsidiariesAndAffiliatesNCL,0,0,0
/貸借対照表/負債の部/固定負債/引当金/事業構造改善引当金,事業構造改善引当金、固定負債,jpfr-t-cte_ProvisionForBusinessStructureImprovementNCL,0,0,0
/貸借対照表/負債の部/固定負債/引当金/環境対策引当金,環境対策引当金、固定負債,jpfr-t-cte_ProvisionForEnvironmentalMeasuresNCL,0,0,0
/貸借対照表/負債の部/固定負債/引当金/訴訟損失引当金,訴訟損失引当金、固定負債,jpfr-t-cte_ProvisionForLossOnLitigationNCL,0,0,0
/貸借対照表/負債の部/固定負債/引当金/利息返還損失引当金,利息返還損失引当金、固定負債,jpfr-t-cte_ProvisionForLossOnInterestRepaymentNCL,0,0,0
/貸借対照表/負債の部/固定負債/引当金/偶発損失引当金,偶発損失引当金、固定負債,jpfr-t-cte_ProvisionForContingentLossNCL,0,0,0
/貸借対照表/負債の部/固定負債/引当金/災害損失引当金,災害損失引当金、固定負債,jpfr-t-cte_ProvisionForLossOnDisasterNCL,0,0,0
/貸借対照表/負債の部/固定負債/引当金/その他の引当金,その他の引当金、固定負債,jpfr-t-cte_OtherProvisionNCL,0,0,0
/貸借対照表/負債の部/固定負債/引当金/引当金,引当金、固定負債,jpfr-t-cte_ProvisionNCL,0,0,0
/貸借対照表/負債の部/固定負債/負ののれん,負ののれん,jpfr-t-cte_NegativeGoodwill,0,0,0
/貸借対照表/負債の部/固定負債/その他の負債で流動負債に属しないもの,その他の負債で流動負債に属しないもの,jpfr-t-cte_OtherLiabilitiesNotCurrentLiabilitiesNCLAbstract,0,0,0
/貸借対照表/負債の部/固定負債/その他の負債で流動負債に属しないもの/受入保証金,受入保証金,jpfr-t-cte_GuaranteeDepositsReceivedNCL,0,0,0
/貸借対照表/負債の部/固定負債/その他の負債で流動負債に属しないもの/長期預り金,長期預り金,jpfr-t-cte_LongTermDepositsReceived,1,0,0
/貸借対照表/負債の部/固定負債/その他の負債で流動負債に属しないもの/長期預り金,長期預かり金,jpfr-t-cte_LongTermDepositsReceived,1,0,0
/貸借対照表/負債の部/固定負債/その他の負債で流動負債に属しないもの/会員預り金,会員預り金,jpfr-t-cte_DepositsReceivedFromMembers,1,0,0
/貸借対照表/負債の部/固定負債/その他の負債で流動負債に属しないもの/会員預り金,会員預かり金,jpfr-t-cte_DepositsReceivedFromMembers,1,0,0
/貸借対照表/負債の部/固定負債/その他の負債で流動負債に属しないもの/長期割賦未払金,長期割賦未払金,jpfr-t-cte_LongTermAccountsPayableInstallmentPurchase,0,0,0
/貸借対照表/負債の部/固定負債/その他の負債で流動負債に属しないもの/受入敷金保証金,受入敷金保証金,jpfr-t-cte_LeaseAndGuaranteeDepositsReceived,0,0,0
/貸借対照表/負債の部/固定負債/その他の負債で流動負債に属しないもの/長期設備関係支払手形,長期設備関係支払手形,jpfr-t-cte_LongTermNotesPayableFacilities,1,0,0
/貸借対照表/負債の部/固定負債/その他の負債で流動負債に属しないもの/長期設備関係支払手形,長期設備支払手形,jpfr-t-cte_LongTermNotesPayableFacilities,1,0,0
/貸借対照表/負債の部/固定負債/その他の負債で流動負債に属しないもの/長期設備関係未払金,長期設備関係未払金,jpfr-t-cte_LongTermAccountsPayableFacilities,1,0,0
/貸借対照表/負債の部/固定負債/その他の負債で流動負債に属しないもの/長期設備関係未払金,長期設備未払金,jpfr-t-cte_LongTermAccountsPayableFacilities,1,0,0
/貸借対照表/負債の部/固定負債/その他の負債で流動負債に属しないもの/長期前受金,長期前受金,jpfr-t-cte_LongTermAdvancesReceived,0,0,0
/貸借対照表/負債の部/固定負債/その他の負債で流動負債に属しないもの/長期前受工事負担金,長期前受工事負担金,jpfr-t-cte_LongTermDeferredContributionForConstruction,0,0,0
/貸借対照表/負債の部/固定負債/その他の負債で流動負債に属しないもの/長期預り敷金,長期預り敷金,jpfr-t-cte_LongTermLeaseDeposited,1,0,0
/貸借対照表/負債の部/固定負債/その他の負債で流動負債に属しないもの/長期預り敷金,長期預かり敷金,jpfr-t-cte_LongTermLeaseDeposited,1,0,0
/貸借対照表/負債の部/固定負債/その他の負債で流動負債に属しないもの/長期預り敷金保証金,長期預り敷金保証金,jpfr-t-cte_LongTermLeaseAndGuaranteeDeposited,1,0,0
/貸借対照表/負債の部/固定負債/その他の負債で流動負債に属しないもの/長期預り敷金保証金,長期預かり敷金保証金,jpfr-t-cte_LongTermLeaseAndGuaranteeDeposited,1,0,0
/貸借対照表/負債の部/固定負債/その他の負債で流動負債に属しないもの/長期預り保証金,長期預り保証金,jpfr-t-cte_LongTermGuaranteeDeposited,1,0,0
/貸借対照表/負債の部/固定負債/その他の負債で流動負債に属しないもの/長期預り保証金,長期預かり保証金,jpfr-t-cte_LongTermGuaranteeDeposited,1,0,0
/貸借対照表/負債の部/固定負債/その他の負債で流動負債に属しないもの/保険契約準備金,保険契約準備金,jpfr-t-cte_ReserveForContractOfInsurance,0,0,0
/貸借対照表/負債の部/固定負債/その他の負債で流動負債に属しないもの/長期前受収益,長期前受収益,jpfr-t-cte_LongTermUnearnedRevenue,0,0,0
/貸借対照表/負債の部/固定負債/その他の負債で流動負債に属しないもの/デリバティブ債務,デリバティブ債務、固定負債,jpfr-t-cte_DerivativesLiabilitiesNCL,0,0,0
/貸借対照表/負債の部/固定負債/その他の負債で流動負債に属しないもの/デリバティブ債務/為替予約,為替予約、固定負債,jpfr-t-cte_ForwardExchangeContractsNCL,0,0,0
/貸借対照表/負債の部/固定負債/その他の負債で流動負債に属しないもの/デリバティブ債務/金利スワップ負債,金利スワップ負債、固定負債,jpfr-t-cte_InterestRateSwapLiabilitiesNCL,0,0,0
/貸借対照表/負債の部/固定負債/その他の負債で流動負債に属しないもの/デリバティブ債務/金利スワップ,金利スワップ、固定負債,jpfr-t-cte_InterestRateSwapNCL,0,0,0
/貸借対照表/負債の部/固定負債/その他の負債で流動負債に属しないもの/デリバティブ債務/売建通貨オプション,売建通貨オプション、固定負債,jpfr-t-cte_SoldCurrencyOptionNCL,0,0,0
/貸借対照表/負債の部/固定負債/その他の負債で流動負債に属しないもの/デリバティブ債務/通貨オプション,通貨オプション、固定負債,jpfr-t-cte_CurrencyOptionNCL,0,0,0
/貸借対照表/負債の部/固定負債/その他の負債で流動負債に属しないもの/デリバティブ債務/オプション負債,オプション負債、固定負債,jpfr-t-cte_OptionNCL,0,0,0
/貸借対照表/負債の部/固定負債/その他の負債で流動負債に属しないもの/長期リース資産減損勘定,長期リース資産減損勘定,jpfr-t-cte_AccumulatedImpairmentLossOnLongTermLeasedAssetsNCL,0,0,0
/貸借対照表/負債の部/固定負債/その他の負債で流動負債に属しないもの/再評価に係る繰延税金負債,再評価に係る繰延税金負債,jpfr-t-cte_DeferredTaxLiabilitiesForLandRevaluation,0,0,0
/貸借対照表/負債の部/固定負債/その他の負債で流動負債に属しないもの/持分法適用に伴う負債,持分法適用に伴う負債、固定負債,jpfr-t-cte_LiabilitiesFromApplicationOfEquityMethodNCL,0,0,0
/貸借対照表/負債の部/固定負債/その他の負債で流動負債に属しないもの/企業結合に係る特定勘定,企業結合に係る特定勘定、固定負債,jpfr-t-cte_ProvisionIncurredFromABusinessCombinationNCL,0,0,0
/貸借対照表/負債の部/固定負債/その他の負債で流動負債に属しないもの/組織再編により生じた株式の特別勘定,組織再編により生じた株式の特別勘定、固定負債,jpfr-t-cte_StockSpecialAccountCausedByRestructuringNCL,0,0,0
/貸借対照表/負債の部/固定負債/その他,その他、固定負債,jpfr-t-cte_OtherNCL,0,0,0
/貸借対照表/負債の部/固定負債/固定負債合計,固定負債合計,jpfr-t-cte_NoncurrentLiabilities,0,0,0
/貸借対照表/負債の部/特別法上の準備金,特別法上の準備金,jpfr-t-cte_ReservesUnderTheSpecialLawsAbstract1,0,0,0
/貸借対照表/負債の部/特別法上の準備金/特別法上の準備金合計,特別法上の準備金合計,jpfr-t-cte_ReservesUnderTheSpecialLaws1,0,0,0
/貸借対照表/負債の部/特別法上の引当金,特別法上の引当金,jpfr-t-cte_ReservesUnderTheSpecialLawsAbstract2,0,0,0
/貸借対照表/負債の部/特別法上の引当金/特別法上の引当金合計,特別法上の引当金合計,jpfr-t-cte_ReservesUnderTheSpecialLaws2,0,0,0
/貸借対照表/負債の部/負債合計,負債合計,jpfr-t-cte_Liabilities,0,0,0
/貸借対照表/純資産の部,純資産の部,jpfr-t-cte_NetAssetsAbstract,0,0,0
/貸借対照表/純資産の部/株主資本,株主資本,jpfr-t-cte_ShareholdersEquityAbstract,0,0,0
/貸借対照表/純資産の部/株主資本/資本金,資本金,jpfr-t-cte_CapitalStock,0,0,0
/貸借対照表/純資産の部/株主資本/新株式申込証拠金,新株式申込証拠金,jpfr-t-cte_DepositForSubscriptionsToShares,0,0,0
/貸借対照表/純資産の部/株主資本/資本剰余金,資本剰余金,jpfr-t-cte_CapitalSurplusAbstract,0,0,0
/貸借対照表/純資産の部/株主資本/資本剰余金/資本準備金,資本準備金,jpfr-t-cte_LegalCapitalSurplus,0,0,0
/貸借対照表/純資産の部/株主資本/資本剰余金/国庫等補助金,国庫等補助金,jpfr-etax-t-cte_NationalSubsidy,0,0,0
/貸借対照表/純資産の部/株主資本/資本剰余金/指定寄付金,指定寄付金,jpfr-etax-t-cte_DonationDesignatedOrganization,0,0,0
/貸借対照表/純資産の部/株主資本/資本剰余金/その他資本剰余金,その他資本剰余金,jpfr-t-cte_OtherCapitalSurplus,0,0,0
/貸借対照表/純資産の部/株主資本/資本剰余金/資本準備金減少額,資本準備金減少額,jpfr-etax-t-cte_TransferCapitalReserve,0,0,0
/貸借対照表/純資産の部/株主資本/資本剰余金/保険差益積立金,保険差益積立金,jpfr-etax-t-cte_GainInsuranceReserve,0,0,0
/貸借対照表/純資産の部/株主資本/資本剰余金/資本剰余金合計,資本剰余金合計,jpfr-t-cte_CapitalSurplus,0,0,0
/貸借対照表/純資産の部/株主資本/利益剰余金,利益剰余金,jpfr-t-cte_RetainedEarningsAbstract,0,0,0
/貸借対照表/純資産の部/株主資本/利益剰余金/利益準備金,利益準備金,jpfr-t-cte_LegalRetainedEarnings,0,0,0
/貸借対照表/純資産の部/株主資本/利益剰余金/代替基金,代替基金,jpfr-etax-t-cte_AlternateFundMED,0,0,0
/貸借対照表/純資産の部/株主資本/利益剰余金/その他利益剰余金,その他利益剰余金、タイトル項目,jpfr-t-cte_OtherRetainedEarningsAbstract,0,0,0
/貸借対照表/純資産の部/株主資本/利益剰余金/その他利益剰余金/積立金,積立金,jpfr-etax-t-cte_Reserve,0,0,0
/貸借対照表/純資産の部/株主資本/利益剰余金/その他利益剰余金/自由貿易地域投資損失準備金,自由貿易地域投資損失準備金,jpfr-etax-t-cte_FreeTradeAreaInvestmentLossReserve,0,0,0
/貸借対照表/純資産の部/株主資本/利益剰余金/その他利益剰余金/創業中小企業投資損失準備金,創業中小企業投資損失準備金,jpfr-etax-t-cte_FoundingSmallMediumSizedEnterpriseInvestmentLossReserve,0,0,0
/貸借対照表/純資産の部/株主資本/利益剰余金/その他利益剰余金/金属鉱業等鉱害防止準備金,金属鉱業等鉱害防止準備金,jpfr-etax-t-cte_MetalMiningPollutionPreventionReserve,0,0,0
/貸借対照表/純資産の部/株主資本/利益剰余金/その他利益剰余金/特定災害防止準備金,特定災害防止準備金,jpfr-etax-t-cte_SpecifiedDisastersPreventionReserve,0,0,0
/貸借対照表/純資産の部/株主資本/利益剰余金/その他利益剰余金/特定都市鉄道整備準備金,特定都市鉄道整備準備金,jpfr-etax-t-cte_SpecifiedUrbanRailroadMaintenanceReserve,0,0,0
/貸借対照表/純資産の部/株主資本/利益剰余金/その他利益剰余金/ガス熱量変更償却準備金,ガス熱量変更償却準備金,jpfr-etax-t-cte_GasCalorieChangeAmortizationReserve,0,0,0
/貸借対照表/純資産の部/株主資本/利益剰余金/その他利益剰余金/電子計算機買戻損失準備金,電子計算機買戻損失準備金,jpfr-etax-t-cte_ComputerRepurchaseLossReserve,0,0,0
/貸借対照表/純資産の部/株主資本/利益剰余金/その他利益剰余金/使用済核燃料再処理準備金,使用済核燃料再処理準備金,jpfr-etax-t-cte_SpentNuclearFuelReprocessingReserve,0,0,0
/貸借対照表/純資産の部/株主資本/利益剰余金/その他利益剰余金/原子力発電施設解体準備金,原子力発電施設解体準備金,jpfr-etax-t-cte_NuclearPowerGenerationSystemDismantlementReserve,0,0,0
/貸借対照表/純資産の部/株主資本/利益剰余金/その他利益剰余金/異常危険準備金,異常危険準備金,jpfr-etax-t-cte_ExtraordinaryDangerReserve,0,0,0
/貸借対照表/純資産の部/株主資本/利益剰余金/その他利益剰余金/特別修繕準備金,特別修繕準備金,jpfr-etax-t-cte_SpecialRepairReserve,0,0,0
/貸借対照表/純資産の部/株主資本/利益剰余金/その他利益剰余金/探鉱準備金,探鉱準備金,jpfr-etax-t-cte_MineProspectingReserve,0,0,0
/貸借対照表/純資産の部/株主資本/利益剰余金/その他利益剰余金/海外探鉱準備金,海外探鉱準備金,jpfr-etax-t-cte_OverseaMineProspectingReserve,0,0,0
/貸借対照表/純資産の部/株主資本/利益剰余金/その他利益剰余金/農用地利用集積準備金,農用地利用集積準備金,jpfr-etax-t-cte_UtilizationIntegrationLandFarmingReserve,0,0,0
/貸借対照表/純資産の部/株主資本/利益剰余金/その他利益剰余金/再評価積立金,再評価積立金,jpfr-etax-t-cte_RevaluationReserve,0,0,0
/貸借対照表/純資産の部/株主資本/利益剰余金/その他利益剰余金/退職給付積立金,退職給付積立金,jpfr-etax-t-cte_RevenueReserveRetirementBenefitsReserve,0,0,0
/貸借対照表/純資産の部/株主資本/利益剰余金/その他利益剰余金/公害防止準備金,公害防止準備金,jpfr-etax-t-cte_RevenueReservePollutionControlReserve,0,0,0
/貸借対照表/純資産の部/株主資本/利益剰余金/その他利益剰余金/減債積立金,減債積立金,jpfr-t-cte_ReserveForBondSinkingFund,0,0,0
/貸借対照表/純資産の部/株主資本/利益剰余金/その他利益剰余金/中間配当積立金,中間配当積立金,jpfr-t-cte_ReserveForInterimDividends,0,0,0
/貸借対照表/純資産の部/株主資本/利益剰余金/その他利益剰余金/配当平均積立金,配当平均積立金,jpfr-t-cte_ReserveForDividendEqualization,0,0,0
/貸借対照表/純資産の部/株主資本/利益剰余金/その他利益剰余金/事業拡張積立金,事業拡張積立金,jpfr-t-cte_ReserveForBusinessExpansion,0,0,0
/貸借対照表/純資産の部/株主資本/利益剰余金/その他利益剰余金/偶発損失積立金,偶発損失積立金,jpfr-etax-t-cte_ReserveForContingentLoss,0,0,0
/貸借対照表/純資産の部/株主資本/利益剰余金/その他利益剰余金/自家保険積立金,自家保険積立金,jpfr-t-cte_ReserveForPrivateInsurance,0,0,0
/貸借対照表/純資産の部/株主資本/利益剰余金/その他利益剰余金/固定資産圧縮積立金,固定資産圧縮積立金,jpfr-t-cte_ReserveForAdvancedDepreciationOfNoncurrentAssets,0,0,0
/貸借対照表/純資産の部/株主資本/利益剰余金/その他利益剰余金/固定資産圧縮特別勘定積立金,固定資産圧縮特別勘定積立金,jpfr-t-cte_ReserveForSpecialAccountForAdvancedDepreciationOfNoncurrentAssets,0,0,0
/貸借対照表/純資産の部/株主資本/利益剰余金/その他利益剰余金/特別償却準備金,特別償却準備金,jpfr-t-cte_ReserveForSpecialDepreciation,0,0,0
/貸借対照表/純資産の部/株主資本/利益剰余金/その他利益剰余金/プログラム等準備金,プログラム等準備金,jpfr-t-cte_ReserveForSoftwarePrograms,0,0,0
/貸借対照表/純資産の部/株主資本/利益剰余金/その他利益剰余金/海外投資等損失準備金,海外投資等損失準備金,jpfr-t-cte_ReserveForOverseasInvestmentLoss,0,0,0
/貸借対照表/純資産の部/株主資本/利益剰余金/その他利益剰余金/研究開発積立金,研究開発積立金,jpfr-t-cte_ReserveForResearchAndDevelopment,0,0,0
/貸借対照表/純資産の部/株主資本/利益剰余金/その他利益剰余金/配当積立金,配当積立金,jpfr-t-cte_ReserveForDividends1,0,0,0
/貸借対照表/純資産の部/株主資本/利益剰余金/その他利益剰余金/配当準備金,配当準備金,jpfr-t-cte_ReserveForDividends2,0,0,0
/貸借対照表/純資産の部/株主資本/利益剰余金/その他利益剰余金/配当準備積立金,配当準備積立金,jpfr-t-cte_ReserveForDividends3,0,0,0
/貸借対照表/純資産の部/株主資本/利益剰余金/その他利益剰余金/配当引当積立金,配当引当積立金,jpfr-t-cte_ReserveForDividends4,0,0,0
/貸借対照表/純資産の部/株主資本/利益剰余金/その他利益剰余金/退職給与積立金,退職給与積立金,jpfr-t-cte_ReserveForRetirementAllowance1,0,0,0
/貸借対照表/純資産の部/株主資本/利益剰余金/その他利益剰余金/退職積立金,退職積立金,jpfr-t-cte_ReserveForRetirementAllowance2,0,0,0
/貸借対照表/純資産の部/株主資本/利益剰余金/その他利益剰余金/退職手当積立金,退職手当積立金,jpfr-t-cte_ReserveForRetirementAllowance3,0,0,0
/貸借対照表/純資産の部/株主資本/利益剰余金/その他利益剰余金/退職慰労積立金,退職慰労積立金,jpfr-t-cte_ReserveForRetirementAllowance4,0,0,0
/貸借対照表/純資産の部/株主資本/利益剰余金/その他利益剰余金/役員退職積立金,役員退職積立金,jpfr-t-cte_ReserveForDirectorsRetirementAllowance,0,0,0
/貸借対照表/純資産の部/株主資本/利益剰余金/その他利益剰余金/圧縮記帳積立金,圧縮記帳積立金,jpfr-t-cte_ReserveForReductionEntry1,0,0,0
/貸借対照表/純資産の部/株主資本/利益剰余金/その他利益剰余金/圧縮積立金,圧縮積立金,jpfr-t-cte_ReserveForReductionEntry2,0,0,0
/貸借対照表/純資産の部/株主資本/利益剰余金/その他利益剰余金/土地圧縮積立金,土地圧縮積立金,jpfr-t-cte_ReserveForReductionEntryOfLand,0,0,0
/貸借対照表/純資産の部/株主資本/利益剰余金/その他利益剰余金/建物圧縮積立金,建物圧縮積立金,jpfr-t-cte_ReserveForReductionEntryOfBuildings,0,0,0
/貸借対照表/純資産の部/株主資本/利益剰余金/その他利益剰余金/不動産圧縮積立金,不動産圧縮積立金,jpfr-t-cte_ReserveForReductionEntryOfRealEstate,0,0,0
/貸借対照表/純資産の部/株主資本/利益剰余金/その他利益剰余金/資産圧縮積立金,資産圧縮積立金,jpfr-t-cte_ReserveForReductionEntryOfAssets,0,0,0
/貸借対照表/純資産の部/株主資本/利益剰余金/その他利益剰余金/償却資産圧縮積立金,償却資産圧縮積立金,jpfr-t-cte_ReserveForReductionEntryOfDepreciableAssets,0,0,0
/貸借対照表/純資産の部/株主資本/利益剰余金/その他利益剰余金/買換資産圧縮積立金,買換資産圧縮積立金,jpfr-t-cte_ReserveForReductionEntryOfReplacedProperty,0,0,0
/貸借対照表/純資産の部/株主資本/利益剰余金/その他利益剰余金/買換資産積立金,買換資産積立金,jpfr-t-cte_ReserveForPropertyReplacement,0,0,0
/貸借対照表/純資産の部/株主資本/利益剰余金/その他利益剰余金/特別償却積立金,特別償却積立金,jpfr-t-cte_ReserveForSpecialDepreciationGeneral,0,0,0
/貸借対照表/純資産の部/株主資本/利益剰余金/その他利益剰余金/特別積立金,特別積立金,jpfr-t-cte_SpecialReserve,0,0,0
/貸借対照表/純資産の部/株主資本/利益剰余金/その他利益剰余金/任意積立金,任意積立金,jpfr-t-cte_VoluntaryRetainedEarnings,0,0,0
/貸借対照表/純資産の部/株主資本/利益剰余金/その他利益剰余金/別途積立金,別途積立金,jpfr-t-cte_GeneralReserve,0,0,0
/貸借対照表/純資産の部/株主資本/利益剰余金/その他利益剰余金/繰越利益剰余金,繰越利益剰余金,jpfr-t-cte_RetainedEarningsBroughtForward,0,0,0
/貸借対照表/純資産の部/株主資本/利益剰余金/その他利益剰余金/その他利益剰余金,その他利益剰余金,jpfr-t-cte_OtherRetainedEarnings,0,0,0
/貸借対照表/純資産の部/株主資本/利益剰余金/利益剰余金合計,利益剰余金合計,jpfr-t-cte_RetainedEarnings,0,0,0
/貸借対照表/純資産の部/株主資本/自己株式,自己株式,jpfr-t-cte_TreasuryStock,0,0,0
/貸借対照表/純資産の部/株主資本/自己株式申込証拠金,自己株式申込証拠金,jpfr-t-cte_DepositForSubscriptionsToTreasuryStock,0,0,0
/貸借対照表/純資産の部/株主資本/株主資本合計,株主資本合計,jpfr-t-cte_ShareholdersEquity,0,0,0
/貸借対照表/純資産の部/評価・換算差額等,評価・換算差額等,jpfr-t-cte_ValuationAndTranslationAdjustmentsAbstract,0,0,0
/貸借対照表/純資産の部/評価・換算差額等/その他有価証券評価差額金,その他有価証券評価差額金,jpfr-t-cte_ValuationDifferenceOnAvailableForSaleSecurities,0,0,0
/貸借対照表/純資産の部/評価・換算差額等/繰延ヘッジ損益,繰延ヘッジ損益,jpfr-t-cte_DeferredGainsOrLossesOnHedges,0,0,0
/貸借対照表/純資産の部/評価・換算差額等/土地再評価差額金,土地再評価差額金,jpfr-t-cte_RevaluationReserveForLand,0,0,0
/貸借対照表/純資産の部/評価・換算差額等/為替換算調整勘定,為替換算調整勘定,jpfr-t-cte_ForeignCurrencyTranslationAdjustment,0,0,0
/貸借対照表/純資産の部/評価・換算差額等/評価・換算差額等合計,評価・換算差額等合計,jpfr-t-cte_ValuationAndTranslationAdjustments,0,0,0
/貸借対照表/純資産の部/新株予約権,新株予約権,jpfr-t-cte_SubscriptionRightsToShares,0,0,0
/貸借対照表/純資産の部/自己新株予約権,自己新株予約権,jpfr-t-cte_TreasurySubscriptionRightsToShares,0,0,0
/貸借対照表/純資産の部/少数株主持分,少数株主持分,jpfr-t-cte_MinorityInterests,0,0,0
/貸借対照表/純資産の部/基金,基金,jpfr-etax-t-cte_FundMED,0,0,0
/貸借対照表/純資産の部/純資産合計,純資産合計,jpfr-t-cte_NetAssets,0,0,0
/貸借対照表/負債純資産合計,負債純資産合計,jpfr-t-cte_LiabilitiesAndNetAssets,0,0,0
