/社員資本等変動計算書,社員資本等変動計算書,jpfr-etax-t-par_StatementsOfMembersEquityAbstract,0,0,0
/社員資本等変動計算書/社員資本,社員資本,jpfr-t-cte_ShareholdersEquitySSAbstract,0,0,0
/社員資本等変動計算書/社員資本/資本金,資本金,jpfr-t-cte_CapitalStockSSAbstract,0,0,0
/社員資本等変動計算書/社員資本/資本金/当期首残高,当期首残高、資本金,jpfr-t-cte_CapitalStock,0,0,0
/社員資本等変動計算書/社員資本/資本金/当期変動額,当期変動額、資本金、タイトル項目,jpfr-t-cte_ChangesOfItemsDuringThePeriodCAPAbstract,0,0,0
/社員資本等変動計算書/社員資本/資本金/当期変動額/新株の発行,新株の発行、資本金,jpfr-t-cte_IssuanceOfNewSharesCAP,0,0,0
/社員資本等変動計算書/社員資本/資本金/当期変動額/新株の発行（新株予約権の行使）,新株の発行（新株予約権の行使）,jpfr-t-cte_IssuanceOfNewSharesExerciseOfSubscriptionRightsToSharesCAP,1,0,0
/社員資本等変動計算書/社員資本/資本金/当期変動額/新株の発行（新株予約権の行使）,新株予約権の行使,jpfr-t-cte_IssuanceOfNewSharesExerciseOfSubscriptionRightsToSharesCAP,1,0,0
/社員資本等変動計算書/社員資本/資本金/当期変動額/合併による増加,合併による増加、資本金,jpfr-t-cte_IncreaseByMergerCAP,1,0,0
/社員資本等変動計算書/社員資本/資本金/当期変動額/合併による増加,企業結合による増加,jpfr-t-cte_IncreaseByMergerCAP,1,0,0
/社員資本等変動計算書/社員資本/資本金/当期変動額/会社分割による増加,会社分割による増加、資本金,jpfr-t-cte_IncreaseByCorporateDivisionCAP,0,0,0
/社員資本等変動計算書/社員資本/資本金/当期変動額/株式交換による増加,株式交換による増加、資本金,jpfr-t-cte_IncreaseByShareExchangesCAP,0,0,0
/社員資本等変動計算書/社員資本/資本金/当期変動額/株式移転による増加,株式移転による増加、資本金,jpfr-t-cte_IncreaseByShareTransfersCAP,0,0,0
/社員資本等変動計算書/社員資本/資本金/当期変動額/分割型の会社分割による減少,分割型の会社分割による減少、資本金,jpfr-t-cte_DecreaseByCorporateDivisionSplitOffTypeCAP,0,0,0
/社員資本等変動計算書/社員資本/資本金/当期変動額/資本金から準備金への振替,資本金から準備金への振替、資本金,jpfr-t-cte_TransferToLegalCapitalSurplusFromCapitalStockCAP,0,0,0
/社員資本等変動計算書/社員資本/資本金/当期変動額/資本金から剰余金への振替,資本金から剰余金への振替、資本金,jpfr-t-cte_TransferToOtherCapitalSurplusFromCapitalStockCAP,0,0,0
/社員資本等変動計算書/社員資本/資本金/当期変動額/準備金から資本金への振替,準備金から資本金への振替、資本金,jpfr-t-cte_TransferToCapitalStockFromLegalCapitalSurplusCAP,0,0,0
/社員資本等変動計算書/社員資本/資本金/当期変動額/減資,減資、資本金,jpfr-t-cte_CapitalReductionCAP,0,0,0
/社員資本等変動計算書/社員資本/資本金/当期変動額/当期変動額合計,当期変動額合計、資本金,jpfr-t-cte_TotalChangesOfItemsDuringThePeriodCAP,0,0,0
/社員資本等変動計算書/社員資本/資本金/当期末残高,当期末残高、資本金,jpfr-t-cte_CapitalStock,0,0,0
/社員資本等変動計算書/社員資本/資本剰余金,資本剰余金,jpfr-t-cte_CapitalSurplusSSAbstract,0,0,0
/社員資本等変動計算書/社員資本/資本剰余金/資本準備金,資本準備金,jpfr-t-cte_LegalCapitalSurplusSSAbstract,0,0,0
/社員資本等変動計算書/社員資本/資本剰余金/資本準備金/当期首残高,当期首残高、資本準備金,jpfr-t-cte_LegalCapitalSurplus,0,0,0
/社員資本等変動計算書/社員資本/資本剰余金/資本準備金/当期変動額,当期変動額、資本準備金、タイトル項目,jpfr-t-cte_ChangesOfItemsDuringThePeriodLCSAbstract,0,0,0
/社員資本等変動計算書/社員資本/資本剰余金/資本準備金/当期変動額/新株の発行,新株の発行、資本準備金,jpfr-t-cte_IssuanceOfNewSharesLCS,0,0,0
/社員資本等変動計算書/社員資本/資本剰余金/資本準備金/当期変動額/合併による増加,合併による増加、資本準備金,jpfr-t-cte_IncreaseByMergerLCS,0,0,0
/社員資本等変動計算書/社員資本/資本剰余金/資本準備金/当期変動額/会社分割による増加,会社分割による増加、資本準備金,jpfr-t-cte_IncreaseByCorporateDivisionLCS,0,0,0
/社員資本等変動計算書/社員資本/資本剰余金/資本準備金/当期変動額/株式交換による増加,株式交換による増加、資本準備金,jpfr-t-cte_IncreaseByShareExchangesLCS,0,0,0
/社員資本等変動計算書/社員資本/資本剰余金/資本準備金/当期変動額/株式移転による増加,株式移転による増加、資本準備金,jpfr-t-cte_IncreaseByShareTransfersLCS,0,0,0
/社員資本等変動計算書/社員資本/資本剰余金/資本準備金/当期変動額/分割型の会社分割による減少,分割型の会社分割による減少、資本準備金,jpfr-t-cte_DecreaseByCorporateDivisionSplitOffTypeLCS,0,0,0
/社員資本等変動計算書/社員資本/資本剰余金/資本準備金/当期変動額/資本金から準備金への振替,資本金から準備金への振替、資本準備金,jpfr-t-cte_TransferToLegalCapitalSurplusFromCapitalStockLCS,0,0,0
/社員資本等変動計算書/社員資本/資本剰余金/資本準備金/当期変動額/準備金から資本金への振替,準備金から資本金への振替、資本準備金,jpfr-t-cte_TransferToCapitalStockFromLegalCapitalSurplusLCS,0,0,0
/社員資本等変動計算書/社員資本/資本剰余金/資本準備金/当期変動額/準備金から剰余金への振替,準備金から剰余金への振替、資本準備金,jpfr-t-cte_TransferToOtherCapitalSurplusFromLegalCapitalSurplusLCS,0,0,0
/社員資本等変動計算書/社員資本/資本剰余金/資本準備金/当期変動額/欠損填補,欠損填補、資本準備金,jpfr-t-cte_DeficitDispositionLCS,0,0,0
/社員資本等変動計算書/社員資本/資本剰余金/資本準備金/当期変動額/資本準備金の取崩,資本準備金の取崩、資本準備金,jpfr-t-cte_ReversalOfLegalCapitalSurplusLCS,0,0,0
/社員資本等変動計算書/社員資本/資本剰余金/資本準備金/当期変動額/当期変動額合計,当期変動額合計、資本準備金,jpfr-t-cte_TotalChangesOfItemsDuringThePeriodLCS,0,0,0
/社員資本等変動計算書/社員資本/資本剰余金/資本準備金/当期末残高,当期末残高、資本準備金,jpfr-t-cte_LegalCapitalSurplus,0,0,0
/社員資本等変動計算書/社員資本/資本剰余金/国庫等補助金,国庫等補助金,jpfr-etax-t-cte_NationalSubsidyAbstract,0,0,0
/社員資本等変動計算書/社員資本/資本剰余金/国庫等補助金/当期首残高,当期首残高、国庫等補助金,jpfr-etax-t-cte_NationalSubsidy,0,0,0
/社員資本等変動計算書/社員資本/資本剰余金/国庫等補助金/当期変動額,当期変動額、国庫等補助金、タイトル項目,jpfr-etax-t-cte_ChangesOfItemsDuringThePeriodNSAbstract,0,0,0
/社員資本等変動計算書/社員資本/資本剰余金/国庫等補助金/当期変動額/当期変動額合計,当期変動額合計、国庫等補助金,jpfr-etax-t-cte_TotalChangesOfItemsDuringThePeriodNS,0,0,0
/社員資本等変動計算書/社員資本/資本剰余金/国庫等補助金/当期末残高,当期末残高、国庫等補助金,jpfr-etax-t-cte_NationalSubsidy,0,0,0
/社員資本等変動計算書/社員資本/資本剰余金/指定寄付金,指定寄付金,jpfr-etax-t-cte_DonationDesignatedOrganizationAbstract,0,0,0
/社員資本等変動計算書/社員資本/資本剰余金/指定寄付金/当期首残高,当期首残高、指定寄付金,jpfr-etax-t-cte_DonationDesignatedOrganization,0,0,0
/社員資本等変動計算書/社員資本/資本剰余金/指定寄付金/当期変動額,当期変動額、指定寄付金、タイトル項目,jpfr-etax-t-cte_ChangesOfItemsDuringThePeriodDDOAbstract,0,0,0
/社員資本等変動計算書/社員資本/資本剰余金/指定寄付金/当期変動額/当期変動額合計,当期変動額合計、指定寄付金,jpfr-etax-t-cte_TotalChangesOfItemsDuringThePeriodDDO,0,0,0
/社員資本等変動計算書/社員資本/資本剰余金/指定寄付金/当期末残高,当期末残高、指定寄付金,jpfr-etax-t-cte_DonationDesignatedOrganization,0,0,0
/社員資本等変動計算書/社員資本/資本剰余金/その他資本剰余金,その他資本剰余金,jpfr-t-cte_OtherCapitalSurplusSSAbstract,0,0,0
/社員資本等変動計算書/社員資本/資本剰余金/その他資本剰余金/当期首残高,当期首残高、その他資本剰余金,jpfr-t-cte_OtherCapitalSurplus,0,0,0
/社員資本等変動計算書/社員資本/資本剰余金/その他資本剰余金/当期変動額,当期変動額、その他資本剰余金、タイトル項目,jpfr-t-cte_ChangesOfItemsDuringThePeriodOCSAbstract,0,0,0
/社員資本等変動計算書/社員資本/資本剰余金/その他資本剰余金/当期変動額/剰余金（その他資本剰余金）の配当,剰余金（その他資本剰余金）の配当、その他資本剰余金,jpfr-t-cte_DividendsFromSurplusOtherCapitalSurplusOCS,0,0,0
/社員資本等変動計算書/社員資本/資本剰余金/その他資本剰余金/当期変動額/合併による増加,合併による増加、その他資本剰余金,jpfr-t-cte_IncreaseByMergerOCS,0,0,0
/社員資本等変動計算書/社員資本/資本剰余金/その他資本剰余金/当期変動額/会社分割による増加,会社分割による増加、その他資本剰余金,jpfr-t-cte_IncreaseByCorporateDivisionOCS,0,0,0
/社員資本等変動計算書/社員資本/資本剰余金/その他資本剰余金/当期変動額/株式交換による増加,株式交換による増加、その他資本剰余金,jpfr-t-cte_IncreaseByShareExchangesOCS,0,0,0
/社員資本等変動計算書/社員資本/資本剰余金/その他資本剰余金/当期変動額/株式移転による増加,株式移転による増加、その他資本剰余金,jpfr-t-cte_IncreaseByShareTransfersOCS,0,0,0
/社員資本等変動計算書/社員資本/資本剰余金/その他資本剰余金/当期変動額/分割型の会社分割による減少,分割型の会社分割による減少、その他資本剰余金,jpfr-t-cte_DecreaseByCorporateDivisionSplitOffTypeOCS,0,0,0
/社員資本等変動計算書/社員資本/資本剰余金/その他資本剰余金/当期変動額/資本金から剰余金への振替,資本金から剰余金への振替、その他資本剰余金,jpfr-t-cte_TransferToOtherCapitalSurplusFromCapitalStockOCS,0,0,0
/社員資本等変動計算書/社員資本/資本剰余金/その他資本剰余金/当期変動額/準備金から剰余金への振替,準備金から剰余金への振替、その他資本剰余金,jpfr-t-cte_TransferToOtherCapitalSurplusFromLegalCapitalSurplusOCS,0,0,0
/社員資本等変動計算書/社員資本/資本剰余金/その他資本剰余金/当期変動額/利益剰余金から資本剰余金への振替,利益剰余金から資本剰余金への振替、その他資本剰余金,jpfr-t-cte_TransferToCapitalSurplusFromRetainedEarningsOCS,0,0,0
/社員資本等変動計算書/社員資本/資本剰余金/その他資本剰余金/当期変動額/欠損填補,欠損填補、その他資本剰余金,jpfr-t-cte_DeficitDispositionOCS,0,0,0
/社員資本等変動計算書/社員資本/資本剰余金/その他資本剰余金/当期変動額/資本準備金の取崩,資本準備金の取崩、その他資本剰余金,jpfr-t-cte_ReversalOfLegalCapitalSurplusOCS,0,0,0
/社員資本等変動計算書/社員資本/資本剰余金/その他資本剰余金/当期変動額/減資,減資、その他資本剰余金,jpfr-t-cte_CapitalReductionOCS,0,0,0
/社員資本等変動計算書/社員資本/資本剰余金/その他資本剰余金/当期変動額/当期変動額合計,当期変動額合計、その他資本剰余金,jpfr-t-cte_TotalChangesOfItemsDuringThePeriodOCS,0,0,0
/社員資本等変動計算書/社員資本/資本剰余金/その他資本剰余金/当期末残高,当期末残高、その他資本剰余金,jpfr-t-cte_OtherCapitalSurplus,0,0,0
/社員資本等変動計算書/社員資本/資本剰余金/資本準備金減少額,資本準備金減少額,jpfr-etax-t-cte_TransferCapitalReserveAbstract,0,0,0
/社員資本等変動計算書/社員資本/資本剰余金/資本準備金減少額/当期首残高,当期首残高、資本準備金減少額,jpfr-etax-t-cte_TransferCapitalReserve,0,0,0
/社員資本等変動計算書/社員資本/資本剰余金/資本準備金減少額/当期変動額,当期変動額、資本準備金減少額、タイトル項目,jpfr-etax-t-cte_ChangesOfItemsDuringThePeriodTCRAbstract,0,0,0
/社員資本等変動計算書/社員資本/資本剰余金/資本準備金減少額/当期変動額/当期変動額合計,当期変動額合計、資本準備金減少額,jpfr-etax-t-cte_TotalChangesOfItemsDuringThePeriodTCR,0,0,0
/社員資本等変動計算書/社員資本/資本剰余金/資本準備金減少額/当期末残高,当期末残高、資本準備金減少額,jpfr-etax-t-cte_TransferCapitalReserve,0,0,0
/社員資本等変動計算書/社員資本/資本剰余金/保険差益積立金,保険差益積立金,jpfr-etax-t-cte_GainInsuranceReserveAbstract,0,0,0
/社員資本等変動計算書/社員資本/資本剰余金/保険差益積立金/当期首残高,当期首残高、保険差益積立金,jpfr-etax-t-cte_GainInsuranceReserve,0,0,0
/社員資本等変動計算書/社員資本/資本剰余金/保険差益積立金/当期変動額,当期変動額、保険差益積立金、タイトル項目,jpfr-etax-t-cte_ChangesOfItemsDuringThePeriodGIRAbstract,0,0,0
/社員資本等変動計算書/社員資本/資本剰余金/保険差益積立金/当期変動額/当期変動額合計,当期変動額合計、保険差益積立金,jpfr-etax-t-cte_TotalChangesOfItemsDuringThePeriodGIR,0,0,0
/社員資本等変動計算書/社員資本/資本剰余金/保険差益積立金/当期末残高,当期末残高、保険差益積立金,jpfr-etax-t-cte_GainInsuranceReserve,0,0,0
/社員資本等変動計算書/社員資本/資本剰余金/資本剰余金合計,資本剰余金合計,jpfr-t-cte_TotalCapitalSurplusSSAbstract,0,0,0
/社員資本等変動計算書/社員資本/資本剰余金/資本剰余金合計/当期首残高,当期首残高、資本剰余金,jpfr-t-cte_CapitalSurplus,0,0,0
/社員資本等変動計算書/社員資本/資本剰余金/資本剰余金合計/当期変動額,当期変動額、資本剰余金、タイトル項目,jpfr-t-cte_ChangesOfItemsDuringThePeriodCSAbstract,0,0,0
/社員資本等変動計算書/社員資本/資本剰余金/資本剰余金合計/当期変動額/新株の発行,新株の発行、資本剰余金,jpfr-t-cte_IssuanceOfNewSharesCS,0,0,0
/社員資本等変動計算書/社員資本/資本剰余金/資本剰余金合計/当期変動額/剰余金（その他資本剰余金）の配当,剰余金（その他資本剰余金）の配当、資本剰余金,jpfr-t-cte_DividendsFromSurplusOtherCapitalSurplusCS,0,0,0
/社員資本等変動計算書/社員資本/資本剰余金/資本剰余金合計/当期変動額/合併による増加,合併による増加、資本剰余金,jpfr-t-cte_IncreaseByMergerCS,0,0,0
/社員資本等変動計算書/社員資本/資本剰余金/資本剰余金合計/当期変動額/株式交換による増加,株式交換による増加、資本剰余金,jpfr-t-cte_IncreaseByShareExchangesCS,0,0,0
/社員資本等変動計算書/社員資本/資本剰余金/資本剰余金合計/当期変動額/分割型の会社分割による減少,分割型の会社分割による減少、資本剰余金,jpfr-t-cte_DecreaseByCorporateDivisionSplitOffTypeCS,0,0,0
/社員資本等変動計算書/社員資本/資本剰余金/資本剰余金合計/当期変動額/資本金から剰余金への振替,資本金から剰余金への振替、資本剰余金,jpfr-t-cte_TransferToOtherCapitalSurplusFromCapitalStockCS,0,0,0
/社員資本等変動計算書/社員資本/資本剰余金/資本剰余金合計/当期変動額/準備金から剰余金への振替,準備金から剰余金への振替、資本剰余金,jpfr-t-cte_TransferToOtherCapitalSurplusFromLegalCapitalSurplusCS,0,0,0
/社員資本等変動計算書/社員資本/資本剰余金/資本剰余金合計/当期変動額/利益剰余金から資本剰余金への振替,利益剰余金から資本剰余金への振替、資本剰余金,jpfr-t-cte_TransferToCapitalSurplusFromRetainedEarningsCS,0,0,0
/社員資本等変動計算書/社員資本/資本剰余金/資本剰余金合計/当期変動額/欠損填補,欠損填補、資本剰余金,jpfr-t-cte_DeficitDispositionCS,0,0,0
/社員資本等変動計算書/社員資本/資本剰余金/資本剰余金合計/当期変動額/資本準備金の取崩,資本準備金の取崩、資本剰余金,jpfr-t-cte_ReversalOfLegalCapitalSurplusCS,0,0,0
/社員資本等変動計算書/社員資本/資本剰余金/資本剰余金合計/当期変動額/減資,減資、資本剰余金,jpfr-t-cte_CapitalReductionCS,0,0,0
/社員資本等変動計算書/社員資本/資本剰余金/資本剰余金合計/当期変動額/当期変動額合計,当期変動額合計、資本剰余金,jpfr-t-cte_TotalChangesOfItemsDuringThePeriodCS,0,0,0
/社員資本等変動計算書/社員資本/資本剰余金/資本剰余金合計/当期末残高,当期末残高、資本剰余金,jpfr-t-cte_CapitalSurplus,0,0,0
/社員資本等変動計算書/社員資本/利益剰余金,利益剰余金,jpfr-t-cte_RetainedEarningsSSAbstract,0,0,0
/社員資本等変動計算書/社員資本/利益剰余金/利益準備金,利益準備金,jpfr-t-cte_LegalRetainedEarningsSSAbstract,0,0,0
/社員資本等変動計算書/社員資本/利益剰余金/利益準備金/当期首残高,当期首残高、利益準備金,jpfr-t-cte_LegalRetainedEarnings,0,0,0
/社員資本等変動計算書/社員資本/利益剰余金/利益準備金/当期変動額,当期変動額、利益準備金、タイトル項目,jpfr-t-cte_ChangesOfItemsDuringThePeriodLREAbstract,0,0,0
/社員資本等変動計算書/社員資本/利益剰余金/利益準備金/当期変動額/剰余金の配当,剰余金の配当、利益準備金,jpfr-t-cte_DividendsFromSurplusLRE,0,0,0
/社員資本等変動計算書/社員資本/利益剰余金/利益準備金/当期変動額/合併による増加,合併による増加、利益準備金,jpfr-t-cte_IncreaseByMergerLRE,0,0,0
/社員資本等変動計算書/社員資本/利益剰余金/利益準備金/当期変動額/会社分割による増加,会社分割による増加、利益準備金,jpfr-t-cte_IncreaseByCorporateDivisionLRE,0,0,0
/社員資本等変動計算書/社員資本/利益剰余金/利益準備金/当期変動額/株式交換による増加,株式交換による増加、利益準備金,jpfr-t-cte_IncreaseByShareExchangesLRE,0,0,0
/社員資本等変動計算書/社員資本/利益剰余金/利益準備金/当期変動額/株式移転による増加,株式移転による増加、利益準備金,jpfr-t-cte_IncreaseByShareTransfersLRE,0,0,0
/社員資本等変動計算書/社員資本/利益剰余金/利益準備金/当期変動額/分割型の会社分割による減少,分割型の会社分割による減少、利益準備金,jpfr-t-cte_DecreaseByCorporateDivisionSplitOffTypeLRE,0,0,0
/社員資本等変動計算書/社員資本/利益剰余金/利益準備金/当期変動額/利益準備金の積立,利益準備金の積立、利益準備金,jpfr-t-cte_ProvisionOfLegalRetainedEarningsLRE,0,0,0
/社員資本等変動計算書/社員資本/利益剰余金/利益準備金/当期変動額/利益準備金の取崩,利益準備金の取崩、利益準備金,jpfr-t-cte_ReversalOfLegalRetainedEarningsLRE,0,0,0
/社員資本等変動計算書/社員資本/利益剰余金/利益準備金/当期変動額/当期変動額合計,当期変動額合計、利益準備金,jpfr-t-cte_TotalChangesOfItemsDuringThePeriodLRE,0,0,0
/社員資本等変動計算書/社員資本/利益剰余金/利益準備金/当期末残高,当期末残高、利益準備金,jpfr-t-cte_LegalRetainedEarnings,0,0,0
/社員資本等変動計算書/社員資本/利益剰余金/代替基金,代替基金,jpfr-etax-t-cte_AlternateFundMEDAbstract,0,0,0
/社員資本等変動計算書/社員資本/利益剰余金/代替基金/当期首残高,当期首残高、代替基金,jpfr-etax-t-cte_AlternateFundMED,0,0,0
/社員資本等変動計算書/社員資本/利益剰余金/代替基金/当期変動額,当期変動額、代替基金、タイトル項目,jpfr-etax-t-cte_ChangesOfItemsDuringThePeriodReserveAbstractAFM,0,0,0
/社員資本等変動計算書/社員資本/利益剰余金/代替基金/当期変動額/当期変動額合計,当期変動額合計、代替基金,jpfr-etax-t-cte_TotalChangesOfItemsDuringThePeriodAFM,0,0,0
/社員資本等変動計算書/社員資本/利益剰余金/代替基金/当期末残高,当期末残高、代替基金,jpfr-etax-t-cte_AlternateFundMED,0,0,0
/社員資本等変動計算書/社員資本/利益剰余金/その他利益剰余金,その他利益剰余金、株主資本等変動計算書、タイトル項目,jpfr-t-cte_OtherRetainedEarningsSSAbstract,0,0,0
/社員資本等変動計算書/社員資本/利益剰余金/その他利益剰余金/積立金,積立金,jpfr-etax-t-cte_ReserveAbstract,0,0,0
/社員資本等変動計算書/社員資本/利益剰余金/その他利益剰余金/積立金/当期首残高,当期首残高、積立金,jpfr-etax-t-cte_Reserve,0,0,0
/社員資本等変動計算書/社員資本/利益剰余金/その他利益剰余金/積立金/当期変動額,当期変動額、積立金、タイトル項目,jpfr-etax-t-cte_ChangesOfItemsDuringThePeriodReserveAbstract,0,0,0
/社員資本等変動計算書/社員資本/利益剰余金/その他利益剰余金/積立金/当期変動額/当期変動額合計,当期変動額合計、積立金,jpfr-etax-t-cte_TotalChangesOfItemsDuringThePeriodReserve,0,0,0
/社員資本等変動計算書/社員資本/利益剰余金/その他利益剰余金/積立金/当期末残高,当期末残高、積立金,jpfr-etax-t-cte_Reserve,0,0,0
/社員資本等変動計算書/社員資本/利益剰余金/その他利益剰余金/自由貿易地域投資損失準備金,自由貿易地域投資損失準備金,jpfr-etax-t-cte_FreeTradeAreaInvestmentLossReserveAbstract,0,0,0
/社員資本等変動計算書/社員資本/利益剰余金/その他利益剰余金/自由貿易地域投資損失準備金/当期首残高,当期首残高、自由貿易地域投資損失準備金,jpfr-etax-t-cte_FreeTradeAreaInvestmentLossReserve,0,0,0
/社員資本等変動計算書/社員資本/利益剰余金/その他利益剰余金/自由貿易地域投資損失準備金/当期変動額,当期変動額、自由貿易地域投資損失準備金、タイトル項目,jpfr-etax-t-cte_ChangesOfItemsDuringThePeriodFIRAbstract,0,0,0
/社員資本等変動計算書/社員資本/利益剰余金/その他利益剰余金/自由貿易地域投資損失準備金/当期変動額/当期変動額合計,当期変動額合計、自由貿易地域投資損失準備金,jpfr-etax-t-cte_TotalChangesOfItemsDuringThePeriodFIR,0,0,0
/社員資本等変動計算書/社員資本/利益剰余金/その他利益剰余金/自由貿易地域投資損失準備金/当期末残高,当期末残高、自由貿易地域投資損失準備金,jpfr-etax-t-cte_FreeTradeAreaInvestmentLossReserve,0,0,0
/社員資本等変動計算書/社員資本/利益剰余金/その他利益剰余金/創業中小企業投資損失準備金,創業中小企業投資損失準備金,jpfr-etax-t-cte_FoundingSmallMediumSizedEnterpriseInvestmentLossReserveAbstract,0,0,0
/社員資本等変動計算書/社員資本/利益剰余金/その他利益剰余金/創業中小企業投資損失準備金/当期首残高,当期首残高、創業中小企業投資損失準備金,jpfr-etax-t-cte_FoundingSmallMediumSizedEnterpriseInvestmentLossReserve,0,0,0
/社員資本等変動計算書/社員資本/利益剰余金/その他利益剰余金/創業中小企業投資損失準備金/当期変動額,当期変動額、創業中小企業投資損失準備金、タイトル項目,jpfr-etax-t-cte_ChangesOfItemsDuringThePeriodFEIRAbstract,0,0,0
/社員資本等変動計算書/社員資本/利益剰余金/その他利益剰余金/創業中小企業投資損失準備金/当期変動額/当期変動額合計,当期変動額合計、創業中小企業投資損失準備金,jpfr-etax-t-cte_TotalChangesOfItemsDuringThePeriodFEIR,0,0,0
/社員資本等変動計算書/社員資本/利益剰余金/その他利益剰余金/創業中小企業投資損失準備金/当期末残高,当期末残高、創業中小企業投資損失準備金,jpfr-etax-t-cte_FoundingSmallMediumSizedEnterpriseInvestmentLossReserve,0,0,0
/社員資本等変動計算書/社員資本/利益剰余金/その他利益剰余金/金属鉱業等鉱害防止準備金,金属鉱業等鉱害防止準備金,jpfr-etax-t-cte_MetalMiningPollutionPreventionReserveAbstract,0,0,0
/社員資本等変動計算書/社員資本/利益剰余金/その他利益剰余金/金属鉱業等鉱害防止準備金/当期首残高,当期首残高、金属鉱業等鉱害防止準備金,jpfr-etax-t-cte_MetalMiningPollutionPreventionReserve,0,0,0
/社員資本等変動計算書/社員資本/利益剰余金/その他利益剰余金/金属鉱業等鉱害防止準備金/当期変動額,当期変動額、金属鉱業等鉱害防止準備金、タイトル項目,jpfr-etax-t-cte_ChangesOfItemsDuringThePeriodMPPRAbstract,0,0,0
/社員資本等変動計算書/社員資本/利益剰余金/その他利益剰余金/金属鉱業等鉱害防止準備金/当期変動額/当期変動額合計,当期変動額合計、金属鉱業等鉱害防止準備金,jpfr-etax-t-cte_TotalChangesOfItemsDuringThePeriodMPPR,0,0,0
/社員資本等変動計算書/社員資本/利益剰余金/その他利益剰余金/金属鉱業等鉱害防止準備金/当期末残高,当期末残高、金属鉱業等鉱害防止準備金,jpfr-etax-t-cte_MetalMiningPollutionPreventionReserve,0,0,0
/社員資本等変動計算書/社員資本/利益剰余金/その他利益剰余金/特定災害防止準備金,特定災害防止準備金,jpfr-etax-t-cte_SpecifiedDisastersPreventionReserveAbstract,0,0,0
/社員資本等変動計算書/社員資本/利益剰余金/その他利益剰余金/特定災害防止準備金/当期首残高,当期首残高、特定災害防止準備金,jpfr-etax-t-cte_SpecifiedDisastersPreventionReserve,0,0,0
/社員資本等変動計算書/社員資本/利益剰余金/その他利益剰余金/特定災害防止準備金/当期変動額,当期変動額、特定災害防止準備金、タイトル項目,jpfr-etax-t-cte_ChangesOfItemsDuringThePeriodSDRAbstract,0,0,0
/社員資本等変動計算書/社員資本/利益剰余金/その他利益剰余金/特定災害防止準備金/当期変動額/当期変動額合計,当期変動額合計、特定災害防止準備金,jpfr-etax-t-cte_TotalChangesOfItemsDuringThePeriodSDR,0,0,0
/社員資本等変動計算書/社員資本/利益剰余金/その他利益剰余金/特定災害防止準備金/当期末残高,当期末残高、特定災害防止準備金,jpfr-etax-t-cte_SpecifiedDisastersPreventionReserve,0,0,0
/社員資本等変動計算書/社員資本/利益剰余金/その他利益剰余金/特定都市鉄道整備準備金,特定都市鉄道整備準備金,jpfr-etax-t-cte_SpecifiedUrbanRailroadMaintenanceReserveAbstract,0,0,0
/社員資本等変動計算書/社員資本/利益剰余金/その他利益剰余金/特定都市鉄道整備準備金/当期首残高,当期首残高、特定都市鉄道整備準備金,jpfr-etax-t-cte_SpecifiedUrbanRailroadMaintenanceReserve,0,0,0
/社員資本等変動計算書/社員資本/利益剰余金/その他利益剰余金/特定都市鉄道整備準備金/当期変動額,当期変動額、特定都市鉄道整備準備金、タイトル項目,jpfr-etax-t-cte_ChangesOfItemsDuringThePeriodSMRAbstract,0,0,0
/社員資本等変動計算書/社員資本/利益剰余金/その他利益剰余金/特定都市鉄道整備準備金/当期変動額/当期変動額合計,当期変動額合計、特定都市鉄道整備準備金,jpfr-etax-t-cte_TotalChangesOfItemsDuringThePeriodSMR,0,0,0
/社員資本等変動計算書/社員資本/利益剰余金/その他利益剰余金/特定都市鉄道整備準備金/当期末残高,当期末残高、特定都市鉄道整備準備金,jpfr-etax-t-cte_SpecifiedUrbanRailroadMaintenanceReserve,0,0,0
/社員資本等変動計算書/社員資本/利益剰余金/その他利益剰余金/ガス熱量変更償却準備金,ガス熱量変更償却準備金,jpfr-etax-t-cte_GasCalorieChangeAmortizationReserveAbstract,0,0,0
/社員資本等変動計算書/社員資本/利益剰余金/その他利益剰余金/ガス熱量変更償却準備金/当期首残高,当期首残高、ガス熱量変更償却準備金,jpfr-etax-t-cte_GasCalorieChangeAmortizationReserve,0,0,0
/社員資本等変動計算書/社員資本/利益剰余金/その他利益剰余金/ガス熱量変更償却準備金/当期変動額,当期変動額、ガス熱量変更償却準備金、タイトル項目,jpfr-etax-t-cte_ChangesOfItemsDuringThePeriodGCRAbstract,0,0,0
/社員資本等変動計算書/社員資本/利益剰余金/その他利益剰余金/ガス熱量変更償却準備金/当期変動額/当期変動額合計,当期変動額合計、ガス熱量変更償却準備金,jpfr-etax-t-cte_TotalChangesOfItemsDuringThePeriodGCR,0,0,0
/社員資本等変動計算書/社員資本/利益剰余金/その他利益剰余金/ガス熱量変更償却準備金/当期末残高,当期末残高、ガス熱量変更償却準備金,jpfr-etax-t-cte_GasCalorieChangeAmortizationReserve,0,0,0
/社員資本等変動計算書/社員資本/利益剰余金/その他利益剰余金/電子計算機買戻損失準備金,電子計算機買戻損失準備金,jpfr-etax-t-cte_ComputerRepurchaseLossReserveAbstract,0,0,0
/社員資本等変動計算書/社員資本/利益剰余金/その他利益剰余金/電子計算機買戻損失準備金/当期首残高,当期首残高、電子計算機買戻損失準備金,jpfr-etax-t-cte_ComputerRepurchaseLossReserve,0,0,0
/社員資本等変動計算書/社員資本/利益剰余金/その他利益剰余金/電子計算機買戻損失準備金/当期変動額,当期変動額、電子計算機買戻損失準備金、タイトル項目,jpfr-etax-t-cte_ChangesOfItemsDuringThePeriodCLRAbstract,0,0,0
/社員資本等変動計算書/社員資本/利益剰余金/その他利益剰余金/電子計算機買戻損失準備金/当期変動額/当期変動額合計,当期変動額合計、電子計算機買戻損失準備金,jpfr-etax-t-cte_TotalChangesOfItemsDuringThePeriodCLR,0,0,0
/社員資本等変動計算書/社員資本/利益剰余金/その他利益剰余金/電子計算機買戻損失準備金/当期末残高,当期末残高、電子計算機買戻損失準備金,jpfr-etax-t-cte_ComputerRepurchaseLossReserve,0,0,0
/社員資本等変動計算書/社員資本/利益剰余金/その他利益剰余金/使用済核燃料再処理準備金,使用済核燃料再処理準備金,jpfr-etax-t-cte_SpentNuclearFuelReprocessingReserveAbstract,0,0,0
/社員資本等変動計算書/社員資本/利益剰余金/その他利益剰余金/使用済核燃料再処理準備金/当期首残高,当期首残高、使用済核燃料再処理準備金,jpfr-etax-t-cte_SpentNuclearFuelReprocessingReserve,0,0,0
/社員資本等変動計算書/社員資本/利益剰余金/その他利益剰余金/使用済核燃料再処理準備金/当期変動額,当期変動額、使用済核燃料再処理準備金、タイトル項目,jpfr-etax-t-cte_ChangesOfItemsDuringThePeriodSFRAbstract,0,0,0
/社員資本等変動計算書/社員資本/利益剰余金/その他利益剰余金/使用済核燃料再処理準備金/当期変動額/当期変動額合計,当期変動額合計、使用済核燃料再処理準備金,jpfr-etax-t-cte_TotalChangesOfItemsDuringThePeriodSFR,0,0,0
/社員資本等変動計算書/社員資本/利益剰余金/その他利益剰余金/使用済核燃料再処理準備金/当期末残高,当期末残高、使用済核燃料再処理準備金,jpfr-etax-t-cte_SpentNuclearFuelReprocessingReserve,0,0,0
/社員資本等変動計算書/社員資本/利益剰余金/その他利益剰余金/原子力発電施設解体準備金,原子力発電施設解体準備金,jpfr-etax-t-cte_NuclearPowerGenerationSystemDismantlementReserveAbstract,0,0,0
/社員資本等変動計算書/社員資本/利益剰余金/その他利益剰余金/原子力発電施設解体準備金/当期首残高,当期首残高、原子力発電施設解体準備金,jpfr-etax-t-cte_NuclearPowerGenerationSystemDismantlementReserve,0,0,0
/社員資本等変動計算書/社員資本/利益剰余金/その他利益剰余金/原子力発電施設解体準備金/当期変動額,当期変動額、原子力発電施設解体準備金、タイトル項目,jpfr-etax-t-cte_ChangesOfItemsDuringThePeriodNDRAbstract,0,0,0
/社員資本等変動計算書/社員資本/利益剰余金/その他利益剰余金/原子力発電施設解体準備金/当期変動額/当期変動額合計,当期変動額合計、原子力発電施設解体準備金,jpfr-etax-t-cte_TotalChangesOfItemsDuringThePeriodNDR,0,0,0
/社員資本等変動計算書/社員資本/利益剰余金/その他利益剰余金/原子力発電施設解体準備金/当期末残高,当期末残高、原子力発電施設解体準備金,jpfr-etax-t-cte_NuclearPowerGenerationSystemDismantlementReserve,0,0,0
/社員資本等変動計算書/社員資本/利益剰余金/その他利益剰余金/異常危険準備金,異常危険準備金,jpfr-etax-t-cte_ExtraordinaryDangerReserveAbstract,0,0,0
/社員資本等変動計算書/社員資本/利益剰余金/その他利益剰余金/異常危険準備金/当期首残高,当期首残高、異常危険準備金,jpfr-etax-t-cte_ExtraordinaryDangerReserve,0,0,0
/社員資本等変動計算書/社員資本/利益剰余金/その他利益剰余金/異常危険準備金/当期変動額,当期変動額、異常危険準備金、タイトル項目,jpfr-etax-t-cte_ChangesOfItemsDuringThePeriodEDRAbstract,0,0,0
/社員資本等変動計算書/社員資本/利益剰余金/その他利益剰余金/異常危険準備金/当期変動額/当期変動額合計,当期変動額合計、異常危険準備金,jpfr-etax-t-cte_TotalChangesOfItemsDuringThePeriodEDR,0,0,0
/社員資本等変動計算書/社員資本/利益剰余金/その他利益剰余金/異常危険準備金/当期末残高,当期末残高、異常危険準備金,jpfr-etax-t-cte_ExtraordinaryDangerReserve,0,0,0
/社員資本等変動計算書/社員資本/利益剰余金/その他利益剰余金/特別修繕準備金,特別修繕準備金,jpfr-etax-t-cte_SpecialRepairReserveAbstract,0,0,0
/社員資本等変動計算書/社員資本/利益剰余金/その他利益剰余金/特別修繕準備金/当期首残高,当期首残高、特別修繕準備金,jpfr-etax-t-cte_SpecialRepairReserve,0,0,0
/社員資本等変動計算書/社員資本/利益剰余金/その他利益剰余金/特別修繕準備金/当期変動額,当期変動額、特別修繕準備金、タイトル項目,jpfr-etax-t-cte_ChangesOfItemsDuringThePeriodSRRAbstract,0,0,0
/社員資本等変動計算書/社員資本/利益剰余金/その他利益剰余金/特別修繕準備金/当期変動額/当期変動額合計,当期変動額合計、特別修繕準備金,jpfr-etax-t-cte_TotalChangesOfItemsDuringThePeriodSRR,0,0,0
/社員資本等変動計算書/社員資本/利益剰余金/その他利益剰余金/特別修繕準備金/当期末残高,当期末残高、特別修繕準備金,jpfr-etax-t-cte_SpecialRepairReserve,0,0,0
/社員資本等変動計算書/社員資本/利益剰余金/その他利益剰余金/探鉱準備金,探鉱準備金,jpfr-etax-t-cte_MineProspectingReserveAbstract,0,0,0
/社員資本等変動計算書/社員資本/利益剰余金/その他利益剰余金/探鉱準備金/当期首残高,当期首残高、探鉱準備金,jpfr-etax-t-cte_MineProspectingReserve,0,0,0
/社員資本等変動計算書/社員資本/利益剰余金/その他利益剰余金/探鉱準備金/当期変動額,当期変動額、探鉱準備金、タイトル項目,jpfr-etax-t-cte_ChangesOfItemsDuringThePeriodMPRAbstract,0,0,0
/社員資本等変動計算書/社員資本/利益剰余金/その他利益剰余金/探鉱準備金/当期変動額/当期変動額合計,当期変動額合計、探鉱準備金,jpfr-etax-t-cte_TotalChangesOfItemsDuringThePeriodMPR,0,0,0
/社員資本等変動計算書/社員資本/利益剰余金/その他利益剰余金/探鉱準備金/当期末残高,当期末残高、探鉱準備金,jpfr-etax-t-cte_MineProspectingReserve,0,0,0
/社員資本等変動計算書/社員資本/利益剰余金/その他利益剰余金/海外探鉱準備金,海外探鉱準備金,jpfr-etax-t-cte_OverseaMineProspectingReserveAbstract,0,0,0
/社員資本等変動計算書/社員資本/利益剰余金/その他利益剰余金/海外探鉱準備金/当期首残高,当期首残高、海外探鉱準備金,jpfr-etax-t-cte_OverseaMineProspectingReserve,0,0,0
/社員資本等変動計算書/社員資本/利益剰余金/その他利益剰余金/海外探鉱準備金/当期変動額,当期変動額、海外探鉱準備金、タイトル項目,jpfr-etax-t-cte_ChangesOfItemsDuringThePeriodOPRAbstract,0,0,0
/社員資本等変動計算書/社員資本/利益剰余金/その他利益剰余金/海外探鉱準備金/当期変動額/当期変動額合計,当期変動額合計、海外探鉱準備金,jpfr-etax-t-cte_TotalChangesOfItemsDuringThePeriodOPR,0,0,0
/社員資本等変動計算書/社員資本/利益剰余金/その他利益剰余金/海外探鉱準備金/当期末残高,当期末残高、海外探鉱準備金,jpfr-etax-t-cte_OverseaMineProspectingReserve,0,0,0
/社員資本等変動計算書/社員資本/利益剰余金/その他利益剰余金/農用地利用集積準備金,農用地利用集積準備金,jpfr-etax-t-cte_UtilizationIntegrationLandFarmingReserveAbstract,0,0,0
/社員資本等変動計算書/社員資本/利益剰余金/その他利益剰余金/農用地利用集積準備金/当期首残高,当期首残高、農用地利用集積準備金,jpfr-etax-t-cte_UtilizationIntegrationLandFarmingReserve,0,0,0
/社員資本等変動計算書/社員資本/利益剰余金/その他利益剰余金/農用地利用集積準備金/当期変動額,当期変動額、農用地利用集積準備金、タイトル項目,jpfr-etax-t-cte_ChangesOfItemsDuringThePeriodUFRAbstract,0,0,0
/社員資本等変動計算書/社員資本/利益剰余金/その他利益剰余金/農用地利用集積準備金/当期変動額/当期変動額合計,当期変動額合計、農用地利用集積準備金,jpfr-etax-t-cte_TotalChangesOfItemsDuringThePeriodUFR,0,0,0
/社員資本等変動計算書/社員資本/利益剰余金/その他利益剰余金/農用地利用集積準備金/当期末残高,当期末残高、農用地利用集積準備金,jpfr-etax-t-cte_UtilizationIntegrationLandFarmingReserve,0,0,0
/社員資本等変動計算書/社員資本/利益剰余金/その他利益剰余金/再評価積立金,再評価積立金,jpfr-etax-t-cte_RevaluationReserveAbstract,0,0,0
/社員資本等変動計算書/社員資本/利益剰余金/その他利益剰余金/再評価積立金/当期首残高,当期首残高、再評価積立金,jpfr-etax-t-cte_RevaluationReserve,0,0,0
/社員資本等変動計算書/社員資本/利益剰余金/その他利益剰余金/再評価積立金/当期変動額,当期変動額、再評価積立金、タイトル項目,jpfr-etax-t-cte_ChangesOfItemsDuringThePeriodRRAbstract,0,0,0
/社員資本等変動計算書/社員資本/利益剰余金/その他利益剰余金/再評価積立金/当期変動額/当期変動額合計,当期変動額合計、再評価積立金,jpfr-etax-t-cte_TotalChangesOfItemsDuringThePeriodRR,0,0,0
/社員資本等変動計算書/社員資本/利益剰余金/その他利益剰余金/再評価積立金/当期末残高,当期末残高、再評価積立金,jpfr-etax-t-cte_RevaluationReserve,0,0,0
/社員資本等変動計算書/社員資本/利益剰余金/その他利益剰余金/退職給付積立金,退職給付積立金,jpfr-etax-t-cte_RevenueReserveRetirementBenefitsReserveAbstract,0,0,0
/社員資本等変動計算書/社員資本/利益剰余金/その他利益剰余金/退職給付積立金/当期首残高,当期首残高、退職給付積立金,jpfr-etax-t-cte_RevenueReserveRetirementBenefitsReserve,0,0,0
/社員資本等変動計算書/社員資本/利益剰余金/その他利益剰余金/退職給付積立金/当期変動額,当期変動額、退職給付積立金、タイトル項目,jpfr-etax-t-cte_ChangesOfItemsDuringThePeriodRBRAbstract,0,0,0
/社員資本等変動計算書/社員資本/利益剰余金/その他利益剰余金/退職給付積立金/当期変動額/当期変動額合計,当期変動額合計、退職給付積立金,jpfr-etax-t-cte_TotalChangesOfItemsDuringThePeriodRBR,0,0,0
/社員資本等変動計算書/社員資本/利益剰余金/その他利益剰余金/退職給付積立金/当期末残高,当期末残高、退職給付積立金,jpfr-etax-t-cte_RevenueReserveRetirementBenefitsReserve,0,0,0
/社員資本等変動計算書/社員資本/利益剰余金/その他利益剰余金/公害防止準備金,公害防止準備金,jpfr-etax-t-cte_RevenueReservePollutionControlReserveAbstract,0,0,0
/社員資本等変動計算書/社員資本/利益剰余金/その他利益剰余金/公害防止準備金/当期首残高,当期首残高、公害防止準備金,jpfr-etax-t-cte_RevenueReservePollutionControlReserve,0,0,0
/社員資本等変動計算書/社員資本/利益剰余金/その他利益剰余金/公害防止準備金/当期変動額,当期変動額、公害防止準備金、タイトル項目,jpfr-etax-t-cte_ChangesOfItemsDuringThePeriodFPRAbstract,0,0,0
/社員資本等変動計算書/社員資本/利益剰余金/その他利益剰余金/公害防止準備金/当期変動額/当期変動額合計,当期変動額合計、公害防止準備金,jpfr-etax-t-cte_TotalChangesOfItemsDuringThePeriodFPR,0,0,0
/社員資本等変動計算書/社員資本/利益剰余金/その他利益剰余金/公害防止準備金/当期末残高,当期末残高、公害防止準備金,jpfr-etax-t-cte_RevenueReservePollutionControlReserve,0,0,0
/社員資本等変動計算書/社員資本/利益剰余金/その他利益剰余金/減債積立金,減債積立金、株主資本等変動計算書、タイトル項目,jpfr-t-cte_ReserveForBondSinkingFundSSAbstract,0,0,0
/社員資本等変動計算書/社員資本/利益剰余金/その他利益剰余金/減債積立金/減債積立金,減債積立金,jpfr-t-cte_ReserveForBondSinkingFund,0,0,0
/社員資本等変動計算書/社員資本/利益剰余金/その他利益剰余金/減債積立金/当期変動額,当期変動額、減債積立金、タイトル項目,jpfr-t-cte_ChangesOfItemsDuringThePeriodReserveForBondSinkingFundAbstract,0,0,0
/社員資本等変動計算書/社員資本/利益剰余金/その他利益剰余金/減債積立金/当期変動額/当期変動額合計,当期変動額合計、減債積立金,jpfr-t-cte_TotalChangesOfItemsDuringThePeriodReserveForBondSinkingFund,0,0,0
/社員資本等変動計算書/社員資本/利益剰余金/その他利益剰余金/中間配当積立金,中間配当積立金、株主資本等変動計算書、タイトル項目,jpfr-t-cte_ReserveForInterimDividendsSSAbstract,0,0,0
/社員資本等変動計算書/社員資本/利益剰余金/その他利益剰余金/中間配当積立金/中間配当積立金,中間配当積立金,jpfr-t-cte_ReserveForInterimDividends,0,0,0
/社員資本等変動計算書/社員資本/利益剰余金/その他利益剰余金/中間配当積立金/当期変動額,当期変動額、中間配当積立金、タイトル項目,jpfr-t-cte_ChangesOfItemsDuringThePeriodReserveForInterimDividendsAbstract,0,0,0
/社員資本等変動計算書/社員資本/利益剰余金/その他利益剰余金/中間配当積立金/当期変動額/当期変動額合計,当期変動額合計、中間配当積立金,jpfr-t-cte_TotalChangesOfItemsDuringThePeriodReserveForInterimDividends,0,0,0
/社員資本等変動計算書/社員資本/利益剰余金/その他利益剰余金/配当平均積立金,配当平均積立金、株主資本等変動計算書、タイトル項目,jpfr-t-cte_ReserveForDividendEqualizationSSAbstract,0,0,0
/社員資本等変動計算書/社員資本/利益剰余金/その他利益剰余金/配当平均積立金/配当平均積立金,配当平均積立金,jpfr-t-cte_ReserveForDividendEqualization,0,0,0
/社員資本等変動計算書/社員資本/利益剰余金/その他利益剰余金/配当平均積立金/当期変動額,当期変動額、配当平均積立金、タイトル項目,jpfr-t-cte_ChangesOfItemsDuringThePeriodReserveForDividendEqualizationAbstract,0,0,0
/社員資本等変動計算書/社員資本/利益剰余金/その他利益剰余金/配当平均積立金/当期変動額/配当平均積立金の積立,配当平均積立金の積立、配当平均積立金,jpfr-t-cte_ProvisionOfReserveForDividendEqualizationReserveForDividendEqualization,0,0,0
/社員資本等変動計算書/社員資本/利益剰余金/その他利益剰余金/配当平均積立金/当期変動額/配当平均積立金の取崩,配当平均積立金の取崩、配当平均積立金,jpfr-t-cte_ReversalOfReserveForDividendEqualizationReserveForDividendEqualization,0,0,0
/社員資本等変動計算書/社員資本/利益剰余金/その他利益剰余金/配当平均積立金/当期変動額/当期変動額合計,当期変動額合計、配当平均積立金,jpfr-t-cte_TotalChangesOfItemsDuringThePeriodReserveForDividendEqualization,0,0,0
/社員資本等変動計算書/社員資本/利益剰余金/その他利益剰余金/事業拡張積立金,事業拡張積立金、株主資本等変動計算書、タイトル項目,jpfr-t-cte_ReserveForBusinessExpansionSSAbstract,0,0,0
/社員資本等変動計算書/社員資本/利益剰余金/その他利益剰余金/事業拡張積立金/事業拡張積立金,事業拡張積立金,jpfr-t-cte_ReserveForBusinessExpansion,0,0,0
/社員資本等変動計算書/社員資本/利益剰余金/その他利益剰余金/事業拡張積立金/当期変動額,当期変動額、事業拡張積立金、タイトル項目,jpfr-t-cte_ChangesOfItemsDuringThePeriodReserveForBusinessExpansionAbstract,0,0,0
/社員資本等変動計算書/社員資本/利益剰余金/その他利益剰余金/事業拡張積立金/当期変動額/当期変動額合計,当期変動額合計、事業拡張積立金,jpfr-t-cte_TotalChangesOfItemsDuringThePeriodReserveForBusinessExpansion,0,0,0
/社員資本等変動計算書/社員資本/利益剰余金/その他利益剰余金/偶発損失積立金,偶発損失積立金、株主資本等変動計算書、タイトル項目,jpfr-etax-t-cte_ReserveForContingentLossSSAbstract,0,0,0
/社員資本等変動計算書/社員資本/利益剰余金/その他利益剰余金/偶発損失積立金/偶発損失積立金,偶発損失積立金,jpfr-etax-t-cte_ReserveForContingentLoss,0,0,0
/社員資本等変動計算書/社員資本/利益剰余金/その他利益剰余金/偶発損失積立金/当期変動額,当期変動額、偶発損失積立金、タイトル項目,jpfr-etax-t-cte_ChangesOfItemsDuringThePeriodReserveForContingentLossAbstract,0,0,0
/社員資本等変動計算書/社員資本/利益剰余金/その他利益剰余金/偶発損失積立金/当期変動額/当期変動額合計,当期変動額合計、偶発損失積立金,jpfr-etax-t-cte_TotalChangesOfItemsDuringThePeriodReserveForContingentLoss,0,0,0
/社員資本等変動計算書/社員資本/利益剰余金/その他利益剰余金/自家保険積立金,自家保険積立金、株主資本等変動計算書、タイトル項目,jpfr-t-cte_ReserveForPrivateInsuranceSSAbstract,0,0,0
/社員資本等変動計算書/社員資本/利益剰余金/その他利益剰余金/自家保険積立金/自家保険積立金,自家保険積立金,jpfr-t-cte_ReserveForPrivateInsurance,0,0,0
/社員資本等変動計算書/社員資本/利益剰余金/その他利益剰余金/自家保険積立金/当期変動額,当期変動額、自家保険積立金、タイトル項目,jpfr-t-cte_ChangesOfItemsDuringThePeriodReserveForPrivateInsuranceAbstract,0,0,0
/社員資本等変動計算書/社員資本/利益剰余金/その他利益剰余金/自家保険積立金/当期変動額/当期変動額合計,当期変動額合計、自家保険積立金,jpfr-t-cte_TotalChangesOfItemsDuringThePeriodReserveForPrivateInsurance,0,0,0
/社員資本等変動計算書/社員資本/利益剰余金/その他利益剰余金/固定資産圧縮積立金,固定資産圧縮積立金、株主資本等変動計算書、タイトル項目,jpfr-t-cte_ReserveForAdvancedDepreciationOfNoncurrentAssetsSSAbstract,0,0,0
/社員資本等変動計算書/社員資本/利益剰余金/その他利益剰余金/固定資産圧縮積立金/固定資産圧縮積立金,固定資産圧縮積立金,jpfr-t-cte_ReserveForAdvancedDepreciationOfNoncurrentAssets,0,0,0
/社員資本等変動計算書/社員資本/利益剰余金/その他利益剰余金/固定資産圧縮積立金/当期変動額,当期変動額、固定資産圧縮積立金、タイトル項目,jpfr-t-cte_ChangesOfItemsDuringThePeriodReserveForAdvancedDepreciationOfNoncurrentAssetsAbstract,0,0,0
/社員資本等変動計算書/社員資本/利益剰余金/その他利益剰余金/固定資産圧縮積立金/当期変動額/固定資産圧縮積立金の積立,固定資産圧縮積立金の積立、固定資産圧縮積立金,jpfr-t-cte_ProvisionOfReserveForAdvancedDepreciationOfNoncurrentAssetsReserveForAdvancedDepreciationOfNoncurrentAssets,0,0,0
/社員資本等変動計算書/社員資本/利益剰余金/その他利益剰余金/固定資産圧縮積立金/当期変動額/固定資産圧縮積立金の取崩,固定資産圧縮積立金の取崩、固定資産圧縮積立金,jpfr-t-cte_ReversalOfReserveForAdvancedDepreciationOfNoncurrentAssetsReserveForAdvancedDepreciationOfNoncurrentAssets,0,0,0
/社員資本等変動計算書/社員資本/利益剰余金/その他利益剰余金/固定資産圧縮積立金/当期変動額/当期変動額合計,当期変動額合計、固定資産圧縮積立金,jpfr-t-cte_TotalChangesOfItemsDuringThePeriodReserveForAdvancedDepreciationOfNoncurrentAssets,0,0,0
/社員資本等変動計算書/社員資本/利益剰余金/その他利益剰余金/固定資産圧縮特別勘定積立金,固定資産圧縮特別勘定積立金、株主資本等変動計算書、タイトル項目,jpfr-t-cte_ReserveForSpecialAccountForAdvancedDepreciationOfNoncurrentAssetsSSAbstract,0,0,0
/社員資本等変動計算書/社員資本/利益剰余金/その他利益剰余金/固定資産圧縮特別勘定積立金/固定資産圧縮特別勘定積立金,固定資産圧縮特別勘定積立金,jpfr-t-cte_ReserveForSpecialAccountForAdvancedDepreciationOfNoncurrentAssets,0,0,0
/社員資本等変動計算書/社員資本/利益剰余金/その他利益剰余金/固定資産圧縮特別勘定積立金/当期変動額,当期変動額、固定資産圧縮特別勘定積立金、タイトル項目,jpfr-t-cte_ChangesOfItemsDuringThePeriodReserveForSpecialAccountForAdvancedDepreciationOfNoncurrentAssetsAbstract,0,0,0
/社員資本等変動計算書/社員資本/利益剰余金/その他利益剰余金/固定資産圧縮特別勘定積立金/当期変動額/固定資産圧縮特別勘定積立金の積立,固定資産圧縮特別勘定積立金の積立、固定資産圧縮特別勘定積立金,jpfr-t-cte_ProvisionOfReserveForSpecialAccountForAdvancedDepreciationOfNoncurrentAssetsReserveForSpecialAccountForAdvancedDepreciationOfNoncurrentAssets,0,0,0
/社員資本等変動計算書/社員資本/利益剰余金/その他利益剰余金/固定資産圧縮特別勘定積立金/当期変動額/固定資産圧縮特別勘定積立金の取崩,固定資産圧縮特別勘定積立金の取崩、固定資産圧縮特別勘定積立金,jpfr-t-cte_ReversalOfReserveForSpecialAccountForAdvancedDepreciationOfNoncurrentAssetsReserveForSpecialAccountForAdvancedDepreciationOfNoncurrentAssets,0,0,0
/社員資本等変動計算書/社員資本/利益剰余金/その他利益剰余金/固定資産圧縮特別勘定積立金/当期変動額/当期変動額合計,当期変動額合計、固定資産圧縮特別勘定積立金,jpfr-t-cte_TotalChangesOfItemsDuringThePeriodReserveForSpecialAccountForAdvancedDepreciationOfNoncurrentAssets,0,0,0
/社員資本等変動計算書/社員資本/利益剰余金/その他利益剰余金/特別償却準備金,特別償却準備金、株主資本等変動計算書、タイトル項目,jpfr-t-cte_ReserveForSpecialDepreciationSSAbstract,0,0,0
/社員資本等変動計算書/社員資本/利益剰余金/その他利益剰余金/特別償却準備金/特別償却準備金,特別償却準備金,jpfr-t-cte_ReserveForSpecialDepreciation,0,0,0
/社員資本等変動計算書/社員資本/利益剰余金/その他利益剰余金/特別償却準備金/当期変動額,当期変動額、特別償却準備金、タイトル項目,jpfr-t-cte_ChangesOfItemsDuringThePeriodReserveForSpecialDepreciationAbstract,0,0,0
/社員資本等変動計算書/社員資本/利益剰余金/その他利益剰余金/特別償却準備金/当期変動額/特別償却準備金の積立,特別償却準備金の積立、特別償却準備金,jpfr-t-cte_ProvisionOfReserveForSpecialDepreciationReserveForSpecialDepreciation,0,0,0
/社員資本等変動計算書/社員資本/利益剰余金/その他利益剰余金/特別償却準備金/当期変動額/特別償却準備金の取崩,特別償却準備金の取崩、特別償却準備金,jpfr-t-cte_ReversalOfReserveForSpecialDepreciationReserveForSpecialDepreciation,0,0,0
/社員資本等変動計算書/社員資本/利益剰余金/その他利益剰余金/特別償却準備金/当期変動額/当期変動額合計,当期変動額合計、特別償却準備金,jpfr-t-cte_TotalChangesOfItemsDuringThePeriodReserveForSpecialDepreciation,0,0,0
/社員資本等変動計算書/社員資本/利益剰余金/その他利益剰余金/プログラム等準備金,プログラム等準備金、株主資本等変動計算書、タイトル項目,jpfr-t-cte_ReserveForSoftwareProgramsSSAbstract,0,0,0
/社員資本等変動計算書/社員資本/利益剰余金/その他利益剰余金/プログラム等準備金/プログラム等準備金,プログラム等準備金,jpfr-t-cte_ReserveForSoftwarePrograms,0,0,0
/社員資本等変動計算書/社員資本/利益剰余金/その他利益剰余金/プログラム等準備金/当期変動額,当期変動額、プログラム等準備金、タイトル項目,jpfr-t-cte_ChangesOfItemsDuringThePeriodReserveForSoftwareProgramsAbstract,0,0,0
/社員資本等変動計算書/社員資本/利益剰余金/その他利益剰余金/プログラム等準備金/当期変動額/プログラム等準備金の取崩,プログラム等準備金の取崩、プログラム等準備金,jpfr-t-cte_ReversalOfReserveForSoftwareProgramsReserveForSoftwarePrograms,0,0,0
/社員資本等変動計算書/社員資本/利益剰余金/その他利益剰余金/プログラム等準備金/当期変動額/当期変動額合計,当期変動額合計、プログラム等準備金,jpfr-t-cte_TotalChangesOfItemsDuringThePeriodReserveForSoftwarePrograms,0,0,0
/社員資本等変動計算書/社員資本/利益剰余金/その他利益剰余金/海外投資等損失準備金,海外投資等損失準備金、株主資本等変動計算書、タイトル項目,jpfr-t-cte_ReserveForOverseasInvestmentLossSSAbstract,0,0,0
/社員資本等変動計算書/社員資本/利益剰余金/その他利益剰余金/海外投資等損失準備金/海外投資等損失準備金,海外投資等損失準備金,jpfr-t-cte_ReserveForOverseasInvestmentLoss,0,0,0
/社員資本等変動計算書/社員資本/利益剰余金/その他利益剰余金/海外投資等損失準備金/当期変動額,当期変動額、海外投資等損失準備金、タイトル項目,jpfr-t-cte_ChangesOfItemsDuringThePeriodReserveForOverseasInvestmentLossAbstract,0,0,0
/社員資本等変動計算書/社員資本/利益剰余金/その他利益剰余金/海外投資等損失準備金/当期変動額/海外投資等損失準備金の積立,海外投資等損失準備金の積立、海外投資等損失準備金,jpfr-t-cte_ProvisionOfReserveForOverseasInvestmentLossReserveForOverseasInvestmentLoss,0,0,0
/社員資本等変動計算書/社員資本/利益剰余金/その他利益剰余金/海外投資等損失準備金/当期変動額/海外投資等損失準備金の取崩,海外投資等損失準備金の取崩、海外投資等損失準備金,jpfr-t-cte_ReversalOfReserveForOverseasInvestmentLossReserveForOverseasInvestmentLoss,0,0,0
/社員資本等変動計算書/社員資本/利益剰余金/その他利益剰余金/海外投資等損失準備金/当期変動額/当期変動額合計,当期変動額合計、海外投資等損失準備金,jpfr-t-cte_TotalChangesOfItemsDuringThePeriodReserveForOverseasInvestmentLoss,0,0,0
/社員資本等変動計算書/社員資本/利益剰余金/その他利益剰余金/研究開発積立金,研究開発積立金、株主資本等変動計算書、タイトル項目,jpfr-t-cte_ReserveForResearchAndDevelopmentSSAbstract,0,0,0
/社員資本等変動計算書/社員資本/利益剰余金/その他利益剰余金/研究開発積立金/研究開発積立金,研究開発積立金,jpfr-t-cte_ReserveForResearchAndDevelopment,0,0,0
/社員資本等変動計算書/社員資本/利益剰余金/その他利益剰余金/研究開発積立金/当期変動額,当期変動額、研究開発積立金、タイトル項目,jpfr-t-cte_ChangesOfItemsDuringThePeriodReserveForResearchAndDevelopmentAbstract,0,0,0
/社員資本等変動計算書/社員資本/利益剰余金/その他利益剰余金/研究開発積立金/当期変動額/研究開発積立金の積立,研究開発積立金の積立、研究開発積立金,jpfr-t-cte_ProvisionOfReserveForResearchAndDevelopmentReserveForResearchAndDevelopment,0,0,0
/社員資本等変動計算書/社員資本/利益剰余金/その他利益剰余金/研究開発積立金/当期変動額/研究開発積立金の取崩,研究開発積立金の取崩、研究開発積立金,jpfr-t-cte_ReversalOfReserveForResearchAndDevelopmentReserveForResearchAndDevelopment,0,0,0
/社員資本等変動計算書/社員資本/利益剰余金/その他利益剰余金/研究開発積立金/当期変動額/当期変動額合計,当期変動額合計、研究開発積立金,jpfr-t-cte_TotalChangesOfItemsDuringThePeriodReserveForResearchAndDevelopment,0,0,0
/社員資本等変動計算書/社員資本/利益剰余金/その他利益剰余金/配当積立金,配当積立金、株主資本等変動計算書、タイトル項目,jpfr-t-cte_ReserveForDividends1SSAbstract,0,0,0
/社員資本等変動計算書/社員資本/利益剰余金/その他利益剰余金/配当積立金/配当積立金,配当積立金,jpfr-t-cte_ReserveForDividends1,0,0,0
/社員資本等変動計算書/社員資本/利益剰余金/その他利益剰余金/配当積立金/当期変動額,当期変動額、配当積立金、タイトル項目,jpfr-t-cte_ChangesOfItemsDuringThePeriodReserveForDividends1Abstract,0,0,0
/社員資本等変動計算書/社員資本/利益剰余金/その他利益剰余金/配当積立金/当期変動額/配当積立金の積立,配当積立金の積立、配当積立金,jpfr-t-cte_ProvisionOfReserveForDividends1ReserveForDividends1,0,0,0
/社員資本等変動計算書/社員資本/利益剰余金/その他利益剰余金/配当積立金/当期変動額/配当積立金の取崩,配当積立金の取崩、配当積立金,jpfr-t-cte_ReversalOfReserveForDividends1ReserveForDividends1,0,0,0
/社員資本等変動計算書/社員資本/利益剰余金/その他利益剰余金/配当積立金/当期変動額/当期変動額合計,当期変動額合計、配当積立金,jpfr-t-cte_TotalChangesOfItemsDuringThePeriodReserveForDividends1,0,0,0
/社員資本等変動計算書/社員資本/利益剰余金/その他利益剰余金/配当準備金,配当準備金、株主資本等変動計算書、タイトル項目,jpfr-t-cte_ReserveForDividends2SSAbstract,0,0,0
/社員資本等変動計算書/社員資本/利益剰余金/その他利益剰余金/配当準備金/配当準備金,配当準備金,jpfr-t-cte_ReserveForDividends2,0,0,0
/社員資本等変動計算書/社員資本/利益剰余金/その他利益剰余金/配当準備金/当期変動額,当期変動額、配当準備金、タイトル項目,jpfr-t-cte_ChangesOfItemsDuringThePeriodReserveForDividends2Abstract,0,0,0
/社員資本等変動計算書/社員資本/利益剰余金/その他利益剰余金/配当準備金/当期変動額/配当準備金の積立,配当準備金の積立、配当準備金,jpfr-t-cte_ProvisionOfReserveForDividends2ReserveForDividends2,0,0,0
/社員資本等変動計算書/社員資本/利益剰余金/その他利益剰余金/配当準備金/当期変動額/配当準備金の取崩,配当準備金の取崩、配当準備金,jpfr-t-cte_ReversalOfReserveForDividends2ReserveForDividends2,0,0,0
/社員資本等変動計算書/社員資本/利益剰余金/その他利益剰余金/配当準備金/当期変動額/当期変動額合計,当期変動額合計、配当準備金,jpfr-t-cte_TotalChangesOfItemsDuringThePeriodReserveForDividends2,0,0,0
/社員資本等変動計算書/社員資本/利益剰余金/その他利益剰余金/配当準備積立金,配当準備積立金、株主資本等変動計算書、タイトル項目,jpfr-t-cte_ReserveForDividends3SSAbstract,0,0,0
/社員資本等変動計算書/社員資本/利益剰余金/その他利益剰余金/配当準備積立金/配当準備積立金,配当準備積立金,jpfr-t-cte_ReserveForDividends3,0,0,0
/社員資本等変動計算書/社員資本/利益剰余金/その他利益剰余金/配当準備積立金/当期変動額,当期変動額、配当準備積立金、タイトル項目,jpfr-t-cte_ChangesOfItemsDuringThePeriodReserveForDividends3Abstract,0,0,0
/社員資本等変動計算書/社員資本/利益剰余金/その他利益剰余金/配当準備積立金/当期変動額/配当準備積立金の積立,配当準備積立金の積立、配当準備積立金,jpfr-t-cte_ProvisionOfReserveForDividends3ReserveForDividends3,0,0,0
/社員資本等変動計算書/社員資本/利益剰余金/その他利益剰余金/配当準備積立金/当期変動額/配当準備積立金の取崩,配当準備積立金の取崩、配当準備積立金,jpfr-t-cte_ReversalOfReserveForDividends3ReserveForDividends3,0,0,0
/社員資本等変動計算書/社員資本/利益剰余金/その他利益剰余金/配当準備積立金/当期変動額/当期変動額合計,当期変動額合計、配当準備積立金,jpfr-t-cte_TotalChangesOfItemsDuringThePeriodReserveForDividends3,0,0,0
/社員資本等変動計算書/社員資本/利益剰余金/その他利益剰余金/配当引当積立金,配当引当積立金、株主資本等変動計算書、タイトル項目,jpfr-t-cte_ReserveForDividends4SSAbstract,0,0,0
/社員資本等変動計算書/社員資本/利益剰余金/その他利益剰余金/配当引当積立金/配当引当積立金,配当引当積立金,jpfr-t-cte_ReserveForDividends4,0,0,0
/社員資本等変動計算書/社員資本/利益剰余金/その他利益剰余金/配当引当積立金/当期変動額,当期変動額、配当引当積立金、タイトル項目,jpfr-t-cte_ChangesOfItemsDuringThePeriodReserveForDividends4Abstract,0,0,0
/社員資本等変動計算書/社員資本/利益剰余金/その他利益剰余金/配当引当積立金/当期変動額/配当引当積立金の積立,配当引当積立金の積立、配当引当積立金,jpfr-t-cte_ProvisionOfReserveForDividends4ReserveForDividends4,0,0,0
/社員資本等変動計算書/社員資本/利益剰余金/その他利益剰余金/配当引当積立金/当期変動額/配当引当積立金の取崩,配当引当積立金の取崩、配当引当積立金,jpfr-t-cte_ReversalOfReserveForDividends4ReserveForDividends4,0,0,0
/社員資本等変動計算書/社員資本/利益剰余金/その他利益剰余金/配当引当積立金/当期変動額/当期変動額合計,当期変動額合計、配当引当積立金,jpfr-t-cte_TotalChangesOfItemsDuringThePeriodReserveForDividends4,0,0,0
/社員資本等変動計算書/社員資本/利益剰余金/その他利益剰余金/退職給与積立金,退職給与積立金、株主資本等変動計算書、タイトル項目,jpfr-t-cte_ReserveForRetirementAllowance1SSAbstract,0,0,0
/社員資本等変動計算書/社員資本/利益剰余金/その他利益剰余金/退職給与積立金/退職給与積立金,退職給与積立金,jpfr-t-cte_ReserveForRetirementAllowance1,0,0,0
/社員資本等変動計算書/社員資本/利益剰余金/その他利益剰余金/退職給与積立金/当期変動額,当期変動額、退職給与積立金、タイトル項目,jpfr-t-cte_ChangesOfItemsDuringThePeriodReserveForRetirementAllowance1Abstract,0,0,0
/社員資本等変動計算書/社員資本/利益剰余金/その他利益剰余金/退職給与積立金/当期変動額/退職給与積立金の積立,退職給与積立金の積立、退職給与積立金,jpfr-t-cte_ProvisionOfReserveForRetirementAllowance1ReserveForRetirementAllowance1,0,0,0
/社員資本等変動計算書/社員資本/利益剰余金/その他利益剰余金/退職給与積立金/当期変動額/退職給与積立金の取崩,退職給与積立金の取崩、退職給与積立金,jpfr-t-cte_ReversalOfReserveForRetirementAllowance1ReserveForRetirementAllowance1,0,0,0
/社員資本等変動計算書/社員資本/利益剰余金/その他利益剰余金/退職給与積立金/当期変動額/当期変動額合計,当期変動額合計、退職給与積立金,jpfr-t-cte_TotalChangesOfItemsDuringThePeriodReserveForRetirementAllowance1,0,0,0
/社員資本等変動計算書/社員資本/利益剰余金/その他利益剰余金/退職積立金,退職積立金、株主資本等変動計算書、タイトル項目,jpfr-t-cte_ReserveForRetirementAllowance2SSAbstract,0,0,0
/社員資本等変動計算書/社員資本/利益剰余金/その他利益剰余金/退職積立金/退職積立金,退職積立金,jpfr-t-cte_ReserveForRetirementAllowance2,0,0,0
/社員資本等変動計算書/社員資本/利益剰余金/その他利益剰余金/退職積立金/当期変動額,当期変動額、退職積立金、タイトル項目,jpfr-t-cte_ChangesOfItemsDuringThePeriodReserveForRetirementAllowance2Abstract,0,0,0
/社員資本等変動計算書/社員資本/利益剰余金/その他利益剰余金/退職積立金/当期変動額/退職積立金の積立,退職積立金の積立、退職積立金,jpfr-t-cte_ProvisionOfReserveForRetirementAllowance2ReserveForRetirementAllowance2,0,0,0
/社員資本等変動計算書/社員資本/利益剰余金/その他利益剰余金/退職積立金/当期変動額/退職積立金の取崩,退職積立金の取崩、退職積立金,jpfr-t-cte_ReversalOfReserveForRetirementAllowance2ReserveForRetirementAllowance2,0,0,0
/社員資本等変動計算書/社員資本/利益剰余金/その他利益剰余金/退職積立金/当期変動額/当期変動額合計,当期変動額合計、退職積立金,jpfr-t-cte_TotalChangesOfItemsDuringThePeriodReserveForRetirementAllowance2,0,0,0
/社員資本等変動計算書/社員資本/利益剰余金/その他利益剰余金/退職手当積立金,退職手当積立金、株主資本等変動計算書、タイトル項目,jpfr-t-cte_ReserveForRetirementAllowance3SSAbstract,0,0,0
/社員資本等変動計算書/社員資本/利益剰余金/その他利益剰余金/退職手当積立金/退職手当積立金,退職手当積立金,jpfr-t-cte_ReserveForRetirementAllowance3,0,0,0
/社員資本等変動計算書/社員資本/利益剰余金/その他利益剰余金/退職手当積立金/当期変動額,当期変動額、退職手当積立金、タイトル項目,jpfr-t-cte_ChangesOfItemsDuringThePeriodReserveForRetirementAllowance3Abstract,0,0,0
/社員資本等変動計算書/社員資本/利益剰余金/その他利益剰余金/退職手当積立金/当期変動額/退職手当積立金の積立,退職手当積立金の積立、退職手当積立金,jpfr-t-cte_ProvisionOfReserveForRetirementAllowance3ReserveForRetirementAllowance3,0,0,0
/社員資本等変動計算書/社員資本/利益剰余金/その他利益剰余金/退職手当積立金/当期変動額/退職手当積立金の取崩,退職手当積立金の取崩、退職手当積立金,jpfr-t-cte_ReversalOfReserveForRetirementAllowance3ReserveForRetirementAllowance3,0,0,0
/社員資本等変動計算書/社員資本/利益剰余金/その他利益剰余金/退職手当積立金/当期変動額/当期変動額合計,当期変動額合計、退職手当積立金,jpfr-t-cte_TotalChangesOfItemsDuringThePeriodReserveForRetirementAllowance3,0,0,0
/社員資本等変動計算書/社員資本/利益剰余金/その他利益剰余金/退職慰労積立金,退職慰労積立金、株主資本等変動計算書、タイトル項目,jpfr-t-cte_ReserveForRetirementAllowance4SSAbstract,0,0,0
/社員資本等変動計算書/社員資本/利益剰余金/その他利益剰余金/退職慰労積立金/退職慰労積立金,退職慰労積立金,jpfr-t-cte_ReserveForRetirementAllowance4,0,0,0
/社員資本等変動計算書/社員資本/利益剰余金/その他利益剰余金/退職慰労積立金/当期変動額,当期変動額、退職慰労積立金、タイトル項目,jpfr-t-cte_ChangesOfItemsDuringThePeriodReserveForRetirementAllowance4Abstract,0,0,0
/社員資本等変動計算書/社員資本/利益剰余金/その他利益剰余金/退職慰労積立金/当期変動額/退職慰労積立金の積立,退職慰労積立金の積立、退職慰労積立金,jpfr-t-cte_ProvisionOfReserveForRetirementAllowance4ReserveForRetirementAllowance4,0,0,0
/社員資本等変動計算書/社員資本/利益剰余金/その他利益剰余金/退職慰労積立金/当期変動額/退職慰労積立金の取崩,退職慰労積立金の取崩、退職慰労積立金,jpfr-t-cte_ReversalOfReserveForRetirementAllowance4ReserveForRetirementAllowance4,0,0,0
/社員資本等変動計算書/社員資本/利益剰余金/その他利益剰余金/退職慰労積立金/当期変動額/当期変動額合計,当期変動額合計、退職慰労積立金,jpfr-t-cte_TotalChangesOfItemsDuringThePeriodReserveForRetirementAllowance4,0,0,0
/社員資本等変動計算書/社員資本/利益剰余金/その他利益剰余金/役員退職積立金,役員退職積立金、株主資本等変動計算書、タイトル項目,jpfr-t-cte_ReserveForDirectorsRetirementAllowanceSSAbstract,0,0,0
/社員資本等変動計算書/社員資本/利益剰余金/その他利益剰余金/役員退職積立金/役員退職積立金,役員退職積立金,jpfr-t-cte_ReserveForDirectorsRetirementAllowance,0,0,0
/社員資本等変動計算書/社員資本/利益剰余金/その他利益剰余金/役員退職積立金/当期変動額,当期変動額、役員退職積立金、タイトル項目,jpfr-t-cte_ChangesOfItemsDuringThePeriodReserveForDirectorsRetirementAllowanceAbstract,0,0,0
/社員資本等変動計算書/社員資本/利益剰余金/その他利益剰余金/役員退職積立金/当期変動額/役員退職積立金の積立,役員退職積立金の積立、役員退職積立金,jpfr-t-cte_ProvisionOfReserveForDirectorsRetirementAllowanceReserveForDirectorsRetirementAllowance,0,0,0
/社員資本等変動計算書/社員資本/利益剰余金/その他利益剰余金/役員退職積立金/当期変動額/役員退職積立金の取崩,役員退職積立金の取崩、役員退職積立金,jpfr-t-cte_ReversalOfReserveForDirectorsRetirementAllowanceReserveForDirectorsRetirementAllowance,0,0,0
/社員資本等変動計算書/社員資本/利益剰余金/その他利益剰余金/役員退職積立金/当期変動額/当期変動額合計,当期変動額合計、役員退職積立金,jpfr-t-cte_TotalChangesOfItemsDuringThePeriodReserveForDirectorsRetirementAllowance,0,0,0
/社員資本等変動計算書/社員資本/利益剰余金/その他利益剰余金/圧縮記帳積立金,圧縮記帳積立金、株主資本等変動計算書、タイトル項目,jpfr-t-cte_ReserveForReductionEntry1SSAbstract,0,0,0
/社員資本等変動計算書/社員資本/利益剰余金/その他利益剰余金/圧縮記帳積立金/圧縮記帳積立金,圧縮記帳積立金,jpfr-t-cte_ReserveForReductionEntry1,0,0,0
/社員資本等変動計算書/社員資本/利益剰余金/その他利益剰余金/圧縮記帳積立金/当期変動額,当期変動額、圧縮記帳積立金、タイトル項目,jpfr-t-cte_ChangesOfItemsDuringThePeriodReserveForReductionEntry1Abstract,0,0,0
/社員資本等変動計算書/社員資本/利益剰余金/その他利益剰余金/圧縮記帳積立金/当期変動額/圧縮記帳積立金の積立,圧縮記帳積立金の積立、圧縮記帳積立金,jpfr-t-cte_ProvisionOfReserveForReductionEntry1ReserveForReductionEntry1,0,0,0
/社員資本等変動計算書/社員資本/利益剰余金/その他利益剰余金/圧縮記帳積立金/当期変動額/圧縮記帳積立金の取崩,圧縮記帳積立金の取崩、圧縮記帳積立金,jpfr-t-cte_ReversalOfReserveForReductionEntry1ReserveForReductionEntry1,0,0,0
/社員資本等変動計算書/社員資本/利益剰余金/その他利益剰余金/圧縮記帳積立金/当期変動額/当期変動額合計,当期変動額合計、圧縮記帳積立金,jpfr-t-cte_TotalChangesOfItemsDuringThePeriodReserveForReductionEntry1,0,0,0
/社員資本等変動計算書/社員資本/利益剰余金/その他利益剰余金/圧縮積立金,圧縮積立金、株主資本等変動計算書、タイトル項目,jpfr-t-cte_ReserveForReductionEntry2SSAbstract,0,0,0
/社員資本等変動計算書/社員資本/利益剰余金/その他利益剰余金/圧縮積立金/圧縮積立金,圧縮積立金,jpfr-t-cte_ReserveForReductionEntry2,0,0,0
/社員資本等変動計算書/社員資本/利益剰余金/その他利益剰余金/圧縮積立金/当期変動額,当期変動額、圧縮積立金、タイトル項目,jpfr-t-cte_ChangesOfItemsDuringThePeriodReserveForReductionEntry2Abstract,0,0,0
/社員資本等変動計算書/社員資本/利益剰余金/その他利益剰余金/圧縮積立金/当期変動額/圧縮積立金の積立,圧縮積立金の積立、圧縮積立金,jpfr-t-cte_ProvisionOfReserveForReductionEntry2ReserveForReductionEntry2,0,0,0
/社員資本等変動計算書/社員資本/利益剰余金/その他利益剰余金/圧縮積立金/当期変動額/圧縮積立金の取崩,圧縮積立金の取崩、圧縮積立金,jpfr-t-cte_ReversalOfReserveForReductionEntry2ReserveForReductionEntry2,0,0,0
/社員資本等変動計算書/社員資本/利益剰余金/その他利益剰余金/圧縮積立金/当期変動額/当期変動額合計,当期変動額合計、圧縮積立金,jpfr-t-cte_TotalChangesOfItemsDuringThePeriodReserveForReductionEntry2,0,0,0
/社員資本等変動計算書/社員資本/利益剰余金/その他利益剰余金/土地圧縮積立金,土地圧縮積立金、株主資本等変動計算書、タイトル項目,jpfr-t-cte_ReserveForReductionEntryOfLandSSAbstract,0,0,0
/社員資本等変動計算書/社員資本/利益剰余金/その他利益剰余金/土地圧縮積立金/土地圧縮積立金,土地圧縮積立金,jpfr-t-cte_ReserveForReductionEntryOfLand,0,0,0
/社員資本等変動計算書/社員資本/利益剰余金/その他利益剰余金/土地圧縮積立金/当期変動額,当期変動額、土地圧縮積立金、タイトル項目,jpfr-t-cte_ChangesOfItemsDuringThePeriodReserveForReductionEntryOfLandAbstract,0,0,0
/社員資本等変動計算書/社員資本/利益剰余金/その他利益剰余金/土地圧縮積立金/当期変動額/土地圧縮積立金の積立,土地圧縮積立金の積立、土地圧縮積立金,jpfr-t-cte_ProvisionOfReserveForReductionEntryOfLandReserveForReductionEntryOfLand,0,0,0
/社員資本等変動計算書/社員資本/利益剰余金/その他利益剰余金/土地圧縮積立金/当期変動額/土地圧縮積立金の取崩,土地圧縮積立金の取崩、土地圧縮積立金,jpfr-t-cte_ReversalOfReserveForReductionEntryOfLandReserveForReductionEntryOfLand,0,0,0
/社員資本等変動計算書/社員資本/利益剰余金/その他利益剰余金/土地圧縮積立金/当期変動額/当期変動額合計,当期変動額合計、土地圧縮積立金,jpfr-t-cte_TotalChangesOfItemsDuringThePeriodReserveForReductionEntryOfLand,0,0,0
/社員資本等変動計算書/社員資本/利益剰余金/その他利益剰余金/建物圧縮積立金,建物圧縮積立金、株主資本等変動計算書、タイトル項目,jpfr-t-cte_ReserveForReductionEntryOfBuildingsSSAbstract,0,0,0
/社員資本等変動計算書/社員資本/利益剰余金/その他利益剰余金/建物圧縮積立金/建物圧縮積立金,建物圧縮積立金,jpfr-t-cte_ReserveForReductionEntryOfBuildings,0,0,0
/社員資本等変動計算書/社員資本/利益剰余金/その他利益剰余金/建物圧縮積立金/当期変動額,当期変動額、建物圧縮積立金、タイトル項目,jpfr-t-cte_ChangesOfItemsDuringThePeriodReserveForReductionEntryOfBuildingsAbstract,0,0,0
/社員資本等変動計算書/社員資本/利益剰余金/その他利益剰余金/建物圧縮積立金/当期変動額/建物圧縮積立金の積立,建物圧縮積立金の積立、建物圧縮積立金,jpfr-t-cte_ProvisionOfReserveForReductionEntryOfBuildingsReserveForReductionEntryOfBuildings,0,0,0
/社員資本等変動計算書/社員資本/利益剰余金/その他利益剰余金/建物圧縮積立金/当期変動額/建物圧縮積立金の取崩,建物圧縮積立金の取崩、建物圧縮積立金,jpfr-t-cte_ReversalOfReserveForReductionEntryOfBuildingsReserveForReductionEntryOfBuildings,0,0,0
/社員資本等変動計算書/社員資本/利益剰余金/その他利益剰余金/建物圧縮積立金/当期変動額/当期変動額合計,当期変動額合計、建物圧縮積立金,jpfr-t-cte_TotalChangesOfItemsDuringThePeriodReserveForReductionEntryOfBuildings,0,0,0
/社員資本等変動計算書/社員資本/利益剰余金/その他利益剰余金/不動産圧縮積立金,不動産圧縮積立金、株主資本等変動計算書、タイトル項目,jpfr-t-cte_ReserveForReductionEntryOfRealEstateSSAbstract,0,0,0
/社員資本等変動計算書/社員資本/利益剰余金/その他利益剰余金/不動産圧縮積立金/不動産圧縮積立金,不動産圧縮積立金,jpfr-t-cte_ReserveForReductionEntryOfRealEstate,0,0,0
/社員資本等変動計算書/社員資本/利益剰余金/その他利益剰余金/不動産圧縮積立金/当期変動額,当期変動額、不動産圧縮積立金、タイトル項目,jpfr-t-cte_ChangesOfItemsDuringThePeriodReserveForReductionEntryOfRealEstateAbstract,0,0,0
/社員資本等変動計算書/社員資本/利益剰余金/その他利益剰余金/不動産圧縮積立金/当期変動額/不動産圧縮積立金の積立,不動産圧縮積立金の積立、不動産圧縮積立金,jpfr-t-cte_ProvisionOfReserveForReductionEntryOfRealEstateReserveForReductionEntryOfRealEstate,0,0,0
/社員資本等変動計算書/社員資本/利益剰余金/その他利益剰余金/不動産圧縮積立金/当期変動額/不動産圧縮積立金の取崩,不動産圧縮積立金の取崩、不動産圧縮積立金,jpfr-t-cte_ReversalOfReserveForReductionEntryOfRealEstateReserveForReductionEntryOfRealEstate,0,0,0
/社員資本等変動計算書/社員資本/利益剰余金/その他利益剰余金/不動産圧縮積立金/当期変動額/当期変動額合計,当期変動額合計、不動産圧縮積立金,jpfr-t-cte_TotalChangesOfItemsDuringThePeriodReserveForReductionEntryOfRealEstate,0,0,0
/社員資本等変動計算書/社員資本/利益剰余金/その他利益剰余金/資産圧縮積立金,資産圧縮積立金、株主資本等変動計算書、タイトル項目,jpfr-t-cte_ReserveForReductionEntryOfAssetsSSAbstract,0,0,0
/社員資本等変動計算書/社員資本/利益剰余金/その他利益剰余金/資産圧縮積立金/資産圧縮積立金,資産圧縮積立金,jpfr-t-cte_ReserveForReductionEntryOfAssets,0,0,0
/社員資本等変動計算書/社員資本/利益剰余金/その他利益剰余金/資産圧縮積立金/当期変動額,当期変動額、資産圧縮積立金、タイトル項目,jpfr-t-cte_ChangesOfItemsDuringThePeriodReserveForReductionEntryOfAssetsAbstract,0,0,0
/社員資本等変動計算書/社員資本/利益剰余金/その他利益剰余金/資産圧縮積立金/当期変動額/資産圧縮積立金の積立,資産圧縮積立金の積立、資産圧縮積立金,jpfr-t-cte_ProvisionOfReserveForReductionEntryOfAssetsReserveForReductionEntryOfAssets,0,0,0
/社員資本等変動計算書/社員資本/利益剰余金/その他利益剰余金/資産圧縮積立金/当期変動額/資産圧縮積立金の取崩,資産圧縮積立金の取崩、資産圧縮積立金,jpfr-t-cte_ReversalOfReserveForReductionEntryOfAssetsReserveForReductionEntryOfAssets,0,0,0
/社員資本等変動計算書/社員資本/利益剰余金/その他利益剰余金/資産圧縮積立金/当期変動額/当期変動額合計,当期変動額合計、資産圧縮積立金,jpfr-t-cte_TotalChangesOfItemsDuringThePeriodReserveForReductionEntryOfAssets,0,0,0
/社員資本等変動計算書/社員資本/利益剰余金/その他利益剰余金/償却資産圧縮積立金,償却資産圧縮積立金、株主資本等変動計算書、タイトル項目,jpfr-t-cte_ReserveForReductionEntryOfDepreciableAssetsSSAbstract,0,0,0
/社員資本等変動計算書/社員資本/利益剰余金/その他利益剰余金/償却資産圧縮積立金/償却資産圧縮積立金,償却資産圧縮積立金,jpfr-t-cte_ReserveForReductionEntryOfDepreciableAssets,0,0,0
/社員資本等変動計算書/社員資本/利益剰余金/その他利益剰余金/償却資産圧縮積立金/当期変動額,当期変動額、償却資産圧縮積立金、タイトル項目,jpfr-t-cte_ChangesOfItemsDuringThePeriodReserveForReductionEntryOfDepreciableAssetsAbstract,0,0,0
/社員資本等変動計算書/社員資本/利益剰余金/その他利益剰余金/償却資産圧縮積立金/当期変動額/償却資産圧縮積立金の積立,償却資産圧縮積立金の積立、償却資産圧縮積立金,jpfr-t-cte_ProvisionOfReserveForReductionEntryOfDepreciableAssetsReserveForReductionEntryOfDepreciableAssets,0,0,0
/社員資本等変動計算書/社員資本/利益剰余金/その他利益剰余金/償却資産圧縮積立金/当期変動額/償却資産圧縮積立金の取崩,償却資産圧縮積立金の取崩、償却資産圧縮積立金,jpfr-t-cte_ReversalOfReserveForReductionEntryOfDepreciableAssetsReserveForReductionEntryOfDepreciableAssets,0,0,0
/社員資本等変動計算書/社員資本/利益剰余金/その他利益剰余金/償却資産圧縮積立金/当期変動額/当期変動額合計,当期変動額合計、償却資産圧縮積立金,jpfr-t-cte_TotalChangesOfItemsDuringThePeriodReserveForReductionEntryOfDepreciableAssets,0,0,0
/社員資本等変動計算書/社員資本/利益剰余金/その他利益剰余金/買換資産圧縮積立金,買換資産圧縮積立金、株主資本等変動計算書、タイトル項目,jpfr-t-cte_ReserveForReductionEntryOfReplacedPropertySSAbstract,0,0,0
/社員資本等変動計算書/社員資本/利益剰余金/その他利益剰余金/買換資産圧縮積立金/買換資産圧縮積立金,買換資産圧縮積立金,jpfr-t-cte_ReserveForReductionEntryOfReplacedProperty,0,0,0
/社員資本等変動計算書/社員資本/利益剰余金/その他利益剰余金/買換資産圧縮積立金/当期変動額,当期変動額、買換資産圧縮積立金、タイトル項目,jpfr-t-cte_ChangesOfItemsDuringThePeriodReserveForReductionEntryOfReplacedPropertyAbstract,0,0,0
/社員資本等変動計算書/社員資本/利益剰余金/その他利益剰余金/買換資産圧縮積立金/当期変動額/買換資産圧縮積立金の積立,買換資産圧縮積立金の積立、買換資産圧縮積立金,jpfr-t-cte_ProvisionOfReserveForReductionEntryOfReplacedPropertyReserveForReductionEntryOfReplacedProperty,0,0,0
/社員資本等変動計算書/社員資本/利益剰余金/その他利益剰余金/買換資産圧縮積立金/当期変動額/買換資産圧縮積立金の取崩,買換資産圧縮積立金の取崩、買換資産圧縮積立金,jpfr-t-cte_ReversalOfReserveForReductionEntryOfReplacedPropertyReserveForReductionEntryOfReplacedProperty,0,0,0
/社員資本等変動計算書/社員資本/利益剰余金/その他利益剰余金/買換資産圧縮積立金/当期変動額/当期変動額合計,当期変動額合計、買換資産圧縮積立金,jpfr-t-cte_TotalChangesOfItemsDuringThePeriodReserveForReductionEntryOfReplacedProperty,0,0,0
/社員資本等変動計算書/社員資本/利益剰余金/その他利益剰余金/買換資産積立金,買換資産積立金、株主資本等変動計算書、タイトル項目,jpfr-t-cte_ReserveForPropertyReplacementSSAbstract,0,0,0
/社員資本等変動計算書/社員資本/利益剰余金/その他利益剰余金/買換資産積立金/買換資産積立金,買換資産積立金,jpfr-t-cte_ReserveForPropertyReplacement,0,0,0
/社員資本等変動計算書/社員資本/利益剰余金/その他利益剰余金/買換資産積立金/当期変動額,当期変動額、買換資産積立金、タイトル項目,jpfr-t-cte_ChangesOfItemsDuringThePeriodReserveForPropertyReplacementAbstract,0,0,0
/社員資本等変動計算書/社員資本/利益剰余金/その他利益剰余金/買換資産積立金/当期変動額/買換資産積立金の積立,買換資産積立金の積立、買換資産積立金,jpfr-t-cte_ProvisionOfReserveForPropertyReplacementReserveForPropertyReplacement,0,0,0
/社員資本等変動計算書/社員資本/利益剰余金/その他利益剰余金/買換資産積立金/当期変動額/買換資産積立金の取崩,買換資産積立金の取崩、買換資産積立金,jpfr-t-cte_ReversalOfReserveForPropertyReplacementReserveForPropertyReplacement,0,0,0
/社員資本等変動計算書/社員資本/利益剰余金/その他利益剰余金/買換資産積立金/当期変動額/当期変動額合計,当期変動額合計、買換資産積立金,jpfr-t-cte_TotalChangesOfItemsDuringThePeriodReserveForPropertyReplacement,0,0,0
/社員資本等変動計算書/社員資本/利益剰余金/その他利益剰余金/特別償却積立金,特別償却積立金、株主資本等変動計算書、タイトル項目,jpfr-t-cte_ReserveForSpecialDepreciationGeneralSSAbstract,0,0,0
/社員資本等変動計算書/社員資本/利益剰余金/その他利益剰余金/特別償却積立金/特別償却積立金,特別償却積立金,jpfr-t-cte_ReserveForSpecialDepreciationGeneral,0,0,0
/社員資本等変動計算書/社員資本/利益剰余金/その他利益剰余金/特別償却積立金/当期変動額,当期変動額、特別償却積立金、タイトル項目,jpfr-t-cte_ChangesOfItemsDuringThePeriodReserveForSpecialDepreciationGeneralAbstract,0,0,0
/社員資本等変動計算書/社員資本/利益剰余金/その他利益剰余金/特別償却積立金/当期変動額/特別償却積立金の積立,特別償却積立金の積立、特別償却積立金,jpfr-t-cte_ProvisionOfReserveForSpecialDepreciationGeneralReserveForSpecialDepreciationGeneral,0,0,0
/社員資本等変動計算書/社員資本/利益剰余金/その他利益剰余金/特別償却積立金/当期変動額/特別償却積立金の取崩,特別償却積立金の取崩、特別償却積立金,jpfr-t-cte_ReversalOfReserveForSpecialDepreciationGeneralReserveForSpecialDepreciationGeneral,0,0,0
/社員資本等変動計算書/社員資本/利益剰余金/その他利益剰余金/特別償却積立金/当期変動額/当期変動額合計,当期変動額合計、特別償却積立金,jpfr-t-cte_TotalChangesOfItemsDuringThePeriodReserveForSpecialDepreciationGeneral,0,0,0
/社員資本等変動計算書/社員資本/利益剰余金/その他利益剰余金/特別積立金,特別積立金、株主資本等変動計算書、タイトル項目,jpfr-t-cte_SpecialReserveSSAbstract,0,0,0
/社員資本等変動計算書/社員資本/利益剰余金/その他利益剰余金/特別積立金/特別積立金,特別積立金,jpfr-t-cte_SpecialReserve,0,0,0
/社員資本等変動計算書/社員資本/利益剰余金/その他利益剰余金/特別積立金/当期変動額,当期変動額、特別積立金、タイトル項目,jpfr-t-cte_ChangesOfItemsDuringThePeriodSpecialReserveAbstract,0,0,0
/社員資本等変動計算書/社員資本/利益剰余金/その他利益剰余金/特別積立金/当期変動額/特別積立金の積立,特別積立金の積立、特別積立金,jpfr-t-cte_ProvisionOfSpecialReserveSpecialReserve,0,0,0
/社員資本等変動計算書/社員資本/利益剰余金/その他利益剰余金/特別積立金/当期変動額/特別積立金の取崩,特別積立金の取崩、特別積立金,jpfr-t-cte_ReversalOfSpecialReserveSpecialReserve,0,0,0
/社員資本等変動計算書/社員資本/利益剰余金/その他利益剰余金/特別積立金/当期変動額/当期変動額合計,当期変動額合計、特別積立金,jpfr-t-cte_TotalChangesOfItemsDuringThePeriodSpecialReserve,0,0,0
/社員資本等変動計算書/社員資本/利益剰余金/その他利益剰余金/任意積立金,任意積立金、株主資本等変動計算書、タイトル項目,jpfr-t-cte_VoluntaryRetainedEarningsSSAbstract,0,0,0
/社員資本等変動計算書/社員資本/利益剰余金/その他利益剰余金/任意積立金/任意積立金,任意積立金,jpfr-t-cte_VoluntaryRetainedEarnings,0,0,0
/社員資本等変動計算書/社員資本/利益剰余金/その他利益剰余金/任意積立金/当期変動額,当期変動額、任意積立金、タイトル項目,jpfr-t-cte_ChangesOfItemsDuringThePeriodVoluntaryRetainedEarningsAbstract,0,0,0
/社員資本等変動計算書/社員資本/利益剰余金/その他利益剰余金/任意積立金/当期変動額/任意積立金の積立,任意積立金の積立、任意積立金,jpfr-t-cte_ProvisionOfVoluntaryRetainedEarningsVoluntaryRetainedEarnings,0,0,0
/社員資本等変動計算書/社員資本/利益剰余金/その他利益剰余金/任意積立金/当期変動額/任意積立金の取崩,任意積立金の取崩、任意積立金,jpfr-t-cte_ReversalOfVoluntaryRetainedEarningsVoluntaryRetainedEarnings,0,0,0
/社員資本等変動計算書/社員資本/利益剰余金/その他利益剰余金/任意積立金/当期変動額/当期変動額合計,当期変動額合計、任意積立金,jpfr-t-cte_TotalChangesOfItemsDuringThePeriodVoluntaryRetainedEarnings,0,0,0
/社員資本等変動計算書/社員資本/利益剰余金/その他利益剰余金/別途積立金,別途積立金、株主資本等変動計算書、タイトル項目,jpfr-t-cte_GeneralReserveSSAbstract,0,0,0
/社員資本等変動計算書/社員資本/利益剰余金/その他利益剰余金/別途積立金/別途積立金,別途積立金,jpfr-t-cte_GeneralReserve,0,0,0
/社員資本等変動計算書/社員資本/利益剰余金/その他利益剰余金/別途積立金/当期変動額,当期変動額、別途積立金、タイトル項目,jpfr-t-cte_ChangesOfItemsDuringThePeriodGeneralReserveAbstract,0,0,0
/社員資本等変動計算書/社員資本/利益剰余金/その他利益剰余金/別途積立金/当期変動額/別途積立金の積立,別途積立金の積立、別途積立金,jpfr-t-cte_ProvisionOfGeneralReserveGeneralReserve,0,0,0
/社員資本等変動計算書/社員資本/利益剰余金/その他利益剰余金/別途積立金/当期変動額/別途積立金の取崩,別途積立金の取崩、別途積立金,jpfr-t-cte_ReversalOfGeneralReserveGeneralReserve,0,0,0
/社員資本等変動計算書/社員資本/利益剰余金/その他利益剰余金/別途積立金/当期変動額/利益処分,利益処分、別途積立金,jpfr-t-cte_ProfitAppropriationGeneralReserve,0,0,0
/社員資本等変動計算書/社員資本/利益剰余金/その他利益剰余金/別途積立金/当期変動額/当期変動額合計,当期変動額合計、別途積立金,jpfr-t-cte_TotalChangesOfItemsDuringThePeriodGeneralReserve,0,0,0
/社員資本等変動計算書/社員資本/利益剰余金/その他利益剰余金/繰越利益剰余金,繰越利益剰余金,jpfr-t-cte_RetainedEarningsBroughtForwardSSAbstract,0,0,0
/社員資本等変動計算書/社員資本/利益剰余金/その他利益剰余金/繰越利益剰余金/当期首残高,当期首残高、繰越利益剰余金,jpfr-t-cte_RetainedEarningsBroughtForward,0,0,0
/社員資本等変動計算書/社員資本/利益剰余金/その他利益剰余金/繰越利益剰余金/会計方針の変更による累積的影響額,会計方針の変更による累積的影響額、繰越利益剰余金,jpfr-t-cte_CumulativeEffectOfChangesInAccountingPoliciesREBF,0,0,0
/社員資本等変動計算書/社員資本/利益剰余金/その他利益剰余金/繰越利益剰余金/遡及処理後当期首残高,遡及処理後当期首残高、繰越利益剰余金,jpfr-t-cte_RetainedEarningsBroughtForwardAsRestated,0,0,0
/社員資本等変動計算書/社員資本/利益剰余金/その他利益剰余金/繰越利益剰余金/当期変動額,当期変動額、繰越利益剰余金、タイトル項目,jpfr-t-cte_ChangesOfItemsDuringThePeriodREBFAbstract,0,0,0
/社員資本等変動計算書/社員資本/利益剰余金/その他利益剰余金/繰越利益剰余金/当期変動額/剰余金の配当,剰余金の配当、繰越利益剰余金,jpfr-t-cte_DividendsFromSurplusREBF,0,0,0
/社員資本等変動計算書/社員資本/利益剰余金/その他利益剰余金/繰越利益剰余金/当期変動額/当期純利益,当期純利益,jpfr-t-cte_NetIncome,0,0,0
/社員資本等変動計算書/社員資本/利益剰余金/その他利益剰余金/繰越利益剰余金/当期変動額/合併による増加,合併による増加、繰越利益剰余金,jpfr-t-cte_IncreaseByMergerREBF,0,0,0
/社員資本等変動計算書/社員資本/利益剰余金/その他利益剰余金/繰越利益剰余金/当期変動額/会社分割による増加,会社分割による増加、繰越利益剰余金,jpfr-t-cte_IncreaseByCorporateDivisionREBF,0,0,0
/社員資本等変動計算書/社員資本/利益剰余金/その他利益剰余金/繰越利益剰余金/当期変動額/株式交換による増加,株式交換による増加、繰越利益剰余金,jpfr-t-cte_IncreaseByShareExchangesREBF,0,0,0
/社員資本等変動計算書/社員資本/利益剰余金/その他利益剰余金/繰越利益剰余金/当期変動額/株式移転による増加,株式移転による増加、繰越利益剰余金,jpfr-t-cte_IncreaseByShareTransfersREBF,0,0,0
/社員資本等変動計算書/社員資本/利益剰余金/その他利益剰余金/繰越利益剰余金/当期変動額/分割型の会社分割による減少,分割型の会社分割による減少、繰越利益剰余金,jpfr-t-cte_DecreaseByCorporateDivisionSplitOffTypeREBF,0,0,0
/社員資本等変動計算書/社員資本/利益剰余金/その他利益剰余金/繰越利益剰余金/当期変動額/自己株式の処分,自己株式の処分、繰越利益剰余金,jpfr-t-cte_DisposalOfTreasuryStockREBF,0,0,0
/社員資本等変動計算書/社員資本/利益剰余金/その他利益剰余金/繰越利益剰余金/当期変動額/自己株式の消却,自己株式の消却,jpfr-t-cte_RetirementOfTreasuryStockREBF,0,0,0
/社員資本等変動計算書/社員資本/利益剰余金/その他利益剰余金/繰越利益剰余金/当期変動額/役員賞与,役員賞与、繰越利益剰余金,jpfr-etax-t-cte_DirectorsBonusesREBF,0,0,0
/社員資本等変動計算書/社員資本/利益剰余金/その他利益剰余金/繰越利益剰余金/当期変動額/利益処分,利益処分、繰越利益剰余金,jpfr-t-cte_ProfitAppropriationREBF,0,0,0
/社員資本等変動計算書/社員資本/利益剰余金/その他利益剰余金/繰越利益剰余金/当期変動額/利益準備金の積立,利益準備金の積立、繰越利益剰余金,jpfr-t-cte_ProvisionOfLegalRetainedEarningsREBF,0,0,0
/社員資本等変動計算書/社員資本/利益剰余金/その他利益剰余金/繰越利益剰余金/当期変動額/利益準備金の取崩,利益準備金の取崩、繰越利益剰余金,jpfr-t-cte_ReversalOfLegalRetainedEarningsREBF,0,0,0
/社員資本等変動計算書/社員資本/利益剰余金/その他利益剰余金/繰越利益剰余金/当期変動額/配当平均積立金の積立,配当平均積立金の積立、繰越利益剰余金,jpfr-t-cte_ProvisionOfReserveForDividendEqualizationREBF,0,0,0
/社員資本等変動計算書/社員資本/利益剰余金/その他利益剰余金/繰越利益剰余金/当期変動額/配当平均積立金の取崩,配当平均積立金の取崩、繰越利益剰余金,jpfr-t-cte_ReversalOfReserveForDividendEqualizationREBF,0,0,0
/社員資本等変動計算書/社員資本/利益剰余金/その他利益剰余金/繰越利益剰余金/当期変動額/固定資産圧縮積立金の積立,固定資産圧縮積立金の積立、繰越利益剰余金,jpfr-t-cte_ProvisionOfReserveForAdvancedDepreciationOfNoncurrentAssetsREBF,0,0,0
/社員資本等変動計算書/社員資本/利益剰余金/その他利益剰余金/繰越利益剰余金/当期変動額/固定資産圧縮積立金の取崩,固定資産圧縮積立金の取崩、繰越利益剰余金,jpfr-t-cte_ReversalOfReserveForAdvancedDepreciationOfNoncurrentAssetsREBF,0,0,0
/社員資本等変動計算書/社員資本/利益剰余金/その他利益剰余金/繰越利益剰余金/当期変動額/固定資産圧縮特別勘定積立金の積立,固定資産圧縮特別勘定積立金の積立、繰越利益剰余金,jpfr-t-cte_ProvisionOfReserveForSpecialAccountForAdvancedDepreciationOfNoncurrentAssetsREBF,0,0,0
/社員資本等変動計算書/社員資本/利益剰余金/その他利益剰余金/繰越利益剰余金/当期変動額/固定資産圧縮特別勘定積立金の取崩,固定資産圧縮特別勘定積立金の取崩、繰越利益剰余金,jpfr-t-cte_ReversalOfReserveForSpecialAccountForAdvancedDepreciationOfNoncurrentAssetsREBF,0,0,0
/社員資本等変動計算書/社員資本/利益剰余金/その他利益剰余金/繰越利益剰余金/当期変動額/特別償却準備金の積立,特別償却準備金の積立、繰越利益剰余金,jpfr-t-cte_ProvisionOfReserveForSpecialDepreciationREBF,0,0,0
/社員資本等変動計算書/社員資本/利益剰余金/その他利益剰余金/繰越利益剰余金/当期変動額/特別償却準備金の取崩,特別償却準備金の取崩、繰越利益剰余金,jpfr-t-cte_ReversalOfReserveForSpecialDepreciationREBF,0,0,0
/社員資本等変動計算書/社員資本/利益剰余金/その他利益剰余金/繰越利益剰余金/当期変動額/プログラム等準備金の取崩,プログラム等準備金の取崩、繰越利益剰余金,jpfr-t-cte_ReversalOfReserveForSoftwareProgramsREBF,0,0,0
/社員資本等変動計算書/社員資本/利益剰余金/その他利益剰余金/繰越利益剰余金/当期変動額/海外投資等損失準備金の積立,海外投資等損失準備金の積立、繰越利益剰余金,jpfr-t-cte_ProvisionOfReserveForOverseasInvestmentLossREBF,0,0,0
/社員資本等変動計算書/社員資本/利益剰余金/その他利益剰余金/繰越利益剰余金/当期変動額/海外投資等損失準備金の取崩,海外投資等損失準備金の取崩、繰越利益剰余金,jpfr-t-cte_ReversalOfReserveForOverseasInvestmentLossREBF,0,0,0
/社員資本等変動計算書/社員資本/利益剰余金/その他利益剰余金/繰越利益剰余金/当期変動額/研究開発積立金の積立,研究開発積立金の積立、繰越利益剰余金,jpfr-t-cte_ProvisionOfReserveForResearchAndDevelopmentREBF,0,0,0
/社員資本等変動計算書/社員資本/利益剰余金/その他利益剰余金/繰越利益剰余金/当期変動額/研究開発積立金の取崩,研究開発積立金の取崩、繰越利益剰余金,jpfr-t-cte_ReversalOfReserveForResearchAndDevelopmentREBF,0,0,0
/社員資本等変動計算書/社員資本/利益剰余金/その他利益剰余金/繰越利益剰余金/当期変動額/配当積立金の積立,配当積立金の積立、繰越利益剰余金,jpfr-t-cte_ProvisionOfReserveForDividends1REBF,0,0,0
/社員資本等変動計算書/社員資本/利益剰余金/その他利益剰余金/繰越利益剰余金/当期変動額/配当積立金の取崩,配当積立金の取崩、繰越利益剰余金,jpfr-t-cte_ReversalOfReserveForDividends1REBF,0,0,0
/社員資本等変動計算書/社員資本/利益剰余金/その他利益剰余金/繰越利益剰余金/当期変動額/配当準備金の積立,配当準備金の積立、繰越利益剰余金,jpfr-t-cte_ProvisionOfReserveForDividends2REBF,0,0,0
/社員資本等変動計算書/社員資本/利益剰余金/その他利益剰余金/繰越利益剰余金/当期変動額/配当準備金の取崩,配当準備金の取崩、繰越利益剰余金,jpfr-t-cte_ReversalOfReserveForDividends2REBF,0,0,0
/社員資本等変動計算書/社員資本/利益剰余金/その他利益剰余金/繰越利益剰余金/当期変動額/配当準備積立金の積立,配当準備積立金の積立、繰越利益剰余金,jpfr-t-cte_ProvisionOfReserveForDividends3REBF,0,0,0
/社員資本等変動計算書/社員資本/利益剰余金/その他利益剰余金/繰越利益剰余金/当期変動額/配当準備積立金の取崩,配当準備積立金の取崩、繰越利益剰余金,jpfr-t-cte_ReversalOfReserveForDividends3REBF,0,0,0
/社員資本等変動計算書/社員資本/利益剰余金/その他利益剰余金/繰越利益剰余金/当期変動額/配当引当積立金の積立,配当引当積立金の積立、繰越利益剰余金,jpfr-t-cte_ProvisionOfReserveForDividends4REBF,0,0,0
/社員資本等変動計算書/社員資本/利益剰余金/その他利益剰余金/繰越利益剰余金/当期変動額/配当引当積立金の取崩,配当引当積立金の取崩、繰越利益剰余金,jpfr-t-cte_ReversalOfReserveForDividends4REBF,0,0,0
/社員資本等変動計算書/社員資本/利益剰余金/その他利益剰余金/繰越利益剰余金/当期変動額/退職給与積立金の積立,退職給与積立金の積立、繰越利益剰余金,jpfr-t-cte_ProvisionOfReserveForRetirementAllowance1REBF,0,0,0
/社員資本等変動計算書/社員資本/利益剰余金/その他利益剰余金/繰越利益剰余金/当期変動額/退職給与積立金の取崩,退職給与積立金の取崩、繰越利益剰余金,jpfr-t-cte_ReversalOfReserveForRetirementAllowance1REBF,0,0,0
/社員資本等変動計算書/社員資本/利益剰余金/その他利益剰余金/繰越利益剰余金/当期変動額/退職積立金の積立,退職積立金の積立、繰越利益剰余金,jpfr-t-cte_ProvisionOfReserveForRetirementAllowance2REBF,0,0,0
/社員資本等変動計算書/社員資本/利益剰余金/その他利益剰余金/繰越利益剰余金/当期変動額/退職積立金の取崩,退職積立金の取崩、繰越利益剰余金,jpfr-t-cte_ReversalOfReserveForRetirementAllowance2REBF,0,0,0
/社員資本等変動計算書/社員資本/利益剰余金/その他利益剰余金/繰越利益剰余金/当期変動額/退職手当積立金の積立,退職手当積立金の積立、繰越利益剰余金,jpfr-t-cte_ProvisionOfReserveForRetirementAllowance3REBF,0,0,0
/社員資本等変動計算書/社員資本/利益剰余金/その他利益剰余金/繰越利益剰余金/当期変動額/退職手当積立金の取崩,退職手当積立金の取崩、繰越利益剰余金,jpfr-t-cte_ReversalOfReserveForRetirementAllowance3REBF,0,0,0
/社員資本等変動計算書/社員資本/利益剰余金/その他利益剰余金/繰越利益剰余金/当期変動額/退職慰労積立金の積立,退職慰労積立金の積立、繰越利益剰余金,jpfr-t-cte_ProvisionOfReserveForRetirementAllowance4REBF,0,0,0
/社員資本等変動計算書/社員資本/利益剰余金/その他利益剰余金/繰越利益剰余金/当期変動額/退職慰労積立金の取崩,退職慰労積立金の取崩、繰越利益剰余金,jpfr-t-cte_ReversalOfReserveForRetirementAllowance4REBF,0,0,0
/社員資本等変動計算書/社員資本/利益剰余金/その他利益剰余金/繰越利益剰余金/当期変動額/役員退職積立金の積立,役員退職積立金の積立、繰越利益剰余金,jpfr-t-cte_ProvisionOfReserveForDirectorsRetirementAllowanceREBF,0,0,0
/社員資本等変動計算書/社員資本/利益剰余金/その他利益剰余金/繰越利益剰余金/当期変動額/役員退職積立金の取崩,役員退職積立金の取崩、繰越利益剰余金,jpfr-t-cte_ReversalOfReserveForDirectorsRetirementAllowanceREBF,0,0,0
/社員資本等変動計算書/社員資本/利益剰余金/その他利益剰余金/繰越利益剰余金/当期変動額/圧縮記帳積立金の積立,圧縮記帳積立金の積立、繰越利益剰余金,jpfr-t-cte_ProvisionOfReserveForReductionEntry1REBF,0,0,0
/社員資本等変動計算書/社員資本/利益剰余金/その他利益剰余金/繰越利益剰余金/当期変動額/圧縮記帳積立金の取崩,圧縮記帳積立金の取崩、繰越利益剰余金,jpfr-t-cte_ReversalOfReserveForReductionEntry1REBF,0,0,0
/社員資本等変動計算書/社員資本/利益剰余金/その他利益剰余金/繰越利益剰余金/当期変動額/圧縮積立金の積立,圧縮積立金の積立、繰越利益剰余金,jpfr-t-cte_ProvisionOfReserveForReductionEntry2REBF,0,0,0
/社員資本等変動計算書/社員資本/利益剰余金/その他利益剰余金/繰越利益剰余金/当期変動額/圧縮積立金の取崩,圧縮積立金の取崩、繰越利益剰余金,jpfr-t-cte_ReversalOfReserveForReductionEntry2REBF,0,0,0
/社員資本等変動計算書/社員資本/利益剰余金/その他利益剰余金/繰越利益剰余金/当期変動額/土地圧縮積立金の積立,土地圧縮積立金の積立、繰越利益剰余金,jpfr-t-cte_ProvisionOfReserveForReductionEntryOfLandREBF,0,0,0
/社員資本等変動計算書/社員資本/利益剰余金/その他利益剰余金/繰越利益剰余金/当期変動額/土地圧縮積立金の取崩,土地圧縮積立金の取崩、繰越利益剰余金,jpfr-t-cte_ReversalOfReserveForReductionEntryOfLandREBF,0,0,0
/社員資本等変動計算書/社員資本/利益剰余金/その他利益剰余金/繰越利益剰余金/当期変動額/建物圧縮積立金の積立,建物圧縮積立金の積立、繰越利益剰余金,jpfr-t-cte_ProvisionOfReserveForReductionEntryOfBuildingsREBF,0,0,0
/社員資本等変動計算書/社員資本/利益剰余金/その他利益剰余金/繰越利益剰余金/当期変動額/建物圧縮積立金の取崩,建物圧縮積立金の取崩、繰越利益剰余金,jpfr-t-cte_ReversalOfReserveForReductionEntryOfBuildingsREBF,0,0,0
/社員資本等変動計算書/社員資本/利益剰余金/その他利益剰余金/繰越利益剰余金/当期変動額/不動産圧縮積立金の積立,不動産圧縮積立金の積立、繰越利益剰余金,jpfr-t-cte_ProvisionOfReserveForReductionEntryOfRealEstateREBF,0,0,0
/社員資本等変動計算書/社員資本/利益剰余金/その他利益剰余金/繰越利益剰余金/当期変動額/不動産圧縮積立金の取崩,不動産圧縮積立金の取崩、繰越利益剰余金,jpfr-t-cte_ReversalOfReserveForReductionEntryOfRealEstateREBF,0,0,0
/社員資本等変動計算書/社員資本/利益剰余金/その他利益剰余金/繰越利益剰余金/当期変動額/資産圧縮積立金の積立,資産圧縮積立金の積立、繰越利益剰余金,jpfr-t-cte_ProvisionOfReserveForReductionEntryOfAssetsREBF,0,0,0
/社員資本等変動計算書/社員資本/利益剰余金/その他利益剰余金/繰越利益剰余金/当期変動額/資産圧縮積立金の取崩,資産圧縮積立金の取崩、繰越利益剰余金,jpfr-t-cte_ReversalOfReserveForReductionEntryOfAssetsREBF,0,0,0
/社員資本等変動計算書/社員資本/利益剰余金/その他利益剰余金/繰越利益剰余金/当期変動額/償却資産圧縮積立金の積立,償却資産圧縮積立金の積立、繰越利益剰余金,jpfr-t-cte_ProvisionOfReserveForReductionEntryOfDepreciableAssetsREBF,0,0,0
/社員資本等変動計算書/社員資本/利益剰余金/その他利益剰余金/繰越利益剰余金/当期変動額/償却資産圧縮積立金の取崩,償却資産圧縮積立金の取崩、繰越利益剰余金,jpfr-t-cte_ReversalOfReserveForReductionEntryOfDepreciableAssetsREBF,0,0,0
/社員資本等変動計算書/社員資本/利益剰余金/その他利益剰余金/繰越利益剰余金/当期変動額/買換資産圧縮積立金の積立,買換資産圧縮積立金の積立、繰越利益剰余金,jpfr-t-cte_ProvisionOfReserveForReductionEntryOfReplacedPropertyREBF,0,0,0
/社員資本等変動計算書/社員資本/利益剰余金/その他利益剰余金/繰越利益剰余金/当期変動額/買換資産圧縮積立金の取崩,買換資産圧縮積立金の取崩、繰越利益剰余金,jpfr-t-cte_ReversalOfReserveForReductionEntryOfReplacedPropertyREBF,0,0,0
/社員資本等変動計算書/社員資本/利益剰余金/その他利益剰余金/繰越利益剰余金/当期変動額/買換資産積立金の積立,買換資産積立金の積立、繰越利益剰余金,jpfr-t-cte_ProvisionOfReserveForPropertyReplacementREBF,0,0,0
/社員資本等変動計算書/社員資本/利益剰余金/その他利益剰余金/繰越利益剰余金/当期変動額/買換資産積立金の取崩,買換資産積立金の取崩、繰越利益剰余金,jpfr-t-cte_ReversalOfReserveForPropertyReplacementREBF,0,0,0
/社員資本等変動計算書/社員資本/利益剰余金/その他利益剰余金/繰越利益剰余金/当期変動額/特別償却積立金の積立,特別償却積立金の積立、繰越利益剰余金,jpfr-t-cte_ProvisionOfReserveForSpecialDepreciationGeneralREBF,0,0,0
/社員資本等変動計算書/社員資本/利益剰余金/その他利益剰余金/繰越利益剰余金/当期変動額/特別償却積立金の取崩,特別償却積立金の取崩、繰越利益剰余金,jpfr-t-cte_ReversalOfReserveForSpecialDepreciationGeneralREBF,0,0,0
/社員資本等変動計算書/社員資本/利益剰余金/その他利益剰余金/繰越利益剰余金/当期変動額/特別積立金の積立,特別積立金の積立、繰越利益剰余金,jpfr-t-cte_ProvisionOfSpecialReserveREBF,0,0,0
/社員資本等変動計算書/社員資本/利益剰余金/その他利益剰余金/繰越利益剰余金/当期変動額/特別積立金の取崩,特別積立金の取崩、繰越利益剰余金,jpfr-t-cte_ReversalOfSpecialReserveREBF,0,0,0
/社員資本等変動計算書/社員資本/利益剰余金/その他利益剰余金/繰越利益剰余金/当期変動額/任意積立金の積立,任意積立金の積立、繰越利益剰余金,jpfr-t-cte_ProvisionOfVoluntaryRetainedEarningsREBF,0,0,0
/社員資本等変動計算書/社員資本/利益剰余金/その他利益剰余金/繰越利益剰余金/当期変動額/任意積立金の取崩,任意積立金の取崩、繰越利益剰余金,jpfr-t-cte_ReversalOfVoluntaryRetainedEarningsREBF,0,0,0
/社員資本等変動計算書/社員資本/利益剰余金/その他利益剰余金/繰越利益剰余金/当期変動額/別途積立金の積立,別途積立金の積立、繰越利益剰余金,jpfr-t-cte_ProvisionOfGeneralReserveREBF,0,0,0
/社員資本等変動計算書/社員資本/利益剰余金/その他利益剰余金/繰越利益剰余金/当期変動額/別途積立金の取崩,別途積立金の取崩、繰越利益剰余金,jpfr-t-cte_ReversalOfGeneralReserveREBF,0,0,0
/社員資本等変動計算書/社員資本/利益剰余金/その他利益剰余金/繰越利益剰余金/当期変動額/土地再評価差額金の取崩,土地再評価差額金の取崩、繰越利益剰余金,jpfr-t-cte_ReversalOfRevaluationReserveForLandREBF,0,0,0
/社員資本等変動計算書/社員資本/利益剰余金/その他利益剰余金/繰越利益剰余金/当期変動額/欠損填補,欠損填補、繰越利益剰余金,jpfr-t-cte_DeficitDispositionREBF,0,0,0
/社員資本等変動計算書/社員資本/利益剰余金/その他利益剰余金/繰越利益剰余金/当期変動額/減資,減資、繰越利益剰余金,jpfr-t-cte_CapitalReductionREBF,0,0,0
/社員資本等変動計算書/社員資本/利益剰余金/その他利益剰余金/繰越利益剰余金/当期変動額/利益剰余金から資本剰余金への振替,利益剰余金から資本剰余金への振替、繰越利益剰余金,jpfr-t-cte_TransferToCapitalSurplusFromRetainedEarningsREBF,0,0,0
/社員資本等変動計算書/社員資本/利益剰余金/その他利益剰余金/繰越利益剰余金/当期変動額/当期変動額合計,当期変動額合計、繰越利益剰余金,jpfr-t-cte_TotalChangesOfItemsDuringThePeriodREBF,0,0,0
/社員資本等変動計算書/社員資本/利益剰余金/その他利益剰余金/繰越利益剰余金/当期末残高,当期末残高、繰越利益剰余金,jpfr-t-cte_RetainedEarningsBroughtForward,0,0,0
/社員資本等変動計算書/社員資本/利益剰余金/その他利益剰余金/その他利益剰余金,その他利益剰余金,jpfr-t-cte_OtherRetainedEarnings,0,0,0
/社員資本等変動計算書/社員資本/利益剰余金/その他利益剰余金/当期変動額,当期変動額、その他利益剰余金、タイトル項目,jpfr-t-cte_ChangesOfItemsDuringThePeriodOREAbstract,0,0,0
/社員資本等変動計算書/社員資本/利益剰余金/その他利益剰余金/当期変動額/剰余金の配当,剰余金の配当、その他利益剰余金,jpfr-t-cte_DividendsFromSurplusORE,0,0,0
/社員資本等変動計算書/社員資本/利益剰余金/その他利益剰余金/当期変動額/当期純利益,当期純利益、その他利益剰余金,jpfr-t-cte_NetIncomeORE,0,0,0
/社員資本等変動計算書/社員資本/利益剰余金/その他利益剰余金/当期変動額/合併による増加,合併による増加、その他利益剰余金,jpfr-t-cte_IncreaseByMergerORE,0,0,0
/社員資本等変動計算書/社員資本/利益剰余金/その他利益剰余金/当期変動額/会社分割による増加,会社分割による増加、その他利益剰余金,jpfr-t-cte_IncreaseByCorporateDivisionORE,0,0,0
/社員資本等変動計算書/社員資本/利益剰余金/その他利益剰余金/当期変動額/株式交換による増加,株式交換による増加、その他利益剰余金,jpfr-t-cte_IncreaseByShareExchangesORE,0,0,0
/社員資本等変動計算書/社員資本/利益剰余金/その他利益剰余金/当期変動額/株式移転による増加,株式移転による増加、その他利益剰余金,jpfr-t-cte_IncreaseByShareTransfersORE,0,0,0
/社員資本等変動計算書/社員資本/利益剰余金/その他利益剰余金/当期変動額/分割型の会社分割による減少,分割型の会社分割による減少、その他利益剰余金,jpfr-t-cte_DecreaseByCorporateDivisionSplitOffTypeORE,0,0,0
/社員資本等変動計算書/社員資本/利益剰余金/その他利益剰余金/当期変動額/役員賞与,役員賞与、その他利益剰余金,jpfr-etax-t-cte_DirectorsBonusesORE,0,0,0
/社員資本等変動計算書/社員資本/利益剰余金/その他利益剰余金/当期変動額/利益処分,利益処分、その他利益剰余金,jpfr-t-cte_ProfitAppropriationORE,0,0,0
/社員資本等変動計算書/社員資本/利益剰余金/その他利益剰余金/当期変動額/利益準備金の積立,利益準備金の積立、その他利益剰余金,jpfr-t-cte_ProvisionOfLegalRetainedEarningsORE,0,0,0
/社員資本等変動計算書/社員資本/利益剰余金/その他利益剰余金/当期変動額/利益準備金の取崩,利益準備金の取崩、その他利益剰余金,jpfr-t-cte_ReversalOfLegalRetainedEarningsORE,0,0,0
/社員資本等変動計算書/社員資本/利益剰余金/その他利益剰余金/当期変動額/配当平均積立金の積立,配当平均積立金の積立、その他利益剰余金,jpfr-t-cte_ProvisionOfReserveForDividendEqualizationORE,0,0,0
/社員資本等変動計算書/社員資本/利益剰余金/その他利益剰余金/当期変動額/配当平均積立金の取崩,配当平均積立金の取崩、その他利益剰余金,jpfr-t-cte_ReversalOfReserveForDividendEqualizationORE,0,0,0
/社員資本等変動計算書/社員資本/利益剰余金/その他利益剰余金/当期変動額/固定資産圧縮積立金の積立,固定資産圧縮積立金の積立、その他利益剰余金,jpfr-t-cte_ProvisionOfReserveForAdvancedDepreciationOfNoncurrentAssetsORE,0,0,0
/社員資本等変動計算書/社員資本/利益剰余金/その他利益剰余金/当期変動額/固定資産圧縮積立金の取崩,固定資産圧縮積立金の取崩、その他利益剰余金,jpfr-t-cte_ReversalOfReserveForAdvancedDepreciationOfNoncurrentAssetsORE,0,0,0
/社員資本等変動計算書/社員資本/利益剰余金/その他利益剰余金/当期変動額/固定資産圧縮特別勘定積立金の積立,固定資産圧縮特別勘定積立金の積立、その他利益剰余金,jpfr-t-cte_ProvisionOfReserveForSpecialAccountForAdvancedDepreciationOfNoncurrentAssetsORE,0,0,0
/社員資本等変動計算書/社員資本/利益剰余金/その他利益剰余金/当期変動額/固定資産圧縮特別勘定積立金の取崩,固定資産圧縮特別勘定積立金の取崩、その他利益剰余金,jpfr-t-cte_ReversalOfReserveForSpecialAccountForAdvancedDepreciationOfNoncurrentAssetsORE,0,0,0
/社員資本等変動計算書/社員資本/利益剰余金/その他利益剰余金/当期変動額/特別償却準備金の積立,特別償却準備金の積立、その他利益剰余金,jpfr-t-cte_ProvisionOfReserveForSpecialDepreciationORE,0,0,0
/社員資本等変動計算書/社員資本/利益剰余金/その他利益剰余金/当期変動額/特別償却準備金の取崩,特別償却準備金の取崩、その他利益剰余金,jpfr-t-cte_ReversalOfReserveForSpecialDepreciationORE,0,0,0
/社員資本等変動計算書/社員資本/利益剰余金/その他利益剰余金/当期変動額/プログラム等準備金の取崩,プログラム等準備金の取崩、その他利益剰余金,jpfr-t-cte_ReversalOfReserveForSoftwareProgramsORE,0,0,0
/社員資本等変動計算書/社員資本/利益剰余金/その他利益剰余金/当期変動額/海外投資等損失準備金の積立,海外投資等損失準備金の積立、その他利益剰余金,jpfr-t-cte_ProvisionOfReserveForOverseasInvestmentLossORE,0,0,0
/社員資本等変動計算書/社員資本/利益剰余金/その他利益剰余金/当期変動額/海外投資等損失準備金の取崩,海外投資等損失準備金の取崩、その他利益剰余金,jpfr-t-cte_ReversalOfReserveForOverseasInvestmentLossORE,0,0,0
/社員資本等変動計算書/社員資本/利益剰余金/その他利益剰余金/当期変動額/研究開発積立金の積立,研究開発積立金の積立、その他利益剰余金,jpfr-t-cte_ProvisionOfReserveForResearchAndDevelopmentORE,0,0,0
/社員資本等変動計算書/社員資本/利益剰余金/その他利益剰余金/当期変動額/研究開発積立金の取崩,研究開発積立金の取崩、その他利益剰余金,jpfr-t-cte_ReversalOfReserveForResearchAndDevelopmentORE,0,0,0
/社員資本等変動計算書/社員資本/利益剰余金/その他利益剰余金/当期変動額/配当積立金の積立,配当積立金の積立、その他利益剰余金,jpfr-t-cte_ProvisionOfReserveForDividends1ORE,0,0,0
/社員資本等変動計算書/社員資本/利益剰余金/その他利益剰余金/当期変動額/配当積立金の取崩,配当積立金の取崩、その他利益剰余金,jpfr-t-cte_ReversalOfReserveForDividends1ORE,0,0,0
/社員資本等変動計算書/社員資本/利益剰余金/その他利益剰余金/当期変動額/配当準備金の積立,配当準備金の積立、その他利益剰余金,jpfr-t-cte_ProvisionOfReserveForDividends2ORE,0,0,0
/社員資本等変動計算書/社員資本/利益剰余金/その他利益剰余金/当期変動額/配当準備金の取崩,配当準備金の取崩、その他利益剰余金,jpfr-t-cte_ReversalOfReserveForDividends2ORE,0,0,0
/社員資本等変動計算書/社員資本/利益剰余金/その他利益剰余金/当期変動額/配当準備積立金の積立,配当準備積立金の積立、その他利益剰余金,jpfr-t-cte_ProvisionOfReserveForDividends3ORE,0,0,0
/社員資本等変動計算書/社員資本/利益剰余金/その他利益剰余金/当期変動額/配当準備積立金の取崩,配当準備積立金の取崩、その他利益剰余金,jpfr-t-cte_ReversalOfReserveForDividends3ORE,0,0,0
/社員資本等変動計算書/社員資本/利益剰余金/その他利益剰余金/当期変動額/配当引当積立金の積立,配当引当積立金の積立、その他利益剰余金,jpfr-t-cte_ProvisionOfReserveForDividends4ORE,0,0,0
/社員資本等変動計算書/社員資本/利益剰余金/その他利益剰余金/当期変動額/配当引当積立金の取崩,配当引当積立金の取崩、その他利益剰余金,jpfr-t-cte_ReversalOfReserveForDividends4ORE,0,0,0
/社員資本等変動計算書/社員資本/利益剰余金/その他利益剰余金/当期変動額/退職給与積立金の積立,退職給与積立金の積立、その他利益剰余金,jpfr-t-cte_ProvisionOfReserveForRetirementAllowance1ORE,0,0,0
/社員資本等変動計算書/社員資本/利益剰余金/その他利益剰余金/当期変動額/退職給与積立金の取崩,退職給与積立金の取崩、その他利益剰余金,jpfr-t-cte_ReversalOfReserveForRetirementAllowance1ORE,0,0,0
/社員資本等変動計算書/社員資本/利益剰余金/その他利益剰余金/当期変動額/退職積立金の積立,退職積立金の積立、その他利益剰余金,jpfr-t-cte_ProvisionOfReserveForRetirementAllowance2ORE,0,0,0
/社員資本等変動計算書/社員資本/利益剰余金/その他利益剰余金/当期変動額/退職積立金の取崩,退職積立金の取崩、その他利益剰余金,jpfr-t-cte_ReversalOfReserveForRetirementAllowance2ORE,0,0,0
/社員資本等変動計算書/社員資本/利益剰余金/その他利益剰余金/当期変動額/退職手当積立金の積立,退職手当積立金の積立、その他利益剰余金,jpfr-t-cte_ProvisionOfReserveForRetirementAllowance3ORE,0,0,0
/社員資本等変動計算書/社員資本/利益剰余金/その他利益剰余金/当期変動額/退職手当積立金の取崩,退職手当積立金の取崩、その他利益剰余金,jpfr-t-cte_ReversalOfReserveForRetirementAllowance3ORE,0,0,0
/社員資本等変動計算書/社員資本/利益剰余金/その他利益剰余金/当期変動額/退職慰労積立金の積立,退職慰労積立金の積立、その他利益剰余金,jpfr-t-cte_ProvisionOfReserveForRetirementAllowance4ORE,0,0,0
/社員資本等変動計算書/社員資本/利益剰余金/その他利益剰余金/当期変動額/退職慰労積立金の取崩,退職慰労積立金の取崩、その他利益剰余金,jpfr-t-cte_ReversalOfReserveForRetirementAllowance4ORE,0,0,0
/社員資本等変動計算書/社員資本/利益剰余金/その他利益剰余金/当期変動額/役員退職積立金の積立,役員退職積立金の積立、その他利益剰余金,jpfr-t-cte_ProvisionOfReserveForDirectorsRetirementAllowanceORE,0,0,0
/社員資本等変動計算書/社員資本/利益剰余金/その他利益剰余金/当期変動額/役員退職積立金の取崩,役員退職積立金の取崩、その他利益剰余金,jpfr-t-cte_ReversalOfReserveForDirectorsRetirementAllowanceORE,0,0,0
/社員資本等変動計算書/社員資本/利益剰余金/その他利益剰余金/当期変動額/圧縮記帳積立金の積立,圧縮記帳積立金の積立、その他利益剰余金,jpfr-t-cte_ProvisionOfReserveForReductionEntry1ORE,0,0,0
/社員資本等変動計算書/社員資本/利益剰余金/その他利益剰余金/当期変動額/圧縮記帳積立金の取崩,圧縮記帳積立金の取崩、その他利益剰余金,jpfr-t-cte_ReversalOfReserveForReductionEntry1ORE,0,0,0
/社員資本等変動計算書/社員資本/利益剰余金/その他利益剰余金/当期変動額/圧縮積立金の積立,圧縮積立金の積立、その他利益剰余金,jpfr-t-cte_ProvisionOfReserveForReductionEntry2ORE,0,0,0
/社員資本等変動計算書/社員資本/利益剰余金/その他利益剰余金/当期変動額/圧縮積立金の取崩,圧縮積立金の取崩、その他利益剰余金,jpfr-t-cte_ReversalOfReserveForReductionEntry2ORE,0,0,0
/社員資本等変動計算書/社員資本/利益剰余金/その他利益剰余金/当期変動額/土地圧縮積立金の積立,土地圧縮積立金の積立、その他利益剰余金,jpfr-t-cte_ProvisionOfReserveForReductionEntryOfLandORE,0,0,0
/社員資本等変動計算書/社員資本/利益剰余金/その他利益剰余金/当期変動額/土地圧縮積立金の取崩,土地圧縮積立金の取崩、その他利益剰余金,jpfr-t-cte_ReversalOfReserveForReductionEntryOfLandORE,0,0,0
/社員資本等変動計算書/社員資本/利益剰余金/その他利益剰余金/当期変動額/建物圧縮積立金の積立,建物圧縮積立金の積立、その他利益剰余金,jpfr-t-cte_ProvisionOfReserveForReductionEntryOfBuildingsORE,0,0,0
/社員資本等変動計算書/社員資本/利益剰余金/その他利益剰余金/当期変動額/建物圧縮積立金の取崩,建物圧縮積立金の取崩、その他利益剰余金,jpfr-t-cte_ReversalOfReserveForReductionEntryOfBuildingsORE,0,0,0
/社員資本等変動計算書/社員資本/利益剰余金/その他利益剰余金/当期変動額/不動産圧縮積立金の積立,不動産圧縮積立金の積立、その他利益剰余金,jpfr-t-cte_ProvisionOfReserveForReductionEntryOfRealEstateORE,0,0,0
/社員資本等変動計算書/社員資本/利益剰余金/その他利益剰余金/当期変動額/不動産圧縮積立金の取崩,不動産圧縮積立金の取崩、その他利益剰余金,jpfr-t-cte_ReversalOfReserveForReductionEntryOfRealEstateORE,0,0,0
/社員資本等変動計算書/社員資本/利益剰余金/その他利益剰余金/当期変動額/資産圧縮積立金の積立,資産圧縮積立金の積立、その他利益剰余金,jpfr-t-cte_ProvisionOfReserveForReductionEntryOfAssetsORE,0,0,0
/社員資本等変動計算書/社員資本/利益剰余金/その他利益剰余金/当期変動額/資産圧縮積立金の取崩,資産圧縮積立金の取崩、その他利益剰余金,jpfr-t-cte_ReversalOfReserveForReductionEntryOfAssetsORE,0,0,0
/社員資本等変動計算書/社員資本/利益剰余金/その他利益剰余金/当期変動額/償却資産圧縮積立金の積立,償却資産圧縮積立金の積立、その他利益剰余金,jpfr-t-cte_ProvisionOfReserveForReductionEntryOfDepreciableAssetsORE,0,0,0
/社員資本等変動計算書/社員資本/利益剰余金/その他利益剰余金/当期変動額/償却資産圧縮積立金の取崩,償却資産圧縮積立金の取崩、その他利益剰余金,jpfr-t-cte_ReversalOfReserveForReductionEntryOfDepreciableAssetsORE,0,0,0
/社員資本等変動計算書/社員資本/利益剰余金/その他利益剰余金/当期変動額/買換資産圧縮積立金の積立,買換資産圧縮積立金の積立、その他利益剰余金,jpfr-t-cte_ProvisionOfReserveForReductionEntryOfReplacedPropertyORE,0,0,0
/社員資本等変動計算書/社員資本/利益剰余金/その他利益剰余金/当期変動額/買換資産圧縮積立金の取崩,買換資産圧縮積立金の取崩、その他利益剰余金,jpfr-t-cte_ReversalOfReserveForReductionEntryOfReplacedPropertyORE,0,0,0
/社員資本等変動計算書/社員資本/利益剰余金/その他利益剰余金/当期変動額/買換資産積立金の積立,買換資産積立金の積立、その他利益剰余金,jpfr-t-cte_ProvisionOfReserveForPropertyReplacementORE,0,0,0
/社員資本等変動計算書/社員資本/利益剰余金/その他利益剰余金/当期変動額/買換資産積立金の取崩,買換資産積立金の取崩、その他利益剰余金,jpfr-t-cte_ReversalOfReserveForPropertyReplacementORE,0,0,0
/社員資本等変動計算書/社員資本/利益剰余金/その他利益剰余金/当期変動額/特別償却積立金の積立,特別償却積立金の積立、その他利益剰余金,jpfr-t-cte_ProvisionOfReserveForSpecialDepreciationGeneralORE,0,0,0
/社員資本等変動計算書/社員資本/利益剰余金/その他利益剰余金/当期変動額/特別償却積立金の取崩,特別償却積立金の取崩、その他利益剰余金,jpfr-t-cte_ReversalOfReserveForSpecialDepreciationGeneralORE,0,0,0
/社員資本等変動計算書/社員資本/利益剰余金/その他利益剰余金/当期変動額/特別積立金の積立,特別積立金の積立、その他利益剰余金,jpfr-t-cte_ProvisionOfSpecialReserveORE,0,0,0
/社員資本等変動計算書/社員資本/利益剰余金/その他利益剰余金/当期変動額/特別積立金の取崩,特別積立金の取崩、その他利益剰余金,jpfr-t-cte_ReversalOfSpecialReserveORE,0,0,0
/社員資本等変動計算書/社員資本/利益剰余金/その他利益剰余金/当期変動額/任意積立金の積立,任意積立金の積立、その他利益剰余金,jpfr-t-cte_ProvisionOfVoluntaryRetainedEarningsORE,0,0,0
/社員資本等変動計算書/社員資本/利益剰余金/その他利益剰余金/当期変動額/任意積立金の取崩,任意積立金の取崩、その他利益剰余金,jpfr-t-cte_ReversalOfVoluntaryRetainedEarningsORE,0,0,0
/社員資本等変動計算書/社員資本/利益剰余金/その他利益剰余金/当期変動額/別途積立金の積立,別途積立金の積立、その他利益剰余金,jpfr-t-cte_ProvisionOfGeneralReserveORE,0,0,0
/社員資本等変動計算書/社員資本/利益剰余金/その他利益剰余金/当期変動額/別途積立金の取崩,別途積立金の取崩、その他利益剰余金,jpfr-t-cte_ReversalOfGeneralReserveORE,0,0,0
/社員資本等変動計算書/社員資本/利益剰余金/その他利益剰余金/当期変動額/土地再評価差額金の取崩,土地再評価差額金の取崩、その他利益剰余金,jpfr-t-cte_ReversalOfRevaluationReserveForLandORE,0,0,0
/社員資本等変動計算書/社員資本/利益剰余金/その他利益剰余金/当期変動額/欠損填補,欠損填補、その他利益剰余金,jpfr-t-cte_DeficitDispositionORE,0,0,0
/社員資本等変動計算書/社員資本/利益剰余金/その他利益剰余金/当期変動額/減資,減資、その他利益剰余金,jpfr-t-cte_CapitalReductionORE,0,0,0
/社員資本等変動計算書/社員資本/利益剰余金/その他利益剰余金/当期変動額/利益剰余金から資本剰余金への振替,利益剰余金から資本剰余金への振替、その他利益剰余金,jpfr-t-cte_TransferToCapitalSurplusFromRetainedEarningsORE,0,0,0
/社員資本等変動計算書/社員資本/利益剰余金/その他利益剰余金/当期変動額/当期変動額合計,当期変動額合計、その他利益剰余金,jpfr-t-cte_TotalChangesOfItemsDuringThePeriodORE,0,0,0
/社員資本等変動計算書/社員資本/利益剰余金/利益剰余金合計,利益剰余金合計,jpfr-t-cte_TotalRetainedEarningsSSAbstract,0,0,0
/社員資本等変動計算書/社員資本/利益剰余金/利益剰余金合計/当期首残高,当期首残高、利益剰余金,jpfr-t-cte_RetainedEarnings,0,0,0
/社員資本等変動計算書/社員資本/利益剰余金/利益剰余金合計/会計方針の変更による累積的影響額,会計方針の変更による累積的影響額、利益剰余金,jpfr-t-cte_CumulativeEffectOfChangesInAccountingPoliciesRE,0,0,0
/社員資本等変動計算書/社員資本/利益剰余金/利益剰余金合計/遡及処理後当期首残高,遡及処理後当期首残高、利益剰余金,jpfr-t-cte_RetainedEarningsAsRestated,0,0,0
/社員資本等変動計算書/社員資本/利益剰余金/利益剰余金合計/在外子会社の会計処理の変更に伴う増減,在外子会社の会計処理の変更に伴う増減、利益剰余金,jpfr-t-cte_EffectOfChangesInAccountingPoliciesAppliedToForeignSubsidiariesRE,0,0,0
/社員資本等変動計算書/社員資本/利益剰余金/利益剰余金合計/当期変動額,当期変動額、利益剰余金、タイトル項目,jpfr-t-cte_ChangesOfItemsDuringThePeriodREAbstract,0,0,0
/社員資本等変動計算書/社員資本/利益剰余金/利益剰余金合計/当期変動額/剰余金の配当,剰余金の配当、利益剰余金,jpfr-t-cte_DividendsFromSurplusRE,0,0,0
/社員資本等変動計算書/社員資本/利益剰余金/利益剰余金合計/当期変動額/当期純利益,当期純利益、利益剰余金,jpfr-t-cte_NetIncomeRENonconsolidated,0,0,0
/社員資本等変動計算書/社員資本/利益剰余金/利益剰余金合計/当期変動額/連結範囲の変動,連結範囲の変動、利益剰余金,jpfr-t-cte_ChangeOfScopeOfConsolidationRE,0,0,0
/社員資本等変動計算書/社員資本/利益剰余金/利益剰余金合計/当期変動額/持分法の適用範囲の変動,持分法の適用範囲の変動、利益剰余金,jpfr-t-cte_ChangeOfScopeOfEquityMethodRE,0,0,0
/社員資本等変動計算書/社員資本/利益剰余金/利益剰余金合計/当期変動額/合併による増加,合併による増加、利益剰余金,jpfr-t-cte_IncreaseByMergerRE,0,0,0
/社員資本等変動計算書/社員資本/利益剰余金/利益剰余金合計/当期変動額/会社分割による増加,会社分割による増加、利益剰余金,jpfr-t-cte_IncreaseByCorporateDivisionRE,0,0,0
/社員資本等変動計算書/社員資本/利益剰余金/利益剰余金合計/当期変動額/株式交換による増加,株式交換による増加、利益剰余金,jpfr-t-cte_IncreaseByShareExchangesRE,0,0,0
/社員資本等変動計算書/社員資本/利益剰余金/利益剰余金合計/当期変動額/株式移転による増加,株式移転による増加、利益剰余金,jpfr-t-cte_IncreaseByShareTransfersRE,0,0,0
/社員資本等変動計算書/社員資本/利益剰余金/利益剰余金合計/当期変動額/分割型の会社分割による減少,分割型の会社分割による減少、利益剰余金,jpfr-t-cte_DecreaseByCorporateDivisionSplitOffTypeRE,0,0,0
/社員資本等変動計算書/社員資本/利益剰余金/利益剰余金合計/当期変動額/役員賞与,役員賞与、利益剰余金,jpfr-etax-t-cte_DirectorsBonusesRE,0,0,0
/社員資本等変動計算書/社員資本/利益剰余金/利益剰余金合計/当期変動額/利益処分,利益処分、利益剰余金,jpfr-t-cte_ProfitAppropriationRE,0,0,0
/社員資本等変動計算書/社員資本/利益剰余金/利益剰余金合計/当期変動額/利益準備金の積立,利益準備金の積立、利益剰余金,jpfr-t-cte_ProvisionOfLegalRetainedEarningsRE,0,0,0
/社員資本等変動計算書/社員資本/利益剰余金/利益剰余金合計/当期変動額/利益準備金の取崩,利益準備金の取崩、利益剰余金,jpfr-t-cte_ReversalOfLegalRetainedEarningsRE,0,0,0
/社員資本等変動計算書/社員資本/利益剰余金/利益剰余金合計/当期変動額/配当平均積立金の積立,配当平均積立金の積立、利益剰余金,jpfr-t-cte_ProvisionOfReserveForDividendEqualizationRE,0,0,0
/社員資本等変動計算書/社員資本/利益剰余金/利益剰余金合計/当期変動額/配当平均積立金の取崩,配当平均積立金の取崩、利益剰余金,jpfr-t-cte_ReversalOfReserveForDividendEqualizationRE,0,0,0
/社員資本等変動計算書/社員資本/利益剰余金/利益剰余金合計/当期変動額/固定資産圧縮積立金の積立,固定資産圧縮積立金の積立、利益剰余金,jpfr-t-cte_ProvisionOfReserveForAdvancedDepreciationOfNoncurrentAssetsRE,0,0,0
/社員資本等変動計算書/社員資本/利益剰余金/利益剰余金合計/当期変動額/固定資産圧縮積立金の取崩,固定資産圧縮積立金の取崩、利益剰余金,jpfr-t-cte_ReversalOfReserveForAdvancedDepreciationOfNoncurrentAssetsRE,0,0,0
/社員資本等変動計算書/社員資本/利益剰余金/利益剰余金合計/当期変動額/固定資産圧縮特別勘定積立金の積立,固定資産圧縮特別勘定積立金の積立、利益剰余金,jpfr-t-cte_ProvisionOfReserveForSpecialAccountForAdvancedDepreciationOfNoncurrentAssetsRE,0,0,0
/社員資本等変動計算書/社員資本/利益剰余金/利益剰余金合計/当期変動額/固定資産圧縮特別勘定積立金の取崩,固定資産圧縮特別勘定積立金の取崩、利益剰余金,jpfr-t-cte_ReversalOfReserveForSpecialAccountForAdvancedDepreciationOfNoncurrentAssetsRE,0,0,0
/社員資本等変動計算書/社員資本/利益剰余金/利益剰余金合計/当期変動額/特別償却準備金の積立,特別償却準備金の積立、利益剰余金,jpfr-t-cte_ProvisionOfReserveForSpecialDepreciationRE,0,0,0
/社員資本等変動計算書/社員資本/利益剰余金/利益剰余金合計/当期変動額/特別償却準備金の取崩,特別償却準備金の取崩、利益剰余金,jpfr-t-cte_ReversalOfReserveForSpecialDepreciationRE,0,0,0
/社員資本等変動計算書/社員資本/利益剰余金/利益剰余金合計/当期変動額/プログラム等準備金の取崩,プログラム等準備金の取崩、利益剰余金,jpfr-t-cte_ReversalOfReserveForSoftwareProgramsRE,0,0,0
/社員資本等変動計算書/社員資本/利益剰余金/利益剰余金合計/当期変動額/海外投資等損失準備金の積立,海外投資等損失準備金の積立、利益剰余金,jpfr-t-cte_ProvisionOfReserveForOverseasInvestmentLossRE,0,0,0
/社員資本等変動計算書/社員資本/利益剰余金/利益剰余金合計/当期変動額/海外投資等損失準備金の取崩,海外投資等損失準備金の取崩、利益剰余金,jpfr-t-cte_ReversalOfReserveForOverseasInvestmentLossRE,0,0,0
/社員資本等変動計算書/社員資本/利益剰余金/利益剰余金合計/当期変動額/研究開発積立金の積立,研究開発積立金の積立、利益剰余金,jpfr-t-cte_ProvisionOfReserveForResearchAndDevelopmentRE,0,0,0
/社員資本等変動計算書/社員資本/利益剰余金/利益剰余金合計/当期変動額/研究開発積立金の取崩,研究開発積立金の取崩、利益剰余金,jpfr-t-cte_ReversalOfReserveForResearchAndDevelopmentRE,0,0,0
/社員資本等変動計算書/社員資本/利益剰余金/利益剰余金合計/当期変動額/配当積立金の積立,配当積立金の積立、利益剰余金,jpfr-t-cte_ProvisionOfReserveForDividends1RE,0,0,0
/社員資本等変動計算書/社員資本/利益剰余金/利益剰余金合計/当期変動額/配当積立金の取崩,配当積立金の取崩、利益剰余金,jpfr-t-cte_ReversalOfReserveForDividends1RE,0,0,0
/社員資本等変動計算書/社員資本/利益剰余金/利益剰余金合計/当期変動額/配当準備金の積立,配当準備金の積立、利益剰余金,jpfr-t-cte_ProvisionOfReserveForDividends2RE,0,0,0
/社員資本等変動計算書/社員資本/利益剰余金/利益剰余金合計/当期変動額/配当準備金の取崩,配当準備金の取崩、利益剰余金,jpfr-t-cte_ReversalOfReserveForDividends2RE,0,0,0
/社員資本等変動計算書/社員資本/利益剰余金/利益剰余金合計/当期変動額/配当準備積立金の積立,配当準備積立金の積立、利益剰余金,jpfr-t-cte_ProvisionOfReserveForDividends3RE,0,0,0
/社員資本等変動計算書/社員資本/利益剰余金/利益剰余金合計/当期変動額/配当準備積立金の取崩,配当準備積立金の取崩、利益剰余金,jpfr-t-cte_ReversalOfReserveForDividends3RE,0,0,0
/社員資本等変動計算書/社員資本/利益剰余金/利益剰余金合計/当期変動額/配当引当積立金の積立,配当引当積立金の積立、利益剰余金,jpfr-t-cte_ProvisionOfReserveForDividends4RE,0,0,0
/社員資本等変動計算書/社員資本/利益剰余金/利益剰余金合計/当期変動額/配当引当積立金の取崩,配当引当積立金の取崩、利益剰余金,jpfr-t-cte_ReversalOfReserveForDividends4RE,0,0,0
/社員資本等変動計算書/社員資本/利益剰余金/利益剰余金合計/当期変動額/退職給与積立金の積立,退職給与積立金の積立、利益剰余金,jpfr-t-cte_ProvisionOfReserveForRetirementAllowance1RE,0,0,0
/社員資本等変動計算書/社員資本/利益剰余金/利益剰余金合計/当期変動額/退職給与積立金の取崩,退職給与積立金の取崩、利益剰余金,jpfr-t-cte_ReversalOfReserveForRetirementAllowance1RE,0,0,0
/社員資本等変動計算書/社員資本/利益剰余金/利益剰余金合計/当期変動額/退職積立金の積立,退職積立金の積立、利益剰余金,jpfr-t-cte_ProvisionOfReserveForRetirementAllowance2RE,0,0,0
/社員資本等変動計算書/社員資本/利益剰余金/利益剰余金合計/当期変動額/退職積立金の取崩,退職積立金の取崩、利益剰余金,jpfr-t-cte_ReversalOfReserveForRetirementAllowance2RE,0,0,0
/社員資本等変動計算書/社員資本/利益剰余金/利益剰余金合計/当期変動額/退職手当積立金の積立,退職手当積立金の積立、利益剰余金,jpfr-t-cte_ProvisionOfReserveForRetirementAllowance3RE,0,0,0
/社員資本等変動計算書/社員資本/利益剰余金/利益剰余金合計/当期変動額/退職手当積立金の取崩,退職手当積立金の取崩、利益剰余金,jpfr-t-cte_ReversalOfReserveForRetirementAllowance3RE,0,0,0
/社員資本等変動計算書/社員資本/利益剰余金/利益剰余金合計/当期変動額/退職慰労積立金の積立,退職慰労積立金の積立、利益剰余金,jpfr-t-cte_ProvisionOfReserveForRetirementAllowance4RE,0,0,0
/社員資本等変動計算書/社員資本/利益剰余金/利益剰余金合計/当期変動額/退職慰労積立金の取崩,退職慰労積立金の取崩、利益剰余金,jpfr-t-cte_ReversalOfReserveForRetirementAllowance4RE,0,0,0
/社員資本等変動計算書/社員資本/利益剰余金/利益剰余金合計/当期変動額/役員退職積立金の積立,役員退職積立金の積立、利益剰余金,jpfr-t-cte_ProvisionOfReserveForDirectorsRetirementAllowanceRE,0,0,0
/社員資本等変動計算書/社員資本/利益剰余金/利益剰余金合計/当期変動額/役員退職積立金の取崩,役員退職積立金の取崩、利益剰余金,jpfr-t-cte_ReversalOfReserveForDirectorsRetirementAllowanceRE,0,0,0
/社員資本等変動計算書/社員資本/利益剰余金/利益剰余金合計/当期変動額/圧縮記帳積立金の積立,圧縮記帳積立金の積立、利益剰余金,jpfr-t-cte_ProvisionOfReserveForReductionEntry1RE,0,0,0
/社員資本等変動計算書/社員資本/利益剰余金/利益剰余金合計/当期変動額/圧縮記帳積立金の取崩,圧縮記帳積立金の取崩、利益剰余金,jpfr-t-cte_ReversalOfReserveForReductionEntry1RE,0,0,0
/社員資本等変動計算書/社員資本/利益剰余金/利益剰余金合計/当期変動額/圧縮積立金の積立,圧縮積立金の積立、利益剰余金,jpfr-t-cte_ProvisionOfReserveForReductionEntry2RE,0,0,0
/社員資本等変動計算書/社員資本/利益剰余金/利益剰余金合計/当期変動額/圧縮積立金の取崩,圧縮積立金の取崩、利益剰余金,jpfr-t-cte_ReversalOfReserveForReductionEntry2RE,0,0,0
/社員資本等変動計算書/社員資本/利益剰余金/利益剰余金合計/当期変動額/土地圧縮積立金の積立,土地圧縮積立金の積立、利益剰余金,jpfr-t-cte_ProvisionOfReserveForReductionEntryOfLandRE,0,0,0
/社員資本等変動計算書/社員資本/利益剰余金/利益剰余金合計/当期変動額/土地圧縮積立金の取崩,土地圧縮積立金の取崩、利益剰余金,jpfr-t-cte_ReversalOfReserveForReductionEntryOfLandRE,0,0,0
/社員資本等変動計算書/社員資本/利益剰余金/利益剰余金合計/当期変動額/建物圧縮積立金の積立,建物圧縮積立金の積立、利益剰余金,jpfr-t-cte_ProvisionOfReserveForReductionEntryOfBuildingsRE,0,0,0
/社員資本等変動計算書/社員資本/利益剰余金/利益剰余金合計/当期変動額/建物圧縮積立金の取崩,建物圧縮積立金の取崩、利益剰余金,jpfr-t-cte_ReversalOfReserveForReductionEntryOfBuildingsRE,0,0,0
/社員資本等変動計算書/社員資本/利益剰余金/利益剰余金合計/当期変動額/不動産圧縮積立金の積立,不動産圧縮積立金の積立、利益剰余金,jpfr-t-cte_ProvisionOfReserveForReductionEntryOfRealEstateRE,0,0,0
/社員資本等変動計算書/社員資本/利益剰余金/利益剰余金合計/当期変動額/不動産圧縮積立金の取崩,不動産圧縮積立金の取崩、利益剰余金,jpfr-t-cte_ReversalOfReserveForReductionEntryOfRealEstateRE,0,0,0
/社員資本等変動計算書/社員資本/利益剰余金/利益剰余金合計/当期変動額/資産圧縮積立金の積立,資産圧縮積立金の積立、利益剰余金,jpfr-t-cte_ProvisionOfReserveForReductionEntryOfAssetsRE,0,0,0
/社員資本等変動計算書/社員資本/利益剰余金/利益剰余金合計/当期変動額/資産圧縮積立金の取崩,資産圧縮積立金の取崩、利益剰余金,jpfr-t-cte_ReversalOfReserveForReductionEntryOfAssetsRE,0,0,0
/社員資本等変動計算書/社員資本/利益剰余金/利益剰余金合計/当期変動額/償却資産圧縮積立金の積立,償却資産圧縮積立金の積立、利益剰余金,jpfr-t-cte_ProvisionOfReserveForReductionEntryOfDepreciableAssetsRE,0,0,0
/社員資本等変動計算書/社員資本/利益剰余金/利益剰余金合計/当期変動額/償却資産圧縮積立金の取崩,償却資産圧縮積立金の取崩、利益剰余金,jpfr-t-cte_ReversalOfReserveForReductionEntryOfDepreciableAssetsRE,0,0,0
/社員資本等変動計算書/社員資本/利益剰余金/利益剰余金合計/当期変動額/買換資産圧縮積立金の積立,買換資産圧縮積立金の積立、利益剰余金,jpfr-t-cte_ProvisionOfReserveForReductionEntryOfReplacedPropertyRE,0,0,0
/社員資本等変動計算書/社員資本/利益剰余金/利益剰余金合計/当期変動額/買換資産圧縮積立金の取崩,買換資産圧縮積立金の取崩、利益剰余金,jpfr-t-cte_ReversalOfReserveForReductionEntryOfReplacedPropertyRE,0,0,0
/社員資本等変動計算書/社員資本/利益剰余金/利益剰余金合計/当期変動額/買換資産積立金の積立,買換資産積立金の積立、利益剰余金,jpfr-t-cte_ProvisionOfReserveForPropertyReplacementRE,0,0,0
/社員資本等変動計算書/社員資本/利益剰余金/利益剰余金合計/当期変動額/買換資産積立金の取崩,買換資産積立金の取崩、利益剰余金,jpfr-t-cte_ReversalOfReserveForPropertyReplacementRE,0,0,0
/社員資本等変動計算書/社員資本/利益剰余金/利益剰余金合計/当期変動額/特別償却積立金の積立,特別償却積立金の積立、利益剰余金,jpfr-t-cte_ProvisionOfReserveForSpecialDepreciationGeneralRE,0,0,0
/社員資本等変動計算書/社員資本/利益剰余金/利益剰余金合計/当期変動額/特別償却積立金の取崩,特別償却積立金の取崩、利益剰余金,jpfr-t-cte_ReversalOfReserveForSpecialDepreciationGeneralRE,0,0,0
/社員資本等変動計算書/社員資本/利益剰余金/利益剰余金合計/当期変動額/特別積立金の積立,特別積立金の積立、利益剰余金,jpfr-t-cte_ProvisionOfSpecialReserveRE,0,0,0
/社員資本等変動計算書/社員資本/利益剰余金/利益剰余金合計/当期変動額/特別積立金の取崩,特別積立金の取崩、利益剰余金,jpfr-t-cte_ReversalOfSpecialReserveRE,0,0,0
/社員資本等変動計算書/社員資本/利益剰余金/利益剰余金合計/当期変動額/任意積立金の積立,任意積立金の積立、利益剰余金,jpfr-t-cte_ProvisionOfVoluntaryRetainedEarningsRE,0,0,0
/社員資本等変動計算書/社員資本/利益剰余金/利益剰余金合計/当期変動額/任意積立金の取崩,任意積立金の取崩、利益剰余金,jpfr-t-cte_ReversalOfVoluntaryRetainedEarningsRE,0,0,0
/社員資本等変動計算書/社員資本/利益剰余金/利益剰余金合計/当期変動額/別途積立金の積立,別途積立金の積立、利益剰余金,jpfr-t-cte_ProvisionOfGeneralReserveRE,0,0,0
/社員資本等変動計算書/社員資本/利益剰余金/利益剰余金合計/当期変動額/別途積立金の取崩,別途積立金の取崩、利益剰余金,jpfr-t-cte_ReversalOfGeneralReserveRE,0,0,0
/社員資本等変動計算書/社員資本/利益剰余金/利益剰余金合計/当期変動額/土地再評価差額金の取崩,土地再評価差額金の取崩、利益剰余金,jpfr-t-cte_ReversalOfRevaluationReserveForLandRE,0,0,0
/社員資本等変動計算書/社員資本/利益剰余金/利益剰余金合計/当期変動額/欠損填補,欠損填補、利益剰余金,jpfr-t-cte_DeficitDispositionRE,0,0,0
/社員資本等変動計算書/社員資本/利益剰余金/利益剰余金合計/当期変動額/その他,その他、利益剰余金,jpfr-t-cte_OtherRE,0,0,0
/社員資本等変動計算書/社員資本/利益剰余金/利益剰余金合計/当期変動額/利益剰余金から資本剰余金への振替,利益剰余金から資本剰余金への振替、利益剰余金,jpfr-t-cte_TransferToCapitalSurplusFromRetainedEarningsRE,0,0,0
/社員資本等変動計算書/社員資本/利益剰余金/利益剰余金合計/当期変動額/減資,減資、利益剰余金,jpfr-t-cte_CapitalReductionRE,0,0,0
/社員資本等変動計算書/社員資本/利益剰余金/利益剰余金合計/当期変動額/当期変動額合計,当期変動額合計、利益剰余金,jpfr-t-cte_TotalChangesOfItemsDuringThePeriodRE,0,0,0
/社員資本等変動計算書/社員資本/利益剰余金/利益剰余金合計/当期末残高,当期末残高、利益剰余金,jpfr-t-cte_RetainedEarnings,0,0,0
/社員資本等変動計算書/社員資本/社員資本合計,社員資本合計,jpfr-t-cte_TotalShareholdersEquitySSAbstract,0,0,0
/社員資本等変動計算書/社員資本/社員資本合計/当期首残高,当期首残高、社員資本,jpfr-t-cte_ShareholdersEquity,0,0,0
/社員資本等変動計算書/社員資本/社員資本合計/会計方針の変更による累積的影響額,会計方針の変更による累積的影響額、株主資本,jpfr-t-cte_CumulativeEffectOfChangesInAccountingPoliciesSE,0,0,0
/社員資本等変動計算書/社員資本/社員資本合計/遡及処理後当期首残高,遡及処理後当期首残高、株主資本,jpfr-t-cte_ShareholdersEquityAsRestated,0,0,0
/社員資本等変動計算書/社員資本/社員資本合計/在外子会社の会計処理の変更に伴う増減,在外子会社の会計処理の変更に伴う増減、株主資本,jpfr-t-cte_EffectOfChangesInAccountingPoliciesAppliedToForeignSubsidiariesSE,0,0,0
/社員資本等変動計算書/社員資本/社員資本合計/当期変動額,当期変動額、株主資本、タイトル項目,jpfr-t-cte_ChangesOfItemsDuringThePeriodSEAbstract,0,0,0
/社員資本等変動計算書/社員資本/社員資本合計/当期変動額/新株の発行,新株の発行、株主資本,jpfr-t-cte_IssuanceOfNewSharesSE,0,0,0
/社員資本等変動計算書/社員資本/社員資本合計/当期変動額/剰余金（その他資本剰余金）の配当,剰余金（その他資本剰余金）の配当、株主資本,jpfr-t-cte_DividendsFromSurplusOtherCapitalSurplusSE,0,0,0
/社員資本等変動計算書/社員資本/社員資本合計/当期変動額/剰余金の配当,剰余金の配当、株主資本,jpfr-t-cte_DividendsFromSurplusSE,0,0,0
/社員資本等変動計算書/社員資本/社員資本合計/当期変動額/当期純利益,当期純利益、株主資本,jpfr-t-cte_NetIncomeSE,0,0,0
/社員資本等変動計算書/社員資本/社員資本合計/当期変動額/自己株式の処分,自己株式の処分、株主資本,jpfr-t-cte_DisposalOfTreasuryStockSE,0,0,0
/社員資本等変動計算書/社員資本/社員資本合計/当期変動額/持分法適用会社に対する持分変動に伴う自己株式の増減,持分法適用会社に対する持分変動に伴う自己株式の増減、株主資本,jpfr-t-cte_ChangeInEquityInAffiliatesAccountedForByEquityMethodTreasuryStockSE,0,0,0
/社員資本等変動計算書/社員資本/社員資本合計/当期変動額/連結範囲の変動,連結範囲の変動、株主資本,jpfr-t-cte_ChangeOfScopeOfConsolidationSE,0,0,0
/社員資本等変動計算書/社員資本/社員資本合計/当期変動額/持分法の適用範囲の変動,持分法の適用範囲の変動、株主資本,jpfr-t-cte_ChangeOfScopeOfEquityMethodSE,0,0,0
/社員資本等変動計算書/社員資本/社員資本合計/当期変動額/合併による増加,合併による増加、株主資本,jpfr-t-cte_IncreaseByMergerSE,0,0,0
/社員資本等変動計算書/社員資本/社員資本合計/当期変動額/会社分割による増加,会社分割による増加、株主資本,jpfr-t-cte_IncreaseByCorporateDivisionSE,0,0,0
/社員資本等変動計算書/社員資本/社員資本合計/当期変動額/株式交換による増加,株式交換による増加、株主資本,jpfr-t-cte_IncreaseByShareExchangesSE,0,0,0
/社員資本等変動計算書/社員資本/社員資本合計/当期変動額/株式移転による増加,株式移転による増加、株主資本,jpfr-t-cte_IncreaseByShareTransfersSE,0,0,0
/社員資本等変動計算書/社員資本/社員資本合計/当期変動額/分割型の会社分割による減少,分割型の会社分割による減少、株主資本,jpfr-t-cte_DecreaseByCorporateDivisionSplitOffTypeSE,0,0,0
/社員資本等変動計算書/社員資本/社員資本合計/当期変動額/資本金から準備金への振替,資本金から準備金への振替、株主資本,jpfr-t-cte_TransferToLegalCapitalSurplusFromCapitalStockSE,0,0,0
/社員資本等変動計算書/社員資本/社員資本合計/当期変動額/資本金から剰余金への振替,資本金から剰余金への振替、株主資本,jpfr-t-cte_TransferToOtherCapitalSurplusFromCapitalStockSE,0,0,0
/社員資本等変動計算書/社員資本/社員資本合計/当期変動額/準備金から資本金への振替,準備金から資本金への振替、株主資本,jpfr-t-cte_TransferToCapitalStockFromLegalCapitalSurplusSE,0,0,0
/社員資本等変動計算書/社員資本/社員資本合計/当期変動額/準備金から剰余金への振替,準備金から剰余金への振替、株主資本,jpfr-t-cte_TransferToOtherCapitalSurplusFromLegalCapitalSurplusSE,0,0,0
/社員資本等変動計算書/社員資本/社員資本合計/当期変動額/利益剰余金から資本剰余金への振替,利益剰余金から資本剰余金への振替、株主資本,jpfr-t-cte_TransferToCapitalSurplusFromRetainedEarningsSE,0,0,0
/社員資本等変動計算書/社員資本/社員資本合計/当期変動額/利益処分,利益処分、株主資本,jpfr-t-cte_ProfitAppropriationSE,0,0,0
/社員資本等変動計算書/社員資本/社員資本合計/当期変動額/役員賞与,役員賞与、株主資本,jpfr-etax-t-cte_DirectorsBonusesSE,0,0,0
/社員資本等変動計算書/社員資本/社員資本合計/当期変動額/利益準備金の積立,利益準備金の積立、株主資本,jpfr-t-cte_ProvisionOfLegalRetainedEarningsSE,0,0,0
/社員資本等変動計算書/社員資本/社員資本合計/当期変動額/利益準備金の取崩,利益準備金の取崩、株主資本,jpfr-t-cte_ReversalOfLegalRetainedEarningsSE,0,0,0
/社員資本等変動計算書/社員資本/社員資本合計/当期変動額/欠損填補,欠損填補、株主資本,jpfr-t-cte_DeficitDispositionSE,0,0,0
/社員資本等変動計算書/社員資本/社員資本合計/当期変動額/減資,減資、株主資本,jpfr-t-cte_CapitalReductionSE,0,0,0
/社員資本等変動計算書/社員資本/社員資本合計/当期変動額/資本準備金の取崩,資本準備金の取崩、株主資本,jpfr-t-cte_ReversalOfLegalCapitalSurplusSE,0,0,0
/社員資本等変動計算書/社員資本/社員資本合計/当期変動額/土地再評価差額金の取崩,土地再評価差額金の取崩、株主資本,jpfr-t-cte_ReversalOfRevaluationReserveForLandSE,0,0,0
/社員資本等変動計算書/社員資本/社員資本合計/当期変動額/その他,その他、株主資本,jpfr-t-cte_OtherSE,0,0,0
/社員資本等変動計算書/社員資本/社員資本合計/当期変動額/当期変動額合計,当期変動額合計、株主資本,jpfr-t-cte_TotalChangesOfItemsDuringThePeriodSE,0,0,0
/社員資本等変動計算書/社員資本/社員資本合計/当期末残高,当期末残高、社員資本,jpfr-t-cte_ShareholdersEquity,0,0,0
/社員資本等変動計算書/評価・換算差額等,評価・換算差額等,jpfr-t-cte_ValuationAndTranslationAdjustmentsSSAbstract,0,0,0
/社員資本等変動計算書/評価・換算差額等/その他有価証券評価差額金,その他有価証券評価差額金,jpfr-t-cte_ValuationDifferenceOnAvailableForSaleSecuritiesSSAbstract,0,0,0
/社員資本等変動計算書/評価・換算差額等/その他有価証券評価差額金/当期首残高,当期首残高、その他有価証券評価差額金,jpfr-t-cte_ValuationDifferenceOnAvailableForSaleSecurities,0,0,0
/社員資本等変動計算書/評価・換算差額等/その他有価証券評価差額金/当期変動額,当期変動額、その他有価証券評価差額金、タイトル項目,jpfr-t-cte_ChangesOfItemsDuringThePeriodAFSAbstract,0,0,0
/社員資本等変動計算書/評価・換算差額等/その他有価証券評価差額金/当期変動額/その他有価証券の売却による増減,その他有価証券の売却による増減、その他有価証券評価差額金,jpfr-t-cte_SalesOfAvailableForSaleSecuritiesAFS,0,0,0
/社員資本等変動計算書/評価・換算差額等/その他有価証券評価差額金/当期変動額/その他有価証券の減損処理による増減,その他有価証券の減損処理による増減、その他有価証券評価差額金,jpfr-t-cte_ImpairmentOfAvailableForSaleSecuritiesAFS,0,0,0
/社員資本等変動計算書/評価・換算差額等/その他有価証券評価差額金/当期変動額/純資産の部に直接計上されたその他有価証券評価差額金の増減,純資産の部に直接計上されたその他有価証券評価差額金の増減、その他有価証券評価差額金,jpfr-t-cte_InsertedDirectlyIntoNetAssetsAFS,0,0,0
/社員資本等変動計算書/評価・換算差額等/その他有価証券評価差額金/当期変動額/連結子会社の増資による持分の増減,連結子会社の増資による持分の増減、その他有価証券評価差額金,jpfr-t-cte_CapitalIncreaseOfConsolidatedSubsidiariesAFS,0,0,0
/社員資本等変動計算書/評価・換算差額等/その他有価証券評価差額金/当期変動額/社員資本以外の項目の当期変動額（純額）,社員資本以外の項目の当期変動額（純額）、その他有価証券評価差額金,jpfr-t-cte_NetChangesOfItemsOtherThanShareholdersEquityAFS,0,0,0
/社員資本等変動計算書/評価・換算差額等/その他有価証券評価差額金/当期変動額/当期変動額合計,当期変動額合計、その他有価証券評価差額金,jpfr-t-cte_TotalChangesOfItemsDuringThePeriodAFS,0,0,0
/社員資本等変動計算書/評価・換算差額等/その他有価証券評価差額金/当期末残高,当期末残高、その他有価証券評価差額金,jpfr-t-cte_ValuationDifferenceOnAvailableForSaleSecurities,0,0,0
/社員資本等変動計算書/評価・換算差額等/繰延ヘッジ損益,繰延ヘッジ損益,jpfr-t-cte_DeferredGainsOrLossesOnHedgesSSAbstract,0,0,0
/社員資本等変動計算書/評価・換算差額等/繰延ヘッジ損益/当期首残高,当期首残高、繰延ヘッジ損益,jpfr-t-cte_DeferredGainsOrLossesOnHedges,0,0,0
/社員資本等変動計算書/評価・換算差額等/繰延ヘッジ損益/当期変動額,当期変動額、繰延ヘッジ損益、タイトル項目,jpfr-t-cte_ChangesOfItemsDuringThePeriodDeferredGainOrLossOnHedgesAbstract,0,0,0
/社員資本等変動計算書/評価・換算差額等/繰延ヘッジ損益/当期変動額/ヘッジ対象の損益認識による増減,ヘッジ対象の損益認識による増減、繰延ヘッジ損益,jpfr-t-cte_RealizedGainOrLossOnHedgedObjectDeferredGainOrLossOnHedges,0,0,0
/社員資本等変動計算書/評価・換算差額等/繰延ヘッジ損益/当期変動額/ヘッジ会計の終了による増減,ヘッジ会計の終了による増減、繰延ヘッジ損益,jpfr-t-cte_ClosingOfHedgingDeferredGainOrLossOnHedges,0,0,0
/社員資本等変動計算書/評価・換算差額等/繰延ヘッジ損益/当期変動額/純資産の部に直接計上された繰延ヘッジ損益の増減,純資産の部に直接計上された繰延ヘッジ損益の増減、繰延ヘッジ損益,jpfr-t-cte_InsertedDirectlyIntoNetAssetsDeferredGainsOrLossesOnHedgesDeferredGainOrLossOnHedges,0,0,0
/社員資本等変動計算書/評価・換算差額等/繰延ヘッジ損益/当期変動額/社員資本以外の項目の当期変動額（純額）,社員資本以外の項目の当期変動額（純額）、繰延ヘッジ損益,jpfr-t-cte_NetChangesOfItemsOtherThanShareholdersEquityDeferredGainOrLossOnHedges,0,0,0
/社員資本等変動計算書/評価・換算差額等/繰延ヘッジ損益/当期変動額/当期変動額合計,当期変動額合計、繰延ヘッジ損益,jpfr-t-cte_TotalChangesOfItemsDuringThePeriodDeferredGainOrLossOnHedges,0,0,0
/社員資本等変動計算書/評価・換算差額等/繰延ヘッジ損益/当期末残高,当期末残高、繰延ヘッジ損益,jpfr-t-cte_DeferredGainsOrLossesOnHedges,0,0,0
/社員資本等変動計算書/評価・換算差額等/土地再評価差額金,土地再評価差額金,jpfr-t-cte_RevaluationReserveForLandSSAbstract,0,0,0
/社員資本等変動計算書/評価・換算差額等/土地再評価差額金/当期首残高,当期首残高、土地再評価差額金,jpfr-t-cte_RevaluationReserveForLand,0,0,0
/社員資本等変動計算書/評価・換算差額等/土地再評価差額金/当期変動額,当期変動額、土地再評価差額金、タイトル項目,jpfr-t-cte_ChangesOfItemsDuringThePeriodRevaluationReserveForLandAbstract,0,0,0
/社員資本等変動計算書/評価・換算差額等/土地再評価差額金/当期変動額/土地再評価差額金の取崩,土地再評価差額金の取崩、土地再評価差額金,jpfr-t-cte_ReversalOfRevaluationReserveForLandRevaluationReserveForLand,0,0,0
/社員資本等変動計算書/評価・換算差額等/土地再評価差額金/当期変動額/社員資本以外の項目の当期変動額（純額）,社員資本以外の項目の当期変動額（純額）、土地再評価差額金,jpfr-t-cte_NetChangesOfItemsOtherThanShareholdersEquityRevaluationReserveForLand,0,0,0
/社員資本等変動計算書/評価・換算差額等/土地再評価差額金/当期変動額/当期変動額合計,当期変動額合計、土地再評価差額金,jpfr-t-cte_TotalChangesOfItemsDuringThePeriodRevaluationReserveForLand,0,0,0
/社員資本等変動計算書/評価・換算差額等/土地再評価差額金/当期末残高,当期末残高、土地再評価差額金,jpfr-t-cte_RevaluationReserveForLand,0,0,0
/社員資本等変動計算書/評価・換算差額等/為替換算調整勘定,為替換算調整勘定、株主資本等変動計算書、タイトル項目,jpfr-t-cte_ForeignCurrencyTranslationAdjustmentSSAbstract,0,0,0
/社員資本等変動計算書/評価・換算差額等/為替換算調整勘定/為替換算調整勘定,為替換算調整勘定,jpfr-t-cte_ForeignCurrencyTranslationAdjustment,0,0,0
/社員資本等変動計算書/評価・換算差額等/為替換算調整勘定/当期変動額,当期変動額、為替換算調整勘定、タイトル項目,jpfr-t-cte_ChangesOfItemsDuringThePeriodFTAAbstract,0,0,0
/社員資本等変動計算書/評価・換算差額等/為替換算調整勘定/当期変動額/在外連結子会社等の株式の売却による増減,在外連結子会社等の株式の売却による増減、為替換算調整勘定,jpfr-t-cte_SalesOfStockOfForeignConsolidatedSubsidiariesFTA,0,0,0
/社員資本等変動計算書/評価・換算差額等/為替換算調整勘定/当期変動額/連結範囲の変動に伴う為替換算調整勘定の増減,連結範囲の変動に伴う為替換算調整勘定の増減、為替換算調整勘定,jpfr-t-cte_ChangeOfScopeOfConsolidationForeignCurrencyTranslationAdjustmentFTA,0,0,0
/社員資本等変動計算書/評価・換算差額等/為替換算調整勘定/当期変動額/純資産の部に直接計上された為替換算調整勘定の増減,純資産の部に直接計上された為替換算調整勘定の増減、為替換算調整勘定,jpfr-t-cte_InsertedDirectlyIntoNetAssetsForeignCurrencyTranslationAdjustmentFTA,0,0,0
/社員資本等変動計算書/評価・換算差額等/為替換算調整勘定/当期変動額/株主資本以外の項目の当期変動額（純額）,株主資本以外の項目の当期変動額（純額）、為替換算調整勘定,jpfr-t-cte_NetChangesOfItemsOtherThanShareholdersEquityFTA,0,0,0
/社員資本等変動計算書/評価・換算差額等/為替換算調整勘定/当期変動額/当期変動額合計,当期変動額合計、為替換算調整勘定,jpfr-t-cte_TotalChangesOfItemsDuringThePeriodFTA,0,0,0
/社員資本等変動計算書/評価・換算差額等/評価・換算差額等合計,評価・換算差額等合計,jpfr-t-cte_TotalValuationAndTranslationAdjustmentsSSAbstract,0,0,0
/社員資本等変動計算書/評価・換算差額等/評価・換算差額等合計/当期首残高,当期首残高、評価・換算差額等,jpfr-t-cte_ValuationAndTranslationAdjustments,0,0,0
/社員資本等変動計算書/評価・換算差額等/評価・換算差額等合計/在外子会社の会計処理の変更に伴う増減,在外子会社の会計処理の変更に伴う増減、評価・換算差額等,jpfr-t-cte_EffectOfChangesInAccountingPoliciesAppliedToForeignSubsidiariesVTA,0,0,0
/社員資本等変動計算書/評価・換算差額等/評価・換算差額等合計/当期変動額,当期変動額、評価・換算差額等、タイトル項目,jpfr-t-cte_ChangesOfItemsDuringThePeriodVTAAbstract,0,0,0
/社員資本等変動計算書/評価・換算差額等/評価・換算差額等合計/当期変動額/その他有価証券の売却による増減,その他有価証券の売却による増減、評価・換算差額等,jpfr-t-cte_SalesOfAvailableForSaleSecuritiesVTA,0,0,0
/社員資本等変動計算書/評価・換算差額等/評価・換算差額等合計/当期変動額/その他有価証券の減損処理による増減,その他有価証券の減損処理による増減、評価・換算差額等,jpfr-t-cte_ImpairmentOfAvailableForSaleSecuritiesVTA,0,0,0
/社員資本等変動計算書/評価・換算差額等/評価・換算差額等合計/当期変動額/純資産の部に直接計上されたその他有価証券評価差額金の増減,純資産の部に直接計上されたその他有価証券評価差額金の増減、評価・換算差額等,jpfr-t-cte_InsertedDirectlyIntoNetAssetsValuationDifferenceOnAvailableForSaleSecuritiesVTA,0,0,0
/社員資本等変動計算書/評価・換算差額等/評価・換算差額等合計/当期変動額/連結子会社の増資による持分の増減,連結子会社の増資による持分の増減、評価・換算差額等,jpfr-t-cte_CapitalIncreaseOfConsolidatedSubsidiariesVTA,0,0,0
/社員資本等変動計算書/評価・換算差額等/評価・換算差額等合計/当期変動額/ヘッジ対象の損益認識による増減,ヘッジ対象の損益認識による増減、評価・換算差額等,jpfr-t-cte_RealizedGainOrLossOnHedgedObjectVTA,0,0,0
/社員資本等変動計算書/評価・換算差額等/評価・換算差額等合計/当期変動額/ヘッジ会計の終了による増減,ヘッジ会計の終了による増減、評価・換算差額等,jpfr-t-cte_ClosingOfHedgingVTA,0,0,0
/社員資本等変動計算書/評価・換算差額等/評価・換算差額等合計/当期変動額/純資産の部に直接計上された繰延ヘッジ損益の増減,純資産の部に直接計上された繰延ヘッジ損益の増減、評価・換算差額等,jpfr-t-cte_InsertedDirectlyIntoNetAssetsDeferredGainsOrLossesOnHedgesVTA,0,0,0
/社員資本等変動計算書/評価・換算差額等/評価・換算差額等合計/当期変動額/在外連結子会社等の株式の売却による増減,在外連結子会社等の株式の売却による増減、評価・換算差額等,jpfr-t-cte_SalesOfStockOfForeignConsolidatedSubsidiariesVTA,0,0,0
/社員資本等変動計算書/評価・換算差額等/評価・換算差額等合計/当期変動額/連結範囲の変動に伴う為替換算調整勘定の増減,連結範囲の変動に伴う為替換算調整勘定の増減、評価・換算差額等,jpfr-t-cte_ChangeOfScopeOfConsolidationForeignCurrencyTranslationAdjustmentVTA,0,0,0
/社員資本等変動計算書/評価・換算差額等/評価・換算差額等合計/当期変動額/純資産の部に直接計上された為替換算調整勘定の増減,純資産の部に直接計上された為替換算調整勘定の増減、評価・換算差額等,jpfr-t-cte_InsertedDirectlyIntoNetAssetsForeignCurrencyTranslationAdjustmentVTA,0,0,0
/社員資本等変動計算書/評価・換算差額等/評価・換算差額等合計/当期変動額/土地再評価差額金の取崩,土地再評価差額金の取崩、評価・換算差額等,jpfr-t-cte_ReversalOfRevaluationReserveForLandVTA,0,0,0
/社員資本等変動計算書/評価・換算差額等/評価・換算差額等合計/当期変動額/社員資本以外の項目の当期変動額（純額）,社員資本以外の項目の当期変動額（純額）、評価・換算差額等,jpfr-t-cte_NetChangesOfItemsOtherThanShareholdersEquityVTA,0,0,0
/社員資本等変動計算書/評価・換算差額等/評価・換算差額等合計/当期変動額/当期変動額合計,当期変動額合計、評価・換算差額等,jpfr-t-cte_TotalChangesOfItemsDuringThePeriodVTA,0,0,0
/社員資本等変動計算書/評価・換算差額等/評価・換算差額等合計/当期末残高,当期末残高、評価・換算差額等,jpfr-t-cte_ValuationAndTranslationAdjustments,0,0,0
/社員資本等変動計算書/少数株主持分,少数株主持分、株主資本等変動計算書、タイトル項目,jpfr-t-cte_MinorityInterestsSSAbstract,0,0,0
/社員資本等変動計算書/少数株主持分/少数株主持分,少数株主持分,jpfr-t-cte_MinorityInterests,0,0,0
/社員資本等変動計算書/少数株主持分/在外子会社の会計処理の変更に伴う増減,在外子会社の会計処理の変更に伴う増減、少数株主持分,jpfr-t-cte_EffectOfChangesInAccountingPoliciesAppliedToForeignSubsidiariesMI,0,0,0
/社員資本等変動計算書/少数株主持分/当期変動額,当期変動額、少数株主持分、タイトル項目,jpfr-t-cte_ChangesOfItemsDuringThePeriodMIAbstract,0,0,0
/社員資本等変動計算書/少数株主持分/当期変動額/剰余金の配当,剰余金の配当、少数株主持分,jpfr-t-cte_DividendsFromSurplusMI,0,0,0
/社員資本等変動計算書/少数株主持分/当期変動額/その他有価証券の売却による増減,その他有価証券の売却による増減、少数株主持分,jpfr-t-cte_SalesOfAvailableForSaleSecuritiesMI,0,0,0
/社員資本等変動計算書/少数株主持分/当期変動額/純資産の部に直接計上されたその他有価証券評価差額金の増減,純資産の部に直接計上されたその他有価証券評価差額金の増減、少数株主持分,jpfr-t-cte_InsertedDirectlyIntoNetAssetsValuationDifferenceOnAvailableForSaleSecuritiesMI,0,0,0
/社員資本等変動計算書/少数株主持分/当期変動額/連結子会社の増資による持分の増減,連結子会社の増資による持分の増減、少数株主持分,jpfr-t-cte_CapitalIncreaseOfConsolidatedSubsidiariesMI,0,0,0
/社員資本等変動計算書/少数株主持分/当期変動額/連結子会社の増加による少数株主持分の増減,連結子会社の増加による少数株主持分の増減、少数株主持分,jpfr-t-cte_IncreaseOfConsolidatedSubsidiariesMI,0,0,0
/社員資本等変動計算書/少数株主持分/当期変動額/連結子会社の減少による少数株主持分の増減,連結子会社の減少による少数株主持分の増減、少数株主持分,jpfr-t-cte_DecreaseOfConsolidatedSubsidiariesMI,0,0,0
/社員資本等変動計算書/少数株主持分/当期変動額/連結子会社株式の取得による持分の増減,連結子会社株式の取得による持分の増減、少数株主持分,jpfr-t-cte_PurchaseOfSharesOfConsolidatedSubsidiariesMI,0,0,0
/社員資本等変動計算書/少数株主持分/当期変動額/連結子会社株式の売却による持分の増減,連結子会社株式の売却による持分の増減、少数株主持分,jpfr-t-cte_SalesOfSharesOfConsolidatedSubsidiariesMI,0,0,0
/社員資本等変動計算書/少数株主持分/当期変動額/少数株主利益,少数株主利益、少数株主持分,jpfr-t-cte_MinorityInterestsInIncomeMI,0,0,0
/社員資本等変動計算書/少数株主持分/当期変動額/株主資本以外の項目の当期変動額（純額）,株主資本以外の項目の当期変動額（純額）、少数株主持分,jpfr-t-cte_NetChangesOfItemsOtherThanShareholdersEquityMI,0,0,0
/社員資本等変動計算書/少数株主持分/当期変動額/当期変動額合計,当期変動額合計、少数株主持分,jpfr-t-cte_TotalChangesOfItemsDuringThePeriodMI,0,0,0
/社員資本等変動計算書/基金,基金,jpfr-etax-t-cte_FundMEDAbstract,0,0,0
/社員資本等変動計算書/基金/当期首残高,当期首残高、基金,jpfr-etax-t-cte_FundMED,0,0,0
/社員資本等変動計算書/基金/当期変動額,当期変動額、基金、タイトル項目,jpfr-etax-t-cte_ChangesOfItemsDuringThePeriodFMAbstract,0,0,0
/社員資本等変動計算書/基金/当期変動額/当期変動額合計,当期変動額合計、基金,jpfr-etax-t-cte_TotalChangesOfItemsDuringThePeriodFM,0,0,0
/社員資本等変動計算書/基金/当期末残高,当期末残高、基金,jpfr-etax-t-cte_FundMED,0,0,0
/社員資本等変動計算書/純資産合計,純資産合計,jpfr-t-cte_NetAssetsSSAbstract,0,0,0
/社員資本等変動計算書/純資産合計/当期首残高,当期首残高、純資産,jpfr-t-cte_NetAssets,0,0,0
/社員資本等変動計算書/純資産合計/会計方針の変更による累積的影響額,会計方針の変更による累積的影響額、純資産,jpfr-t-cte_CumulativeEffectOfChangesInAccountingPoliciesNA,0,0,0
/社員資本等変動計算書/純資産合計/遡及処理後当期首残高,遡及処理後当期首残高、純資産,jpfr-t-cte_NetAssetsAsRestated,0,0,0
/社員資本等変動計算書/純資産合計/在外子会社の会計処理の変更に伴う増減,在外子会社の会計処理の変更に伴う増減、純資産,jpfr-t-cte_EffectOfChangesInAccountingPoliciesAppliedToForeignSubsidiariesNA,0,0,0
/社員資本等変動計算書/純資産合計/当期変動額,当期変動額、純資産、タイトル項目,jpfr-t-cte_ChangesOfItemsDuringThePeriodNAAbstract,0,0,0
/社員資本等変動計算書/純資産合計/当期変動額/剰余金（その他資本剰余金）の配当,剰余金（その他資本剰余金）の配当、純資産,jpfr-t-cte_DividendsFromSurplusOtherCapitalSurplusNA,0,0,0
/社員資本等変動計算書/純資産合計/当期変動額/剰余金の配当,剰余金の配当、純資産,jpfr-t-cte_DividendsFromSurplusNA,0,0,0
/社員資本等変動計算書/純資産合計/当期変動額/当期純利益,当期純利益、純資産,jpfr-t-cte_NetIncomeNA,0,0,0
/社員資本等変動計算書/純資産合計/当期変動額/持分法適用会社に対する持分変動に伴う自己株式の増減,持分法適用会社に対する持分変動に伴う自己株式の増減、純資産,jpfr-t-cte_ChangeInEquityInAffiliatesAccountedForByEquityMethodTreasuryStockNA,0,0,0
/社員資本等変動計算書/純資産合計/当期変動額/連結範囲の変動,連結範囲の変動、純資産,jpfr-t-cte_ChangeOfScopeOfConsolidationNA,0,0,0
/社員資本等変動計算書/純資産合計/当期変動額/持分法の適用範囲の変動,持分法の適用範囲の変動、純資産,jpfr-t-cte_ChangeOfScopeOfEquityMethodNA,0,0,0
/社員資本等変動計算書/純資産合計/当期変動額/合併による増加,合併による増加、純資産,jpfr-t-cte_IncreaseByMergerNA,0,0,0
/社員資本等変動計算書/純資産合計/当期変動額/会社分割による増加,会社分割による増加、純資産,jpfr-t-cte_IncreaseByCorporateDivisionNA,0,0,0
/社員資本等変動計算書/純資産合計/当期変動額/株式交換による増加,株式交換による増加、純資産,jpfr-t-cte_IncreaseByShareExchangesNA,0,0,0
/社員資本等変動計算書/純資産合計/当期変動額/株式移転による増加,株式移転による増加、純資産,jpfr-t-cte_IncreaseByShareTransfersNA,0,0,0
/社員資本等変動計算書/純資産合計/当期変動額/分割型の会社分割による減少,分割型の会社分割による減少、純資産,jpfr-t-cte_DecreaseByCorporateDivisionSplitOffTypeNA,0,0,0
/社員資本等変動計算書/純資産合計/当期変動額/資本金から準備金への振替,資本金から準備金への振替、純資産,jpfr-t-cte_TransferToLegalCapitalSurplusFromCapitalStockNA,0,0,0
/社員資本等変動計算書/純資産合計/当期変動額/資本金から剰余金への振替,資本金から剰余金への振替、純資産,jpfr-t-cte_TransferToOtherCapitalSurplusFromCapitalStockNA,0,0,0
/社員資本等変動計算書/純資産合計/当期変動額/準備金から資本金への振替,準備金から資本金への振替、純資産,jpfr-t-cte_TransferToCapitalStockFromLegalCapitalSurplusNA,0,0,0
/社員資本等変動計算書/純資産合計/当期変動額/準備金から剰余金への振替,準備金から剰余金への振替、純資産,jpfr-t-cte_TransferToOtherCapitalSurplusFromLegalCapitalSurplusNA,0,0,0
/社員資本等変動計算書/純資産合計/当期変動額/利益剰余金から資本剰余金への振替,利益剰余金から資本剰余金への振替、純資産,jpfr-t-cte_TransferToCapitalSurplusFromRetainedEarningsNA,0,0,0
/社員資本等変動計算書/純資産合計/当期変動額/その他有価証券の売却による増減,その他有価証券の売却による増減、純資産,jpfr-t-cte_SalesOfAvailableForSaleSecuritiesNA,0,0,0
/社員資本等変動計算書/純資産合計/当期変動額/その他有価証券の減損処理による増減,その他有価証券の減損処理による増減、純資産,jpfr-t-cte_ImpairmentOfAvailableForSaleSecuritiesNA,0,0,0
/社員資本等変動計算書/純資産合計/当期変動額/純資産の部に直接計上されたその他有価証券評価差額金の増減,純資産の部に直接計上されたその他有価証券評価差額金の増減、純資産,jpfr-t-cte_InsertedDirectlyIntoNetAssetsValuationDifferenceOnAvailableForSaleSecuritiesNA,0,0,0
/社員資本等変動計算書/純資産合計/当期変動額/連結子会社の増資による持分の増減,連結子会社の増資による持分の増減、純資産,jpfr-t-cte_CapitalIncreaseOfConsolidatedSubsidiariesNA,0,0,0
/社員資本等変動計算書/純資産合計/当期変動額/ヘッジ対象の損益認識による増減,ヘッジ対象の損益認識による増減、純資産,jpfr-t-cte_RealizedGainOrLossOnHedgedObjectNA,0,0,0
/社員資本等変動計算書/純資産合計/当期変動額/ヘッジ会計の終了による増減,ヘッジ会計の終了による増減、純資産,jpfr-t-cte_ClosingOfHedgingNA,0,0,0
/社員資本等変動計算書/純資産合計/当期変動額/純資産の部に直接計上された繰延ヘッジ損益の増減,純資産の部に直接計上された繰延ヘッジ損益の増減、純資産,jpfr-t-cte_InsertedDirectlyIntoNetAssetsDeferredGainsOrLossesOnHedgesNA,0,0,0
/社員資本等変動計算書/純資産合計/当期変動額/在外連結子会社等の株式の売却による増減,在外連結子会社等の株式の売却による増減、純資産,jpfr-t-cte_SalesOfStockOfForeignConsolidatedSubsidiariesNA,0,0,0
/社員資本等変動計算書/純資産合計/当期変動額/連結範囲の変動に伴う為替換算調整勘定の増減,連結範囲の変動に伴う為替換算調整勘定の増減、純資産,jpfr-t-cte_ChangeOfScopeOfConsolidationForeignCurrencyTranslationAdjustmentNA,0,0,0
/社員資本等変動計算書/純資産合計/当期変動額/純資産の部に直接計上された為替換算調整勘定の増減,純資産の部に直接計上された為替換算調整勘定の増減、純資産,jpfr-t-cte_InsertedDirectlyIntoNetAssetsForeignCurrencyTranslationAdjustmentNA,0,0,0
/社員資本等変動計算書/純資産合計/当期変動額/連結子会社の増加による少数株主持分の増減,連結子会社の増加による少数株主持分の増減、純資産,jpfr-t-cte_IncreaseOfConsolidatedSubsidiariesMinorityInterestsNA,0,0,0
/社員資本等変動計算書/純資産合計/当期変動額/連結子会社の減少による少数株主持分の増減,連結子会社の減少による少数株主持分の増減、純資産,jpfr-t-cte_DecreaseOfConsolidatedSubsidiariesMinorityInterestsNA,0,0,0
/社員資本等変動計算書/純資産合計/当期変動額/連結子会社株式の取得による持分の増減,連結子会社株式の取得による持分の増減、純資産,jpfr-t-cte_PurchaseOfSharesOfConsolidatedSubsidiariesNA,0,0,0
/社員資本等変動計算書/純資産合計/当期変動額/連結子会社株式の売却による持分の増減,連結子会社株式の売却による持分の増減、純資産,jpfr-t-cte_SalesOfSharesOfConsolidatedSubsidiariesNA,0,0,0
/社員資本等変動計算書/純資産合計/当期変動額/少数株主利益,少数株主利益、純資産,jpfr-t-cte_MinorityInterestsInIncomeNA,0,0,0
/社員資本等変動計算書/純資産合計/当期変動額/社員資本以外の項目の当期変動額（純額）,社員資本以外の項目の当期変動額（純額）、純資産,jpfr-t-cte_NetChangesOfItemsOtherThanShareholdersEquityNA,0,0,0
/社員資本等変動計算書/純資産合計/当期変動額/利益処分,利益処分、純資産,jpfr-t-cte_ProfitAppropriationNA,0,0,0
/社員資本等変動計算書/純資産合計/当期変動額/役員賞与,役員賞与、純資産,jpfr-etax-t-cte_DirectorsBonusesNA,0,0,0
/社員資本等変動計算書/純資産合計/当期変動額/利益準備金の積立,利益準備金の積立、純資産,jpfr-t-cte_ProvisionOfLegalRetainedEarningsNA,0,0,0
/社員資本等変動計算書/純資産合計/当期変動額/利益準備金の取崩,利益準備金の取崩、純資産,jpfr-t-cte_ReversalOfLegalRetainedEarningsNA,0,0,0
/社員資本等変動計算書/純資産合計/当期変動額/欠損填補,欠損填補、純資産,jpfr-t-cte_DeficitDispositionNA,0,0,0
/社員資本等変動計算書/純資産合計/当期変動額/減資,減資、純資産,jpfr-t-cte_CapitalReductionNA,0,0,0
/社員資本等変動計算書/純資産合計/当期変動額/資本準備金の取崩,資本準備金の取崩、純資産,jpfr-t-cte_ReversalOfLegalCapitalSurplusNA,0,0,0
/社員資本等変動計算書/純資産合計/当期変動額/土地再評価差額金の取崩,土地再評価差額金の取崩、純資産,jpfr-t-cte_ReversalOfRevaluationReserveForLandNA,0,0,0
/社員資本等変動計算書/純資産合計/当期変動額/その他,その他、純資産,jpfr-t-cte_OtherNA,0,0,0
/社員資本等変動計算書/純資産合計/当期変動額/当期変動額合計,当期変動額合計、純資産,jpfr-t-cte_TotalChangesOfItemsDuringThePeriodNA,0,0,0
/社員資本等変動計算書/純資産合計/当期末残高,当期末残高、純資産,jpfr-t-cte_NetAssets,0,0,0
